Country,Category,Price (USD),Relative Cost (%) to Sweden
Afghanistan,"Meal, Inexpensive Restaurant",2.25,-87.5
Afghanistan,"Meal for 2 People, Mid-range Restaurant, Three-course",9.5,-87.5
Afghanistan,McMeal at McDonalds (or Equivalent Combo Meal),3.75,-87.5
Afghanistan,Domestic Non-Alcoholic Beer (0.5 liter draught),3.0,-87.5
Afghanistan,Imported Non-Alcoholic Beer (0.33 liter bottle),7.5,-87.5
Afghanistan,Cappuccino (regular),1.12,-87.5
Afghanistan,Coke/Pepsi (0.33 liter bottle),0.43,-87.5
Afghanistan,Water (0.33 liter bottle),0.19,-87.5
Afghanistan,"Milk (regular), (1 liter)",0.78,-87.5
Afghanistan,Loaf of Fresh White Bread (500g),0.26,-87.5
Afghanistan,"Rice (white), (1kg)",1.78,-87.5
Afghanistan,Eggs (regular) (12),1.64,-87.5
Afghanistan,Local Cheese (1kg),3.94,-87.5
Afghanistan,Chicken Fillets (1kg),3.53,-87.5
Afghanistan,Beef Round (1kg) (or Equivalent Back Leg Red Meat),6.22,-87.5
Afghanistan,Apples (1kg),0.65,-87.5
Afghanistan,Banana (1kg),0.89,-87.5
Afghanistan,Oranges (1kg),0.97,-87.5
Afghanistan,Tomato (1kg),0.59,-87.5
Afghanistan,Potato (1kg),0.4,-87.5
Afghanistan,Onion (1kg),0.36,-87.5
Afghanistan,Lettuce (1 head),0.31,-87.5
Afghanistan,Water (1.5 liter bottle),0.34,-87.5
Afghanistan,Bottle of Non-Alcoholic Wine (Mid-Range),3.75,-87.5
Afghanistan,Domestic Non-Alcoholic Beer (0.5 liter bottle),0.79,-87.5
Afghanistan,Imported Non-Alcoholic Beer (0.33 liter bottle),1.65,-87.5
Afghanistan,Cigarettes 20 Pack (Marlboro),1.87,-87.5
Afghanistan,One-way Ticket (Local Transport),0.3,-87.5
Afghanistan,Monthly Pass (Regular Price),10.5,-87.5
Afghanistan,Taxi Start (Normal Tariff),0.75,-87.5
Afghanistan,Taxi 1km (Normal Tariff),0.97,-87.5
Afghanistan,Taxi 1hour Waiting (Normal Tariff),1.5,-87.5
Afghanistan,Gasoline (1 liter),1.11,-87.5
Afghanistan,Volkswagen Golf 1.4 90 KW Trendline (Or Equivalent New Car),8621.33,-87.5
Afghanistan,Toyota Corolla Sedan 1.6l 97kW Comfort (Or Equivalent New Car),41982.12,-87.5
Afghanistan,"Basic (Electricity, Heating, Cooling, Water, Garbage) for 85m2 Apartment",104.39,-87.5
Afghanistan,Mobile Phone Monthly Plan with Calls and 10GB+ Data,15.73,-87.5
Afghanistan,"Internet (60 Mbps or More, Unlimited Data, Cable/ADSL)",174.93,-87.5
Afghanistan,"Fitness Club, Monthly Fee for 1 Adult",10.0,-87.5
Afghanistan,Tennis Court Rent (1 Hour on Weekend),3.62,-87.5
Afghanistan,"Cinema, International Release, 1 Seat",2.84,-87.5
Afghanistan,"Preschool (or Kindergarten), Full Day, Private, Monthly for 1 Child",28.06,-87.5
Afghanistan,"International Primary School, Yearly for 1 Child",1399.4,-87.5
Afghanistan,1 Pair of Jeans (Levis 501 Or Similar),16.21,-87.5
Afghanistan,"1 Summer Dress in a Chain Store (Zara, H&M, ...)",20.49,-87.5
Afghanistan,1 Pair of Nike Running Shoes (Mid-Range),26.99,-87.5
Afghanistan,1 Pair of Men Leather Business Shoes,27.24,-87.5
Afghanistan,Apartment (1 bedroom) in City Centre,98.4,-87.5
Afghanistan,Apartment (1 bedroom) Outside of Centre,69.97,-87.5
Afghanistan,Apartment (3 bedrooms) in City Centre,224.9,-87.5
Afghanistan,Apartment (3 bedrooms) Outside of Centre,134.94,-87.5
Afghanistan,Price per Square Meter to Buy Apartment in City Centre,481.5,-87.5
Afghanistan,Price per Square Meter to Buy Apartment Outside of Centre,221.67,-87.5
Afghanistan,Average Monthly Net Salary (After Tax),213.97,-87.5
Afghanistan,"Mortgage Interest Rate in Percentages (%), Yearly, for 20 Years Fixed-Rate",17.31,-87.5
Aland Islands,"Meal, Inexpensive Restaurant",14.02,-29.4
Aland Islands,"Meal for 2 People, Mid-range Restaurant, Three-course",64.73,-29.4
Aland Islands,McMeal at McDonalds (or Equivalent Combo Meal),11.33,-29.4
Aland Islands,Domestic Beer (0.5 liter draught),7.55,-29.4
Aland Islands,Imported Beer (0.33 liter bottle),6.47,-29.4
Aland Islands,Cappuccino (regular),3.34,-29.4
Aland Islands,Coke/Pepsi (0.33 liter bottle),2.48,-29.4
Aland Islands,Water (0.33 liter bottle),1.83,-29.4
Aland Islands,"Milk (regular), (1 liter)",1.17,-29.4
Aland Islands,Loaf of Fresh White Bread (500g),2.43,-29.4
Aland Islands,"Rice (white), (1kg)",2.61,-29.4
Aland Islands,Eggs (regular) (12),3.07,-29.4
Aland Islands,Local Cheese (1kg),12.41,-29.4
Aland Islands,Chicken Fillets (1kg),9.98,-29.4
Aland Islands,Beef Round (1kg) (or Equivalent Back Leg Red Meat),14.83,-29.4
Aland Islands,Apples (1kg),2.71,-29.4
Aland Islands,Banana (1kg),2.1,-29.4
Aland Islands,Oranges (1kg),2.46,-29.4
Aland Islands,Tomato (1kg),3.24,-29.4
Aland Islands,Potato (1kg),1.35,-29.4
Aland Islands,Onion (1kg),1.27,-29.4
Aland Islands,Lettuce (1 head),2.18,-29.4
Aland Islands,Water (1.5 liter bottle),1.72,-29.4
Aland Islands,Bottle of Wine (Mid-Range),11.87,-29.4
Aland Islands,Domestic Beer (0.5 liter bottle),3.94,-29.4
Aland Islands,Imported Beer (0.33 liter bottle),2.95,-29.4
Aland Islands,Cigarettes 20 Pack (Marlboro),9.35,-29.4
Aland Islands,One-way Ticket (Local Transport),2.7,-29.4
Aland Islands,Monthly Pass (Regular Price),53.94,-29.4
Aland Islands,Taxi Start (Normal Tariff),7.55,-29.4
Aland Islands,Taxi 1km (Normal Tariff),1.08,-29.4
Aland Islands,Taxi 1hour Waiting (Normal Tariff),21.58,-29.4
Aland Islands,Gasoline (1 liter),2.14,-29.4
Aland Islands,Volkswagen Golf 1.4 90 KW Trendline (Or Equivalent New Car),25351.17,-29.4
Aland Islands,Toyota Corolla Sedan 1.6l 97kW Comfort (Or Equivalent New Car),24092.6,-29.4
Aland Islands,"Basic (Electricity, Heating, Cooling, Water, Garbage) for 85m2 Apartment",197.78,-29.4
Aland Islands,Mobile Phone Monthly Plan with Calls and 10GB+ Data,30.21,-29.4
Aland Islands,"Internet (60 Mbps or More, Unlimited Data, Cable/ADSL)",39.91,-29.4
Aland Islands,"Fitness Club, Monthly Fee for 1 Adult",40.75,-29.4
Aland Islands,Tennis Court Rent (1 Hour on Weekend),21.58,-29.4
Aland Islands,"Cinema, International Release, 1 Seat",15.1,-29.4
Aland Islands,"Preschool (or Kindergarten), Full Day, Private, Monthly for 1 Child",151.03,-29.4
Aland Islands,"International Primary School, Yearly for 1 Child",0.0,-29.4
Aland Islands,1 Pair of Jeans (Levis 501 Or Similar),75.51,-29.4
Aland Islands,"1 Summer Dress in a Chain Store (Zara, H&M, ...)",30.57,-29.4
Aland Islands,1 Pair of Nike Running Shoes (Mid-Range),89.9,-29.4
Aland Islands,1 Pair of Men Leather Business Shoes,86.3,-29.4
Aland Islands,Apartment (1 bedroom) in City Centre,620.29,-29.4
Aland Islands,Apartment (1 bedroom) Outside of Centre,493.54,-29.4
Aland Islands,Apartment (3 bedrooms) in City Centre,1078.77,-29.4
Aland Islands,Apartment (3 bedrooms) Outside of Centre,795.6,-29.4
Aland Islands,Price per Square Meter to Buy Apartment in City Centre,2804.81,-29.4
Aland Islands,Price per Square Meter to Buy Apartment Outside of Centre,2373.3,-29.4
Aland Islands,Average Monthly Net Salary (After Tax),2427.24,-29.4
Aland Islands,"Mortgage Interest Rate in Percentages (%), Yearly, for 20 Years Fixed-Rate",3.9,-29.4
Albania,"Meal, Inexpensive Restaurant",10.96,-43.4
Albania,"Meal for 2 People, Mid-range Restaurant, Three-course",43.83,-43.4
Albania,McMeal at McDonalds (or Equivalent Combo Meal),8.05,-43.4
Albania,Domestic Beer (0.5 liter draught),2.47,-43.4
Albania,Imported Beer (0.33 liter bottle),3.29,-43.4
Albania,Cappuccino (regular),1.82,-43.4
Albania,Coke/Pepsi (0.33 liter bottle),1.69,-43.4
Albania,Water (0.33 liter bottle),0.83,-43.4
Albania,"Milk (regular), (1 liter)",1.94,-43.4
Albania,Loaf of Fresh White Bread (500g),0.95,-43.4
Albania,"Rice (white), (1kg)",2.13,-43.4
Albania,Eggs (regular) (12),3.47,-43.4
Albania,Local Cheese (1kg),11.45,-43.4
Albania,Chicken Fillets (1kg),7.46,-43.4
Albania,Beef Round (1kg) (or Equivalent Back Leg Red Meat),14.04,-43.4
Albania,Apples (1kg),1.45,-43.4
Albania,Banana (1kg),2.44,-43.4
Albania,Oranges (1kg),1.61,-43.4
Albania,Tomato (1kg),1.67,-43.4
Albania,Potato (1kg),1.07,-43.4
Albania,Onion (1kg),1.15,-43.4
Albania,Lettuce (1 head),1.2,-43.4
Albania,Water (1.5 liter bottle),0.67,-43.4
Albania,Bottle of Wine (Mid-Range),10.87,-43.4
Albania,Domestic Beer (0.5 liter bottle),1.44,-43.4
Albania,Imported Beer (0.33 liter bottle),1.97,-43.4
Albania,Cigarettes 20 Pack (Marlboro),3.84,-43.4
Albania,One-way Ticket (Local Transport),0.44,-43.4
Albania,Monthly Pass (Regular Price),17.53,-43.4
Albania,Taxi Start (Normal Tariff),3.29,-43.4
Albania,Taxi 1km (Normal Tariff),3.29,-43.4
Albania,Taxi 1hour Waiting (Normal Tariff),14.25,-43.4
Albania,Gasoline (1 liter),2.09,-43.4
Albania,Volkswagen Golf 1.4 90 KW Trendline (Or Equivalent New Car),28491.06,-43.4
Albania,Toyota Corolla Sedan 1.6l 97kW Comfort (Or Equivalent New Car),29710.43,-43.4
Albania,"Basic (Electricity, Heating, Cooling, Water, Garbage) for 85m2 Apartment",94.48,-43.4
Albania,Mobile Phone Monthly Plan with Calls and 10GB+ Data,16.71,-43.4
Albania,"Internet (60 Mbps or More, Unlimited Data, Cable/ADSL)",18.27,-43.4
Albania,"Fitness Club, Monthly Fee for 1 Adult",44.52,-43.4
Albania,Tennis Court Rent (1 Hour on Weekend),25.38,-43.4
Albania,"Cinema, International Release, 1 Seat",8.77,-43.4
Albania,"Preschool (or Kindergarten), Full Day, Private, Monthly for 1 Child",232.98,-43.4
Albania,"International Primary School, Yearly for 1 Child",4277.23,-43.4
Albania,1 Pair of Jeans (Levis 501 Or Similar),61.22,-43.4
Albania,"1 Summer Dress in a Chain Store (Zara, H&M, ...)",46.7,-43.4
Albania,1 Pair of Nike Running Shoes (Mid-Range),99.39,-43.4
Albania,1 Pair of Men Leather Business Shoes,138.94,-43.4
Albania,Apartment (1 bedroom) in City Centre,487.29,-43.4
Albania,Apartment (1 bedroom) Outside of Centre,361.61,-43.4
Albania,Apartment (3 bedrooms) in City Centre,949.32,-43.4
Albania,Apartment (3 bedrooms) Outside of Centre,599.61,-43.4
Albania,Price per Square Meter to Buy Apartment in City Centre,2337.94,-43.4
Albania,Price per Square Meter to Buy Apartment Outside of Centre,1363.34,-43.4
Albania,Average Monthly Net Salary (After Tax),632.37,-43.4
Albania,"Mortgage Interest Rate in Percentages (%), Yearly, for 20 Years Fixed-Rate",5.75,-43.4
Alderney,"Meal, Inexpensive Restaurant",32.37,
Alderney,"Meal for 2 People, Mid-range Restaurant, Three-course",93.86,
Alderney,McMeal at McDonalds (or Equivalent Combo Meal),10.36,
Alderney,Domestic Beer (0.5 liter draught),4.84,
Alderney,Imported Beer (0.33 liter bottle),6.15,
Alderney,Cappuccino (regular),4.05,
Alderney,Coke/Pepsi (0.33 liter bottle),2.24,
Alderney,Water (0.33 liter bottle),1.29,
Alderney,"Milk (regular), (1 liter)",1.94,
Alderney,Loaf of Fresh White Bread (500g),2.59,
Alderney,"Rice (white), (1kg)",,
Alderney,Eggs (regular) (12),,
Alderney,Local Cheese (1kg),,
Alderney,Chicken Fillets (1kg),,
Alderney,Beef Round (1kg) (or Equivalent Back Leg Red Meat),,
Alderney,Apples (1kg),,
Alderney,Banana (1kg),,
Alderney,Oranges (1kg),,
Alderney,Tomato (1kg),,
Alderney,Potato (1kg),,
Alderney,Onion (1kg),,
Alderney,Lettuce (1 head),,
Alderney,Water (1.5 liter bottle),,
Alderney,Bottle of Wine (Mid-Range),,
Alderney,Domestic Beer (0.5 liter bottle),,
Alderney,Imported Beer (0.33 liter bottle),,
Alderney,Cigarettes 20 Pack (Marlboro),,
Alderney,One-way Ticket (Local Transport),,
Alderney,Monthly Pass (Regular Price),,
Alderney,Taxi Start (Normal Tariff),7.77,
Alderney,Taxi 1km (Normal Tariff),,
Alderney,Taxi 1hour Waiting (Normal Tariff),,
Alderney,Gasoline (1 liter),2.7,
Alderney,Volkswagen Golf 1.4 90 KW Trendline (Or Equivalent New Car),,
Alderney,Toyota Corolla Sedan 1.6l 97kW Comfort (Or Equivalent New Car),,
Alderney,"Basic (Electricity, Heating, Cooling, Water, Garbage) for 85m2 Apartment",193.66,
Alderney,Mobile Phone Monthly Plan with Calls and 10GB+ Data,,
Alderney,"Internet (60 Mbps or More, Unlimited Data, Cable/ADSL)",53.08,
Alderney,"Fitness Club, Monthly Fee for 1 Adult",12.95,
Alderney,Tennis Court Rent (1 Hour on Weekend),12.95,
Alderney,"Cinema, International Release, 1 Seat",12.95,
Alderney,"Preschool (or Kindergarten), Full Day, Private, Monthly for 1 Child",,
Alderney,"International Primary School, Yearly for 1 Child",,
Alderney,1 Pair of Jeans (Levis 501 Or Similar),,
Alderney,"1 Summer Dress in a Chain Store (Zara, H&M, ...)",,
Alderney,1 Pair of Nike Running Shoes (Mid-Range),,
Alderney,1 Pair of Men Leather Business Shoes,,
Alderney,Apartment (1 bedroom) in City Centre,,
Alderney,Apartment (1 bedroom) Outside of Centre,,
Alderney,Apartment (3 bedrooms) in City Centre,,
Alderney,Apartment (3 bedrooms) Outside of Centre,1035.72,
Alderney,Price per Square Meter to Buy Apartment in City Centre,,
Alderney,Price per Square Meter to Buy Apartment Outside of Centre,,
Alderney,Average Monthly Net Salary (After Tax),,
Alderney,"Mortgage Interest Rate in Percentages (%), Yearly, for 20 Years Fixed-Rate",,
Algeria,"Meal, Inexpensive Restaurant",2.54,-82.2
Algeria,"Meal for 2 People, Mid-range Restaurant, Three-course",21.94,-82.2
Algeria,McMeal at McDonalds (or Equivalent Combo Meal),3.89,-82.2
Algeria,Domestic Beer (0.5 liter draught),1.47,-82.2
Algeria,Imported Beer (0.33 liter bottle),2.15,-82.2
Algeria,Cappuccino (regular),0.75,-82.2
Algeria,Coke/Pepsi (0.33 liter bottle),0.54,-82.2
Algeria,Water (0.33 liter bottle),0.22,-82.2
Algeria,"Milk (regular), (1 liter)",0.9,-82.2
Algeria,Loaf of Fresh White Bread (500g),0.15,-82.2
Algeria,"Rice (white), (1kg)",1.53,-82.2
Algeria,Eggs (regular) (12),1.75,-82.2
Algeria,Local Cheese (1kg),7.85,-82.2
Algeria,Chicken Fillets (1kg),5.01,-82.2
Algeria,Beef Round (1kg) (or Equivalent Back Leg Red Meat),15.38,-82.2
Algeria,Apples (1kg),3.17,-82.2
Algeria,Banana (1kg),3.0,-82.2
Algeria,Oranges (1kg),1.74,-82.2
Algeria,Tomato (1kg),0.73,-82.2
Algeria,Potato (1kg),0.52,-82.2
Algeria,Onion (1kg),0.47,-82.2
Algeria,Lettuce (1 head),0.55,-82.2
Algeria,Water (1.5 liter bottle),0.3,-82.2
Algeria,Bottle of Wine (Mid-Range),7.42,-82.2
Algeria,Domestic Beer (0.5 liter bottle),1.6,-82.2
Algeria,Imported Beer (0.33 liter bottle),1.97,-82.2
Algeria,Cigarettes 20 Pack (Marlboro),2.59,-82.2
Algeria,One-way Ticket (Local Transport),0.22,-82.2
Algeria,Monthly Pass (Regular Price),10.93,-82.2
Algeria,Taxi Start (Normal Tariff),1.08,-82.2
Algeria,Taxi 1km (Normal Tariff),0.38,-82.2
Algeria,Taxi 1hour Waiting (Normal Tariff),5.07,-82.2
Algeria,Gasoline (1 liter),0.33,-82.2
Algeria,Volkswagen Golf 1.4 90 KW Trendline (Or Equivalent New Car),33157.82,-82.2
Algeria,Toyota Corolla Sedan 1.6l 97kW Comfort (Or Equivalent New Car),34165.91,-82.2
Algeria,"Basic (Electricity, Heating, Cooling, Water, Garbage) for 85m2 Apartment",38.53,-82.2
Algeria,Mobile Phone Monthly Plan with Calls and 10GB+ Data,10.32,-82.2
Algeria,"Internet (60 Mbps or More, Unlimited Data, Cable/ADSL)",20.87,-82.2
Algeria,"Fitness Club, Monthly Fee for 1 Adult",19.51,-82.2
Algeria,Tennis Court Rent (1 Hour on Weekend),7.59,-82.2
Algeria,"Cinema, International Release, 1 Seat",4.38,-82.2
Algeria,"Preschool (or Kindergarten), Full Day, Private, Monthly for 1 Child",75.18,-82.2
Algeria,"International Primary School, Yearly for 1 Child",2384.42,-82.2
Algeria,1 Pair of Jeans (Levis 501 Or Similar),35.91,-82.2
Algeria,"1 Summer Dress in a Chain Store (Zara, H&M, ...)",44.52,-82.2
Algeria,1 Pair of Nike Running Shoes (Mid-Range),67.8,-82.2
Algeria,1 Pair of Men Leather Business Shoes,71.34,-82.2
Algeria,Apartment (1 bedroom) in City Centre,172.61,-82.2
Algeria,Apartment (1 bedroom) Outside of Centre,106.94,-82.2
Algeria,Apartment (3 bedrooms) in City Centre,286.62,-82.2
Algeria,Apartment (3 bedrooms) Outside of Centre,188.85,-82.2
Algeria,Price per Square Meter to Buy Apartment in City Centre,1284.06,-82.2
Algeria,Price per Square Meter to Buy Apartment Outside of Centre,732.24,-82.2
Algeria,Average Monthly Net Salary (After Tax),230.57,-82.2
Algeria,"Mortgage Interest Rate in Percentages (%), Yearly, for 20 Years Fixed-Rate",9.09,-82.2
American Samoa,"Meal, Inexpensive Restaurant",25.0,
American Samoa,"Meal for 2 People, Mid-range Restaurant, Three-course",6.99,
American Samoa,McMeal at McDonalds (or Equivalent Combo Meal),,
American Samoa,Domestic Beer (0.5 liter draught),2.0,
American Samoa,Imported Beer (0.33 liter bottle),2.0,
American Samoa,Cappuccino (regular),1.0,
American Samoa,Coke/Pepsi (0.33 liter bottle),1.25,
American Samoa,Water (0.33 liter bottle),,
American Samoa,"Milk (regular), (1 liter)",2.55,
American Samoa,Loaf of Fresh White Bread (500g),2.89,
American Samoa,"Rice (white), (1kg)",4.3,
American Samoa,Eggs (regular) (12),4.5,
American Samoa,Local Cheese (1kg),10.2,
American Samoa,Chicken Fillets (1kg),,
American Samoa,Beef Round (1kg) (or Equivalent Back Leg Red Meat),11.35,
American Samoa,Apples (1kg),,
American Samoa,Banana (1kg),,
American Samoa,Oranges (1kg),,
American Samoa,Tomato (1kg),,
American Samoa,Potato (1kg),,
American Samoa,Onion (1kg),,
American Samoa,Lettuce (1 head),,
American Samoa,Water (1.5 liter bottle),,
American Samoa,Bottle of Wine (Mid-Range),15.0,
American Samoa,Domestic Beer (0.5 liter bottle),,
American Samoa,Imported Beer (0.33 liter bottle),2.95,
American Samoa,Cigarettes 20 Pack (Marlboro),11.5,
American Samoa,One-way Ticket (Local Transport),2.0,
American Samoa,Monthly Pass (Regular Price),,
American Samoa,Taxi Start (Normal Tariff),5.0,
American Samoa,Taxi 1km (Normal Tariff),,
American Samoa,Taxi 1hour Waiting (Normal Tariff),,
American Samoa,Gasoline (1 liter),1.32,
American Samoa,Volkswagen Golf 1.4 90 KW Trendline (Or Equivalent New Car),,
American Samoa,Toyota Corolla Sedan 1.6l 97kW Comfort (Or Equivalent New Car),,
American Samoa,"Basic (Electricity, Heating, Cooling, Water, Garbage) for 85m2 Apartment",,
American Samoa,Mobile Phone Monthly Plan with Calls and 10GB+ Data,30.0,
American Samoa,"Internet (60 Mbps or More, Unlimited Data, Cable/ADSL)",83.8,
American Samoa,"Fitness Club, Monthly Fee for 1 Adult",50.0,
American Samoa,Tennis Court Rent (1 Hour on Weekend),10.0,
American Samoa,"Cinema, International Release, 1 Seat",9.0,
American Samoa,"Preschool (or Kindergarten), Full Day, Private, Monthly for 1 Child",,
American Samoa,"International Primary School, Yearly for 1 Child",,
American Samoa,1 Pair of Jeans (Levis 501 Or Similar),,
American Samoa,"1 Summer Dress in a Chain Store (Zara, H&M, ...)",,
American Samoa,1 Pair of Nike Running Shoes (Mid-Range),,
American Samoa,1 Pair of Men Leather Business Shoes,,
American Samoa,Apartment (1 bedroom) in City Centre,150.0,
American Samoa,Apartment (1 bedroom) Outside of Centre,200.0,
American Samoa,Apartment (3 bedrooms) in City Centre,900.0,
American Samoa,Apartment (3 bedrooms) Outside of Centre,700.0,
American Samoa,Price per Square Meter to Buy Apartment in City Centre,,
American Samoa,Price per Square Meter to Buy Apartment Outside of Centre,,
American Samoa,Average Monthly Net Salary (After Tax),,
American Samoa,"Mortgage Interest Rate in Percentages (%), Yearly, for 20 Years Fixed-Rate",,
Andorra,"Meal, Inexpensive Restaurant",14.56,37.7
Andorra,"Meal for 2 People, Mid-range Restaurant, Three-course",45.31,37.7
Andorra,McMeal at McDonalds (or Equivalent Combo Meal),10.79,37.7
Andorra,Domestic Beer (0.5 liter draught),3.24,37.7
Andorra,Imported Beer (0.33 liter bottle),3.78,37.7
Andorra,Cappuccino (regular),2.65,37.7
Andorra,Coke/Pepsi (0.33 liter bottle),2.09,37.7
Andorra,Water (0.33 liter bottle),1.69,37.7
Andorra,"Milk (regular), (1 liter)",1.18,37.7
Andorra,Loaf of Fresh White Bread (500g),1.26,37.7
Andorra,"Rice (white), (1kg)",2.02,37.7
Andorra,Eggs (regular) (12),3.17,37.7
Andorra,Local Cheese (1kg),13.23,37.7
Andorra,Chicken Fillets (1kg),9.87,37.7
Andorra,Beef Round (1kg) (or Equivalent Back Leg Red Meat),13.11,37.7
Andorra,Apples (1kg),2.59,37.7
Andorra,Banana (1kg),2.41,37.7
Andorra,Oranges (1kg),1.89,37.7
Andorra,Tomato (1kg),3.41,37.7
Andorra,Potato (1kg),2.18,37.7
Andorra,Onion (1kg),1.95,37.7
Andorra,Lettuce (1 head),1.61,37.7
Andorra,Water (1.5 liter bottle),0.78,37.7
Andorra,Bottle of Wine (Mid-Range),6.01,37.7
Andorra,Domestic Beer (0.5 liter bottle),1.28,37.7
Andorra,Imported Beer (0.33 liter bottle),1.22,37.7
Andorra,Cigarettes 20 Pack (Marlboro),5.61,37.7
Andorra,One-way Ticket (Local Transport),2.02,37.7
Andorra,Monthly Pass (Regular Price),32.36,37.7
Andorra,Taxi Start (Normal Tariff),2.86,37.7
Andorra,Taxi 1km (Normal Tariff),3.24,37.7
Andorra,Taxi 1hour Waiting (Normal Tariff),5.39,37.7
Andorra,Gasoline (1 liter),1.64,37.7
Andorra,Volkswagen Golf 1.4 90 KW Trendline (Or Equivalent New Car),20496.69,37.7
Andorra,Toyota Corolla Sedan 1.6l 97kW Comfort (Or Equivalent New Car),32363.19,37.7
Andorra,"Basic (Electricity, Heating, Cooling, Water, Garbage) for 85m2 Apartment",119.74,37.7
Andorra,Mobile Phone Monthly Plan with Calls and 10GB+ Data,28.05,37.7
Andorra,"Internet (60 Mbps or More, Unlimited Data, Cable/ADSL)",46.87,37.7
Andorra,"Fitness Club, Monthly Fee for 1 Adult",56.25,37.7
Andorra,Tennis Court Rent (1 Hour on Weekend),17.26,37.7
Andorra,"Cinema, International Release, 1 Seat",9.71,37.7
Andorra,"Preschool (or Kindergarten), Full Day, Private, Monthly for 1 Child",609.51,37.7
Andorra,"International Primary School, Yearly for 1 Child",13549.39,37.7
Andorra,1 Pair of Jeans (Levis 501 Or Similar),104.28,37.7
Andorra,"1 Summer Dress in a Chain Store (Zara, H&M, ...)",41.8,37.7
Andorra,1 Pair of Nike Running Shoes (Mid-Range),118.67,37.7
Andorra,1 Pair of Men Leather Business Shoes,134.85,37.7
Andorra,Apartment (1 bedroom) in City Centre,1094.95,37.7
Andorra,Apartment (1 bedroom) Outside of Centre,884.59,37.7
Andorra,Apartment (3 bedrooms) in City Centre,2017.31,37.7
Andorra,Apartment (3 bedrooms) Outside of Centre,1833.91,37.7
Andorra,Price per Square Meter to Buy Apartment in City Centre,5016.29,37.7
Andorra,Price per Square Meter to Buy Apartment Outside of Centre,4189.24,37.7
Andorra,Average Monthly Net Salary (After Tax),2547.73,37.7
Andorra,"Mortgage Interest Rate in Percentages (%), Yearly, for 20 Years Fixed-Rate",3.0,37.7
Angola,"Meal, Inexpensive Restaurant",5.87,6.8
Angola,"Meal for 2 People, Mid-range Restaurant, Three-course",57.34,6.8
Angola,McMeal at McDonalds (or Equivalent Combo Meal),7.83,6.8
Angola,Domestic Beer (0.5 liter draught),1.55,6.8
Angola,Imported Beer (0.33 liter bottle),1.76,6.8
Angola,Cappuccino (regular),3.73,6.8
Angola,Coke/Pepsi (0.33 liter bottle),1.64,6.8
Angola,Water (0.33 liter bottle),1.04,6.8
Angola,"Milk (regular), (1 liter)",1.83,6.8
Angola,Loaf of Fresh White Bread (500g),1.37,6.8
Angola,"Rice (white), (1kg)",1.38,6.8
Angola,Eggs (regular) (12),2.34,6.8
Angola,Local Cheese (1kg),12.49,6.8
Angola,Chicken Fillets (1kg),5.53,6.8
Angola,Beef Round (1kg) (or Equivalent Back Leg Red Meat),11.19,6.8
Angola,Apples (1kg),2.43,6.8
Angola,Banana (1kg),1.16,6.8
Angola,Oranges (1kg),3.05,6.8
Angola,Tomato (1kg),2.33,6.8
Angola,Potato (1kg),1.93,6.8
Angola,Onion (1kg),1.68,6.8
Angola,Lettuce (1 head),1.72,6.8
Angola,Water (1.5 liter bottle),0.44,6.8
Angola,Bottle of Wine (Mid-Range),7.74,6.8
Angola,Domestic Beer (0.5 liter bottle),0.58,6.8
Angola,Imported Beer (0.33 liter bottle),1.15,6.8
Angola,Cigarettes 20 Pack (Marlboro),2.3,6.8
Angola,One-way Ticket (Local Transport),0.59,6.8
Angola,Monthly Pass (Regular Price),35.13,6.8
Angola,Taxi Start (Normal Tariff),1.2,6.8
Angola,Taxi 1km (Normal Tariff),1.2,6.8
Angola,Taxi 1hour Waiting (Normal Tariff),6.99,6.8
Angola,Gasoline (1 liter),0.37,6.8
Angola,Volkswagen Golf 1.4 90 KW Trendline (Or Equivalent New Car),19880.09,6.8
Angola,Toyota Corolla Sedan 1.6l 97kW Comfort (Or Equivalent New Car),28310.99,6.8
Angola,"Basic (Electricity, Heating, Cooling, Water, Garbage) for 85m2 Apartment",96.11,6.8
Angola,Mobile Phone Monthly Plan with Calls and 10GB+ Data,20.18,6.8
Angola,"Internet (60 Mbps or More, Unlimited Data, Cable/ADSL)",132.73,6.8
Angola,"Fitness Club, Monthly Fee for 1 Adult",42.7,6.8
Angola,Tennis Court Rent (1 Hour on Weekend),14.49,6.8
Angola,"Cinema, International Release, 1 Seat",4.49,6.8
Angola,"Preschool (or Kindergarten), Full Day, Private, Monthly for 1 Child",607.82,6.8
Angola,"International Primary School, Yearly for 1 Child",12494.15,6.8
Angola,1 Pair of Jeans (Levis 501 Or Similar),101.51,6.8
Angola,"1 Summer Dress in a Chain Store (Zara, H&M, ...)",96.83,6.8
Angola,1 Pair of Nike Running Shoes (Mid-Range),156.99,6.8
Angola,1 Pair of Men Leather Business Shoes,254.73,6.8
Angola,Apartment (1 bedroom) in City Centre,563.1,6.8
Angola,Apartment (1 bedroom) Outside of Centre,249.7,6.8
Angola,Apartment (3 bedrooms) in City Centre,2513.96,6.8
Angola,Apartment (3 bedrooms) Outside of Centre,1195.54,6.8
Angola,Price per Square Meter to Buy Apartment in City Centre,9641.81,6.8
Angola,Price per Square Meter to Buy Apartment Outside of Centre,3048.79,6.8
Angola,Average Monthly Net Salary (After Tax),3959.61,6.8
Angola,"Mortgage Interest Rate in Percentages (%), Yearly, for 20 Years Fixed-Rate",25.0,6.8
Anguilla,"Meal, Inexpensive Restaurant",22.5,
Anguilla,"Meal for 2 People, Mid-range Restaurant, Three-course",120.0,
Anguilla,McMeal at McDonalds (or Equivalent Combo Meal),15.0,
Anguilla,Domestic Beer (0.5 liter draught),4.0,
Anguilla,Imported Beer (0.33 liter bottle),5.0,
Anguilla,Cappuccino (regular),5.0,
Anguilla,Coke/Pepsi (0.33 liter bottle),3.5,
Anguilla,Water (0.33 liter bottle),4.0,
Anguilla,"Milk (regular), (1 liter)",1.74,
Anguilla,Loaf of Fresh White Bread (500g),3.5,
Anguilla,"Rice (white), (1kg)",2.22,
Anguilla,Eggs (regular) (12),2.22,
Anguilla,Local Cheese (1kg),22.05,
Anguilla,Chicken Fillets (1kg),16.26,
Anguilla,Beef Round (1kg) (or Equivalent Back Leg Red Meat),32.63,
Anguilla,Apples (1kg),,
Anguilla,Banana (1kg),2.04,
Anguilla,Oranges (1kg),2.45,
Anguilla,Tomato (1kg),4.89,
Anguilla,Potato (1kg),,
Anguilla,Onion (1kg),,
Anguilla,Lettuce (1 head),,
Anguilla,Water (1.5 liter bottle),1.11,
Anguilla,Bottle of Wine (Mid-Range),19.53,
Anguilla,Domestic Beer (0.5 liter bottle),1.85,
Anguilla,Imported Beer (0.33 liter bottle),1.85,
Anguilla,Cigarettes 20 Pack (Marlboro),,
Anguilla,One-way Ticket (Local Transport),,
Anguilla,Monthly Pass (Regular Price),,
Anguilla,Taxi Start (Normal Tariff),25.0,
Anguilla,Taxi 1km (Normal Tariff),,
Anguilla,Taxi 1hour Waiting (Normal Tariff),,
Anguilla,Gasoline (1 liter),1.72,
Anguilla,Volkswagen Golf 1.4 90 KW Trendline (Or Equivalent New Car),45000.0,
Anguilla,Toyota Corolla Sedan 1.6l 97kW Comfort (Or Equivalent New Car),17000.0,
Anguilla,"Basic (Electricity, Heating, Cooling, Water, Garbage) for 85m2 Apartment",225.0,
Anguilla,Mobile Phone Monthly Plan with Calls and 10GB+ Data,,
Anguilla,"Internet (60 Mbps or More, Unlimited Data, Cable/ADSL)",77.5,
Anguilla,"Fitness Club, Monthly Fee for 1 Adult",45.0,
Anguilla,Tennis Court Rent (1 Hour on Weekend),,
Anguilla,"Cinema, International Release, 1 Seat",,
Anguilla,"Preschool (or Kindergarten), Full Day, Private, Monthly for 1 Child",150.0,
Anguilla,"International Primary School, Yearly for 1 Child",5168.0,
Anguilla,1 Pair of Jeans (Levis 501 Or Similar),,
Anguilla,"1 Summer Dress in a Chain Store (Zara, H&M, ...)",,
Anguilla,1 Pair of Nike Running Shoes (Mid-Range),,
Anguilla,1 Pair of Men Leather Business Shoes,,
Anguilla,Apartment (1 bedroom) in City Centre,800.0,
Anguilla,Apartment (1 bedroom) Outside of Centre,800.0,
Anguilla,Apartment (3 bedrooms) in City Centre,2000.0,
Anguilla,Apartment (3 bedrooms) Outside of Centre,1750.0,
Anguilla,Price per Square Meter to Buy Apartment in City Centre,997.0,
Anguilla,Price per Square Meter to Buy Apartment Outside of Centre,525.0,
Anguilla,Average Monthly Net Salary (After Tax),2066.67,
Anguilla,"Mortgage Interest Rate in Percentages (%), Yearly, for 20 Years Fixed-Rate",3.78,
Antigua And Barbuda,"Meal, Inexpensive Restaurant",9.25,
Antigua And Barbuda,"Meal for 2 People, Mid-range Restaurant, Three-course",92.51,
Antigua And Barbuda,McMeal at McDonalds (or Equivalent Combo Meal),9.71,
Antigua And Barbuda,Domestic Beer (0.5 liter draught),3.7,
Antigua And Barbuda,Imported Beer (0.33 liter bottle),3.7,
Antigua And Barbuda,Cappuccino (regular),5.3,
Antigua And Barbuda,Coke/Pepsi (0.33 liter bottle),2.22,
Antigua And Barbuda,Water (0.33 liter bottle),1.2,
Antigua And Barbuda,"Milk (regular), (1 liter)",2.41,
Antigua And Barbuda,Loaf of Fresh White Bread (500g),2.84,
Antigua And Barbuda,"Rice (white), (1kg)",3.7,
Antigua And Barbuda,Eggs (regular) (12),5.25,
Antigua And Barbuda,Local Cheese (1kg),5.55,
Antigua And Barbuda,Chicken Fillets (1kg),7.22,
Antigua And Barbuda,Beef Round (1kg) (or Equivalent Back Leg Red Meat),16.65,
Antigua And Barbuda,Apples (1kg),5.55,
Antigua And Barbuda,Banana (1kg),2.96,
Antigua And Barbuda,Oranges (1kg),3.11,
Antigua And Barbuda,Tomato (1kg),3.59,
Antigua And Barbuda,Potato (1kg),6.85,
Antigua And Barbuda,Onion (1kg),2.45,
Antigua And Barbuda,Lettuce (1 head),3.33,
Antigua And Barbuda,Water (1.5 liter bottle),2.59,
Antigua And Barbuda,Bottle of Wine (Mid-Range),12.77,
Antigua And Barbuda,Domestic Beer (0.5 liter bottle),3.18,
Antigua And Barbuda,Imported Beer (0.33 liter bottle),3.08,
Antigua And Barbuda,Cigarettes 20 Pack (Marlboro),4.44,
Antigua And Barbuda,One-way Ticket (Local Transport),1.39,
Antigua And Barbuda,Monthly Pass (Regular Price),,
Antigua And Barbuda,Taxi Start (Normal Tariff),5.55,
Antigua And Barbuda,Taxi 1km (Normal Tariff),5.65,
Antigua And Barbuda,Taxi 1hour Waiting (Normal Tariff),19.98,
Antigua And Barbuda,Gasoline (1 liter),1.34,
Antigua And Barbuda,Volkswagen Golf 1.4 90 KW Trendline (Or Equivalent New Car),23681.34,
Antigua And Barbuda,Toyota Corolla Sedan 1.6l 97kW Comfort (Or Equivalent New Car),20721.17,
Antigua And Barbuda,"Basic (Electricity, Heating, Cooling, Water, Garbage) for 85m2 Apartment",289.85,
Antigua And Barbuda,Mobile Phone Monthly Plan with Calls and 10GB+ Data,39.59,
Antigua And Barbuda,"Internet (60 Mbps or More, Unlimited Data, Cable/ADSL)",72.65,
Antigua And Barbuda,"Fitness Club, Monthly Fee for 1 Adult",64.75,
Antigua And Barbuda,Tennis Court Rent (1 Hour on Weekend),46.25,
Antigua And Barbuda,"Cinema, International Release, 1 Seat",7.4,
Antigua And Barbuda,"Preschool (or Kindergarten), Full Day, Private, Monthly for 1 Child",185.01,
Antigua And Barbuda,"International Primary School, Yearly for 1 Child",5550.31,
Antigua And Barbuda,1 Pair of Jeans (Levis 501 Or Similar),92.51,
Antigua And Barbuda,"1 Summer Dress in a Chain Store (Zara, H&M, ...)",,
Antigua And Barbuda,1 Pair of Nike Running Shoes (Mid-Range),74.0,
Antigua And Barbuda,1 Pair of Men Leather Business Shoes,111.01,
Antigua And Barbuda,Apartment (1 bedroom) in City Centre,740.04,
Antigua And Barbuda,Apartment (1 bedroom) Outside of Centre,740.04,
Antigua And Barbuda,Apartment (3 bedrooms) in City Centre,1455.03,
Antigua And Barbuda,Apartment (3 bedrooms) Outside of Centre,1110.06,
Antigua And Barbuda,Price per Square Meter to Buy Apartment in City Centre,11598.28,
Antigua And Barbuda,Price per Square Meter to Buy Apartment Outside of Centre,,
Antigua And Barbuda,Average Monthly Net Salary (After Tax),1397.86,
Antigua And Barbuda,"Mortgage Interest Rate in Percentages (%), Yearly, for 20 Years Fixed-Rate",6.0,
Argentina,"Meal, Inexpensive Restaurant",9.65,-55.2
Argentina,"Meal for 2 People, Mid-range Restaurant, Three-course",35.0,-55.2
Argentina,McMeal at McDonalds (or Equivalent Combo Meal),7.0,-55.2
Argentina,Domestic Beer (0.5 liter draught),1.78,-55.2
Argentina,Imported Beer (0.33 liter bottle),2.6,-55.2
Argentina,Cappuccino (regular),2.32,-55.2
Argentina,Coke/Pepsi (0.33 liter bottle),1.33,-55.2
Argentina,Water (0.33 liter bottle),1.05,-55.2
Argentina,"Milk (regular), (1 liter)",1.2,-55.2
Argentina,Loaf of Fresh White Bread (500g),1.63,-55.2
Argentina,"Rice (white), (1kg)",1.66,-55.2
Argentina,Eggs (regular) (12),2.05,-55.2
Argentina,Local Cheese (1kg),8.26,-55.2
Argentina,Chicken Fillets (1kg),5.59,-55.2
Argentina,Beef Round (1kg) (or Equivalent Back Leg Red Meat),7.23,-55.2
Argentina,Apples (1kg),2.01,-55.2
Argentina,Banana (1kg),1.94,-55.2
Argentina,Oranges (1kg),1.36,-55.2
Argentina,Tomato (1kg),2.2,-55.2
Argentina,Potato (1kg),1.03,-55.2
Argentina,Onion (1kg),1.13,-55.2
Argentina,Lettuce (1 head),1.25,-55.2
Argentina,Water (1.5 liter bottle),1.36,-55.2
Argentina,Bottle of Wine (Mid-Range),4.0,-55.2
Argentina,Domestic Beer (0.5 liter bottle),1.44,-55.2
Argentina,Imported Beer (0.33 liter bottle),2.13,-55.2
Argentina,Cigarettes 20 Pack (Marlboro),2.3,-55.2
Argentina,One-way Ticket (Local Transport),0.43,-55.2
Argentina,Monthly Pass (Regular Price),15.0,-55.2
Argentina,Taxi Start (Normal Tariff),1.0,-55.2
Argentina,Taxi 1km (Normal Tariff),1.0,-55.2
Argentina,Taxi 1hour Waiting (Normal Tariff),5.0,-55.2
Argentina,Gasoline (1 liter),0.96,-55.2
Argentina,Volkswagen Golf 1.4 90 KW Trendline (Or Equivalent New Car),23250.0,-55.2
Argentina,Toyota Corolla Sedan 1.6l 97kW Comfort (Or Equivalent New Car),27206.06,-55.2
Argentina,"Basic (Electricity, Heating, Cooling, Water, Garbage) for 85m2 Apartment",58.41,-55.2
Argentina,Mobile Phone Monthly Plan with Calls and 10GB+ Data,15.69,-55.2
Argentina,"Internet (60 Mbps or More, Unlimited Data, Cable/ADSL)",19.39,-55.2
Argentina,"Fitness Club, Monthly Fee for 1 Adult",21.07,-55.2
Argentina,Tennis Court Rent (1 Hour on Weekend),10.46,-55.2
Argentina,"Cinema, International Release, 1 Seat",5.0,-55.2
Argentina,"Preschool (or Kindergarten), Full Day, Private, Monthly for 1 Child",185.48,-55.2
Argentina,"International Primary School, Yearly for 1 Child",3560.0,-55.2
Argentina,1 Pair of Jeans (Levis 501 Or Similar),83.16,-55.2
Argentina,"1 Summer Dress in a Chain Store (Zara, H&M, ...)",69.94,-55.2
Argentina,1 Pair of Nike Running Shoes (Mid-Range),110.55,-55.2
Argentina,1 Pair of Men Leather Business Shoes,111.47,-55.2
Argentina,Apartment (1 bedroom) in City Centre,395.22,-55.2
Argentina,Apartment (1 bedroom) Outside of Centre,267.1,-55.2
Argentina,Apartment (3 bedrooms) in City Centre,721.55,-55.2
Argentina,Apartment (3 bedrooms) Outside of Centre,512.4,-55.2
Argentina,Price per Square Meter to Buy Apartment in City Centre,2154.67,-55.2
Argentina,Price per Square Meter to Buy Apartment Outside of Centre,1605.15,-55.2
Argentina,Average Monthly Net Salary (After Tax),474.26,-55.2
Argentina,"Mortgage Interest Rate in Percentages (%), Yearly, for 20 Years Fixed-Rate",83.04,-55.2
Armenia,"Meal, Inexpensive Restaurant",11.61,-8.6
Armenia,"Meal for 2 People, Mid-range Restaurant, Three-course",51.59,-8.6
Armenia,McMeal at McDonalds (or Equivalent Combo Meal),7.74,-8.6
Armenia,Domestic Beer (0.5 liter draught),1.93,-8.6
Armenia,Imported Beer (0.33 liter bottle),3.1,-8.6
Armenia,Cappuccino (regular),3.51,-8.6
Armenia,Coke/Pepsi (0.33 liter bottle),0.95,-8.6
Armenia,Water (0.33 liter bottle),0.56,-8.6
Armenia,"Milk (regular), (1 liter)",1.58,-8.6
Armenia,Loaf of Fresh White Bread (500g),0.8,-8.6
Armenia,"Rice (white), (1kg)",2.32,-8.6
Armenia,Eggs (regular) (12),2.37,-8.6
Armenia,Local Cheese (1kg),7.75,-8.6
Armenia,Chicken Fillets (1kg),7.37,-8.6
Armenia,Beef Round (1kg) (or Equivalent Back Leg Red Meat),12.15,-8.6
Armenia,Apples (1kg),1.19,-8.6
Armenia,Banana (1kg),1.77,-8.6
Armenia,Oranges (1kg),1.69,-8.6
Armenia,Tomato (1kg),1.98,-8.6
Armenia,Potato (1kg),0.71,-8.6
Armenia,Onion (1kg),0.68,-8.6
Armenia,Lettuce (1 head),0.89,-8.6
Armenia,Water (1.5 liter bottle),0.62,-8.6
Armenia,Bottle of Wine (Mid-Range),10.32,-8.6
Armenia,Domestic Beer (0.5 liter bottle),1.28,-8.6
Armenia,Imported Beer (0.33 liter bottle),2.14,-8.6
Armenia,Cigarettes 20 Pack (Marlboro),2.58,-8.6
Armenia,One-way Ticket (Local Transport),0.26,-8.6
Armenia,Monthly Pass (Regular Price),10.32,-8.6
Armenia,Taxi Start (Normal Tariff),1.58,-8.6
Armenia,Taxi 1km (Normal Tariff),0.31,-8.6
Armenia,Taxi 1hour Waiting (Normal Tariff),4.64,-8.6
Armenia,Gasoline (1 liter),1.38,-8.6
Armenia,Volkswagen Golf 1.4 90 KW Trendline (Or Equivalent New Car),30951.27,-8.6
Armenia,Toyota Corolla Sedan 1.6l 97kW Comfort (Or Equivalent New Car),35992.57,-8.6
Armenia,"Basic (Electricity, Heating, Cooling, Water, Garbage) for 85m2 Apartment",125.33,-8.6
Armenia,Mobile Phone Monthly Plan with Calls and 10GB+ Data,8.7,-8.6
Armenia,"Internet (60 Mbps or More, Unlimited Data, Cable/ADSL)",21.01,-8.6
Armenia,"Fitness Club, Monthly Fee for 1 Adult",94.89,-8.6
Armenia,Tennis Court Rent (1 Hour on Weekend),28.15,-8.6
Armenia,"Cinema, International Release, 1 Seat",6.45,-8.6
Armenia,"Preschool (or Kindergarten), Full Day, Private, Monthly for 1 Child",303.37,-8.6
Armenia,"International Primary School, Yearly for 1 Child",8841.73,-8.6
Armenia,1 Pair of Jeans (Levis 501 Or Similar),100.59,-8.6
Armenia,"1 Summer Dress in a Chain Store (Zara, H&M, ...)",61.88,-8.6
Armenia,1 Pair of Nike Running Shoes (Mid-Range),138.04,-8.6
Armenia,1 Pair of Men Leather Business Shoes,113.04,-8.6
Armenia,Apartment (1 bedroom) in City Centre,867.15,-8.6
Armenia,Apartment (1 bedroom) Outside of Centre,578.72,-8.6
Armenia,Apartment (3 bedrooms) in City Centre,1490.66,-8.6
Armenia,Apartment (3 bedrooms) Outside of Centre,934.44,-8.6
Armenia,Price per Square Meter to Buy Apartment in City Centre,3250.44,-8.6
Armenia,Price per Square Meter to Buy Apartment Outside of Centre,1557.57,-8.6
Armenia,Average Monthly Net Salary (After Tax),638.6,-8.6
Armenia,"Mortgage Interest Rate in Percentages (%), Yearly, for 20 Years Fixed-Rate",14.92,-8.6
Aruba,"Meal, Inexpensive Restaurant",15.82,-5.7
Aruba,"Meal for 2 People, Mid-range Restaurant, Three-course",90.0,-5.7
Aruba,McMeal at McDonalds (or Equivalent Combo Meal),10.0,-5.7
Aruba,Domestic Beer (0.5 liter draught),3.5,-5.7
Aruba,Imported Beer (0.33 liter bottle),5.18,-5.7
Aruba,Cappuccino (regular),4.27,-5.7
Aruba,Coke/Pepsi (0.33 liter bottle),1.74,-5.7
Aruba,Water (0.33 liter bottle),1.75,-5.7
Aruba,"Milk (regular), (1 liter)",1.81,-5.7
Aruba,Loaf of Fresh White Bread (500g),3.44,-5.7
Aruba,"Rice (white), (1kg)",4.07,-5.7
Aruba,Eggs (regular) (12),5.46,-5.7
Aruba,Local Cheese (1kg),25.33,-5.7
Aruba,Chicken Fillets (1kg),9.87,-5.7
Aruba,Beef Round (1kg) (or Equivalent Back Leg Red Meat),15.47,-5.7
Aruba,Apples (1kg),4.81,-5.7
Aruba,Banana (1kg),3.4,-5.7
Aruba,Oranges (1kg),6.44,-5.7
Aruba,Tomato (1kg),8.24,-5.7
Aruba,Potato (1kg),4.58,-5.7
Aruba,Onion (1kg),2.56,-5.7
Aruba,Lettuce (1 head),4.02,-5.7
Aruba,Water (1.5 liter bottle),3.4,-5.7
Aruba,Bottle of Wine (Mid-Range),10.0,-5.7
Aruba,Domestic Beer (0.5 liter bottle),3.48,-5.7
Aruba,Imported Beer (0.33 liter bottle),4.68,-5.7
Aruba,Cigarettes 20 Pack (Marlboro),10.26,-5.7
Aruba,One-way Ticket (Local Transport),3.0,-5.7
Aruba,Monthly Pass (Regular Price),50.0,-5.7
Aruba,Taxi Start (Normal Tariff),19.71,-5.7
Aruba,Taxi 1km (Normal Tariff),5.0,-5.7
Aruba,Taxi 1hour Waiting (Normal Tariff),25.0,-5.7
Aruba,Gasoline (1 liter),1.46,-5.7
Aruba,Volkswagen Golf 1.4 90 KW Trendline (Or Equivalent New Car),35000.0,-5.7
Aruba,Toyota Corolla Sedan 1.6l 97kW Comfort (Or Equivalent New Car),31835.41,-5.7
Aruba,"Basic (Electricity, Heating, Cooling, Water, Garbage) for 85m2 Apartment",207.92,-5.7
Aruba,Mobile Phone Monthly Plan with Calls and 10GB+ Data,117.29,-5.7
Aruba,"Internet (60 Mbps or More, Unlimited Data, Cable/ADSL)",92.08,-5.7
Aruba,"Fitness Club, Monthly Fee for 1 Adult",80.61,-5.7
Aruba,Tennis Court Rent (1 Hour on Weekend),38.72,-5.7
Aruba,"Cinema, International Release, 1 Seat",10.0,-5.7
Aruba,"Preschool (or Kindergarten), Full Day, Private, Monthly for 1 Child",196.23,-5.7
Aruba,"International Primary School, Yearly for 1 Child",7404.07,-5.7
Aruba,1 Pair of Jeans (Levis 501 Or Similar),79.22,-5.7
Aruba,"1 Summer Dress in a Chain Store (Zara, H&M, ...)",81.03,-5.7
Aruba,1 Pair of Nike Running Shoes (Mid-Range),122.12,-5.7
Aruba,1 Pair of Men Leather Business Shoes,122.46,-5.7
Aruba,Apartment (1 bedroom) in City Centre,838.54,-5.7
Aruba,Apartment (1 bedroom) Outside of Centre,575.22,-5.7
Aruba,Apartment (3 bedrooms) in City Centre,1434.44,-5.7
Aruba,Apartment (3 bedrooms) Outside of Centre,1146.74,-5.7
Aruba,Price per Square Meter to Buy Apartment in City Centre,2498.84,-5.7
Aruba,Price per Square Meter to Buy Apartment Outside of Centre,1732.18,-5.7
Aruba,Average Monthly Net Salary (After Tax),1987.51,-5.7
Aruba,"Mortgage Interest Rate in Percentages (%), Yearly, for 20 Years Fixed-Rate",6.74,-5.7
Australia,"Meal, Inexpensive Restaurant",16.48,58.8
Australia,"Meal for 2 People, Mid-range Restaurant, Three-course",79.08,58.8
Australia,McMeal at McDonalds (or Equivalent Combo Meal),9.89,58.8
Australia,Domestic Beer (0.5 liter draught),7.25,58.8
Australia,Imported Beer (0.33 liter bottle),7.25,58.8
Australia,Cappuccino (regular),3.51,58.8
Australia,Coke/Pepsi (0.33 liter bottle),2.62,58.8
Australia,Water (0.33 liter bottle),2.19,58.8
Australia,"Milk (regular), (1 liter)",1.54,58.8
Australia,Loaf of Fresh White Bread (500g),2.46,58.8
Australia,"Rice (white), (1kg)",2.12,58.8
Australia,Eggs (regular) (12),4.13,58.8
Australia,Local Cheese (1kg),9.49,58.8
Australia,Chicken Fillets (1kg),8.55,58.8
Australia,Beef Round (1kg) (or Equivalent Back Leg Red Meat),13.98,58.8
Australia,Apples (1kg),3.19,58.8
Australia,Banana (1kg),2.73,58.8
Australia,Oranges (1kg),2.91,58.8
Australia,Tomato (1kg),4.35,58.8
Australia,Potato (1kg),2.41,58.8
Australia,Onion (1kg),2.11,58.8
Australia,Lettuce (1 head),2.28,58.8
Australia,Water (1.5 liter bottle),1.63,58.8
Australia,Bottle of Wine (Mid-Range),12.36,58.8
Australia,Domestic Beer (0.5 liter bottle),4.79,58.8
Australia,Imported Beer (0.33 liter bottle),5.45,58.8
Australia,Cigarettes 20 Pack (Marlboro),29.66,58.8
Australia,One-way Ticket (Local Transport),3.23,58.8
Australia,Monthly Pass (Regular Price),110.72,58.8
Australia,Taxi Start (Normal Tariff),3.95,58.8
Australia,Taxi 1km (Normal Tariff),1.78,58.8
Australia,Taxi 1hour Waiting (Normal Tariff),39.21,58.8
Australia,Gasoline (1 liter),1.24,58.8
Australia,Volkswagen Golf 1.4 90 KW Trendline (Or Equivalent New Car),29276.1,58.8
Australia,Toyota Corolla Sedan 1.6l 97kW Comfort (Or Equivalent New Car),22797.02,58.8
Australia,"Basic (Electricity, Heating, Cooling, Water, Garbage) for 85m2 Apartment",197.88,58.8
Australia,Mobile Phone Monthly Plan with Calls and 10GB+ Data,27.17,58.8
Australia,"Internet (60 Mbps or More, Unlimited Data, Cable/ADSL)",54.22,58.8
Australia,"Fitness Club, Monthly Fee for 1 Adult",50.25,58.8
Australia,Tennis Court Rent (1 Hour on Weekend),17.27,58.8
Australia,"Cinema, International Release, 1 Seat",14.0,58.8
Australia,"Preschool (or Kindergarten), Full Day, Private, Monthly for 1 Child",1636.31,58.8
Australia,"International Primary School, Yearly for 1 Child",12662.48,58.8
Australia,1 Pair of Jeans (Levis 501 Or Similar),76.22,58.8
Australia,"1 Summer Dress in a Chain Store (Zara, H&M, ...)",53.43,58.8
Australia,1 Pair of Nike Running Shoes (Mid-Range),106.6,58.8
Australia,1 Pair of Men Leather Business Shoes,116.2,58.8
Australia,Apartment (1 bedroom) in City Centre,1464.42,58.8
Australia,Apartment (1 bedroom) Outside of Centre,1155.28,58.8
Australia,Apartment (3 bedrooms) in City Centre,2373.12,58.8
Australia,Apartment (3 bedrooms) Outside of Centre,1731.89,58.8
Australia,Price per Square Meter to Buy Apartment in City Centre,7071.72,58.8
Australia,Price per Square Meter to Buy Apartment Outside of Centre,5181.16,58.8
Australia,Average Monthly Net Salary (After Tax),3709.63,58.8
Australia,"Mortgage Interest Rate in Percentages (%), Yearly, for 20 Years Fixed-Rate",6.38,58.8
Austria,"Meal, Inexpensive Restaurant",16.18,12.8
Austria,"Meal for 2 People, Mid-range Restaurant, Three-course",75.51,12.8
Austria,McMeal at McDonalds (or Equivalent Combo Meal),10.79,12.8
Austria,Domestic Beer (0.5 liter draught),4.85,12.8
Austria,Imported Beer (0.33 liter bottle),4.32,12.8
Austria,Cappuccino (regular),3.92,12.8
Austria,Coke/Pepsi (0.33 liter bottle),3.11,12.8
Austria,Water (0.33 liter bottle),2.65,12.8
Austria,"Milk (regular), (1 liter)",1.55,12.8
Austria,Loaf of Fresh White Bread (500g),2.76,12.8
Austria,"Rice (white), (1kg)",2.45,12.8
Austria,Eggs (regular) (12),4.32,12.8
Austria,Local Cheese (1kg),17.2,12.8
Austria,Chicken Fillets (1kg),14.07,12.8
Austria,Beef Round (1kg) (or Equivalent Back Leg Red Meat),20.96,12.8
Austria,Apples (1kg),2.65,12.8
Austria,Banana (1kg),2.22,12.8
Austria,Oranges (1kg),2.96,12.8
Austria,Tomato (1kg),4.35,12.8
Austria,Potato (1kg),1.99,12.8
Austria,Onion (1kg),1.84,12.8
Austria,Lettuce (1 head),1.74,12.8
Austria,Water (1.5 liter bottle),0.78,12.8
Austria,Bottle of Wine (Mid-Range),8.09,12.8
Austria,Domestic Beer (0.5 liter bottle),1.37,12.8
Austria,Imported Beer (0.33 liter bottle),1.84,12.8
Austria,Cigarettes 20 Pack (Marlboro),6.47,12.8
Austria,One-way Ticket (Local Transport),2.7,12.8
Austria,Monthly Pass (Regular Price),55.02,12.8
Austria,Taxi Start (Normal Tariff),5.29,12.8
Austria,Taxi 1km (Normal Tariff),1.94,12.8
Austria,Taxi 1hour Waiting (Normal Tariff),32.36,12.8
Austria,Gasoline (1 liter),1.71,12.8
Austria,Volkswagen Golf 1.4 90 KW Trendline (Or Equivalent New Car),26969.33,12.8
Austria,Toyota Corolla Sedan 1.6l 97kW Comfort (Or Equivalent New Car),26582.46,12.8
Austria,"Basic (Electricity, Heating, Cooling, Water, Garbage) for 85m2 Apartment",376.32,12.8
Austria,Mobile Phone Monthly Plan with Calls and 10GB+ Data,19.29,12.8
Austria,"Internet (60 Mbps or More, Unlimited Data, Cable/ADSL)",36.48,12.8
Austria,"Fitness Club, Monthly Fee for 1 Adult",43.37,12.8
Austria,Tennis Court Rent (1 Hour on Weekend),22.89,12.8
Austria,"Cinema, International Release, 1 Seat",12.95,12.8
Austria,"Preschool (or Kindergarten), Full Day, Private, Monthly for 1 Child",325.01,12.8
Austria,"International Primary School, Yearly for 1 Child",11977.27,12.8
Austria,1 Pair of Jeans (Levis 501 Or Similar),100.23,12.8
Austria,"1 Summer Dress in a Chain Store (Zara, H&M, ...)",43.65,12.8
Austria,1 Pair of Nike Running Shoes (Mid-Range),97.51,12.8
Austria,1 Pair of Men Leather Business Shoes,124.83,12.8
Austria,Apartment (1 bedroom) in City Centre,936.12,12.8
Austria,Apartment (1 bedroom) Outside of Centre,764.68,12.8
Austria,Apartment (3 bedrooms) in City Centre,1735.98,12.8
Austria,Apartment (3 bedrooms) Outside of Centre,1340.61,12.8
Austria,Price per Square Meter to Buy Apartment in City Centre,7130.28,12.8
Austria,Price per Square Meter to Buy Apartment Outside of Centre,5137.91,12.8
Austria,Average Monthly Net Salary (After Tax),2604.01,12.8
Austria,"Mortgage Interest Rate in Percentages (%), Yearly, for 20 Years Fixed-Rate",3.58,12.8
Azerbaijan,"Meal, Inexpensive Restaurant",8.82,-56.9
Azerbaijan,"Meal for 2 People, Mid-range Restaurant, Three-course",35.29,-56.9
Azerbaijan,McMeal at McDonalds (or Equivalent Combo Meal),7.65,-56.9
Azerbaijan,Domestic Beer (0.5 liter draught),1.47,-56.9
Azerbaijan,Imported Beer (0.33 liter bottle),2.35,-56.9
Azerbaijan,Cappuccino (regular),3.43,-56.9
Azerbaijan,Coke/Pepsi (0.33 liter bottle),0.73,-56.9
Azerbaijan,Water (0.33 liter bottle),0.36,-56.9
Azerbaijan,"Milk (regular), (1 liter)",1.35,-56.9
Azerbaijan,Loaf of Fresh White Bread (500g),0.44,-56.9
Azerbaijan,"Rice (white), (1kg)",2.33,-56.9
Azerbaijan,Eggs (regular) (12),1.38,-56.9
Azerbaijan,Local Cheese (1kg),5.25,-56.9
Azerbaijan,Chicken Fillets (1kg),4.53,-56.9
Azerbaijan,Beef Round (1kg) (or Equivalent Back Leg Red Meat),9.74,-56.9
Azerbaijan,Apples (1kg),1.02,-56.9
Azerbaijan,Banana (1kg),1.67,-56.9
Azerbaijan,Oranges (1kg),1.44,-56.9
Azerbaijan,Tomato (1kg),1.8,-56.9
Azerbaijan,Potato (1kg),0.62,-56.9
Azerbaijan,Onion (1kg),0.49,-56.9
Azerbaijan,Lettuce (1 head),0.45,-56.9
Azerbaijan,Water (1.5 liter bottle),0.58,-56.9
Azerbaijan,Bottle of Wine (Mid-Range),8.29,-56.9
Azerbaijan,Domestic Beer (0.5 liter bottle),1.3,-56.9
Azerbaijan,Imported Beer (0.33 liter bottle),2.75,-56.9
Azerbaijan,Cigarettes 20 Pack (Marlboro),3.53,-56.9
Azerbaijan,One-way Ticket (Local Transport),0.29,-56.9
Azerbaijan,Monthly Pass (Regular Price),17.65,-56.9
Azerbaijan,Taxi Start (Normal Tariff),1.47,-56.9
Azerbaijan,Taxi 1km (Normal Tariff),0.59,-56.9
Azerbaijan,Taxi 1hour Waiting (Normal Tariff),3.53,-56.9
Azerbaijan,Gasoline (1 liter),0.62,-56.9
Azerbaijan,Volkswagen Golf 1.4 90 KW Trendline (Or Equivalent New Car),20588.24,-56.9
Azerbaijan,Toyota Corolla Sedan 1.6l 97kW Comfort (Or Equivalent New Car),23998.87,-56.9
Azerbaijan,"Basic (Electricity, Heating, Cooling, Water, Garbage) for 85m2 Apartment",58.81,-56.9
Azerbaijan,Mobile Phone Monthly Plan with Calls and 10GB+ Data,12.64,-56.9
Azerbaijan,"Internet (60 Mbps or More, Unlimited Data, Cable/ADSL)",14.48,-56.9
Azerbaijan,"Fitness Club, Monthly Fee for 1 Adult",45.05,-56.9
Azerbaijan,Tennis Court Rent (1 Hour on Weekend),23.63,-56.9
Azerbaijan,"Cinema, International Release, 1 Seat",5.88,-56.9
Azerbaijan,"Preschool (or Kindergarten), Full Day, Private, Monthly for 1 Child",222.72,-56.9
Azerbaijan,"International Primary School, Yearly for 1 Child",6113.45,-56.9
Azerbaijan,1 Pair of Jeans (Levis 501 Or Similar),58.15,-56.9
Azerbaijan,"1 Summer Dress in a Chain Store (Zara, H&M, ...)",55.93,-56.9
Azerbaijan,1 Pair of Nike Running Shoes (Mid-Range),118.36,-56.9
Azerbaijan,1 Pair of Men Leather Business Shoes,92.49,-56.9
Azerbaijan,Apartment (1 bedroom) in City Centre,408.97,-56.9
Azerbaijan,Apartment (1 bedroom) Outside of Centre,237.62,-56.9
Azerbaijan,Apartment (3 bedrooms) in City Centre,789.64,-56.9
Azerbaijan,Apartment (3 bedrooms) Outside of Centre,390.52,-56.9
Azerbaijan,Price per Square Meter to Buy Apartment in City Centre,1821.31,-56.9
Azerbaijan,Price per Square Meter to Buy Apartment Outside of Centre,927.39,-56.9
Azerbaijan,Average Monthly Net Salary (After Tax),459.63,-56.9
Azerbaijan,"Mortgage Interest Rate in Percentages (%), Yearly, for 20 Years Fixed-Rate",9.15,-56.9
Bahamas,"Meal, Inexpensive Restaurant",28.5,125.4
Bahamas,"Meal for 2 People, Mid-range Restaurant, Three-course",117.72,125.4
Bahamas,McMeal at McDonalds (or Equivalent Combo Meal),10.0,125.4
Bahamas,Domestic Beer (0.5 liter draught),5.0,125.4
Bahamas,Imported Beer (0.33 liter bottle),7.0,125.4
Bahamas,Cappuccino (regular),5.62,125.4
Bahamas,Coke/Pepsi (0.33 liter bottle),2.29,125.4
Bahamas,Water (0.33 liter bottle),1.97,125.4
Bahamas,"Milk (regular), (1 liter)",4.13,125.4
Bahamas,Loaf of Fresh White Bread (500g),4.55,125.4
Bahamas,"Rice (white), (1kg)",5.77,125.4
Bahamas,Eggs (regular) (12),5.85,125.4
Bahamas,Local Cheese (1kg),8.7,125.4
Bahamas,Chicken Fillets (1kg),10.61,125.4
Bahamas,Beef Round (1kg) (or Equivalent Back Leg Red Meat),17.91,125.4
Bahamas,Apples (1kg),4.04,125.4
Bahamas,Banana (1kg),2.96,125.4
Bahamas,Oranges (1kg),4.13,125.4
Bahamas,Tomato (1kg),4.55,125.4
Bahamas,Potato (1kg),3.81,125.4
Bahamas,Onion (1kg),3.11,125.4
Bahamas,Lettuce (1 head),3.01,125.4
Bahamas,Water (1.5 liter bottle),2.38,125.4
Bahamas,Bottle of Wine (Mid-Range),20.0,125.4
Bahamas,Domestic Beer (0.5 liter bottle),3.61,125.4
Bahamas,Imported Beer (0.33 liter bottle),4.0,125.4
Bahamas,Cigarettes 20 Pack (Marlboro),11.0,125.4
Bahamas,One-way Ticket (Local Transport),1.38,125.4
Bahamas,Monthly Pass (Regular Price),45.0,125.4
Bahamas,Taxi Start (Normal Tariff),4.5,125.4
Bahamas,Taxi 1km (Normal Tariff),2.49,125.4
Bahamas,Taxi 1hour Waiting (Normal Tariff),100.0,125.4
Bahamas,Gasoline (1 liter),1.46,125.4
Bahamas,Volkswagen Golf 1.4 90 KW Trendline (Or Equivalent New Car),37500.0,125.4
Bahamas,Toyota Corolla Sedan 1.6l 97kW Comfort (Or Equivalent New Car),39125.0,125.4
Bahamas,"Basic (Electricity, Heating, Cooling, Water, Garbage) for 85m2 Apartment",291.47,125.4
Bahamas,Mobile Phone Monthly Plan with Calls and 10GB+ Data,71.49,125.4
Bahamas,"Internet (60 Mbps or More, Unlimited Data, Cable/ADSL)",88.61,125.4
Bahamas,"Fitness Club, Monthly Fee for 1 Adult",98.3,125.4
Bahamas,Tennis Court Rent (1 Hour on Weekend),60.0,125.4
Bahamas,"Cinema, International Release, 1 Seat",15.5,125.4
Bahamas,"Preschool (or Kindergarten), Full Day, Private, Monthly for 1 Child",537.5,125.4
Bahamas,"International Primary School, Yearly for 1 Child",11287.5,125.4
Bahamas,1 Pair of Jeans (Levis 501 Or Similar),61.25,125.4
Bahamas,"1 Summer Dress in a Chain Store (Zara, H&M, ...)",51.25,125.4
Bahamas,1 Pair of Nike Running Shoes (Mid-Range),108.78,125.4
Bahamas,1 Pair of Men Leather Business Shoes,111.25,125.4
Bahamas,Apartment (1 bedroom) in City Centre,1328.57,125.4
Bahamas,Apartment (1 bedroom) Outside of Centre,1533.33,125.4
Bahamas,Apartment (3 bedrooms) in City Centre,3283.33,125.4
Bahamas,Apartment (3 bedrooms) Outside of Centre,3400.0,125.4
Bahamas,Price per Square Meter to Buy Apartment in City Centre,3000.0,125.4
Bahamas,Price per Square Meter to Buy Apartment Outside of Centre,1348.55,125.4
Bahamas,Average Monthly Net Salary (After Tax),1977.06,125.4
Bahamas,"Mortgage Interest Rate in Percentages (%), Yearly, for 20 Years Fixed-Rate",8.72,125.4
Bahrain,"Meal, Inexpensive Restaurant",7.96,-1.8
Bahrain,"Meal for 2 People, Mid-range Restaurant, Three-course",53.08,-1.8
Bahrain,McMeal at McDonalds (or Equivalent Combo Meal),7.17,-1.8
Bahrain,Domestic Beer (0.5 liter draught),7.96,-1.8
Bahrain,Imported Beer (0.33 liter bottle),11.28,-1.8
Bahrain,Cappuccino (regular),5.01,-1.8
Bahrain,Coke/Pepsi (0.33 liter bottle),0.82,-1.8
Bahrain,Water (0.33 liter bottle),0.33,-1.8
Bahrain,"Milk (regular), (1 liter)",1.69,-1.8
Bahrain,Loaf of Fresh White Bread (500g),1.5,-1.8
Bahrain,"Rice (white), (1kg)",2.86,-1.8
Bahrain,Eggs (regular) (12),2.75,-1.8
Bahrain,Local Cheese (1kg),8.21,-1.8
Bahrain,Chicken Fillets (1kg),7.0,-1.8
Bahrain,Beef Round (1kg) (or Equivalent Back Leg Red Meat),10.97,-1.8
Bahrain,Apples (1kg),2.55,-1.8
Bahrain,Banana (1kg),2.17,-1.8
Bahrain,Oranges (1kg),2.1,-1.8
Bahrain,Tomato (1kg),1.44,-1.8
Bahrain,Potato (1kg),0.92,-1.8
Bahrain,Onion (1kg),1.1,-1.8
Bahrain,Lettuce (1 head),1.7,-1.8
Bahrain,Water (1.5 liter bottle),0.75,-1.8
Bahrain,Bottle of Wine (Mid-Range),26.54,-1.8
Bahrain,Domestic Beer (0.5 liter bottle),2.84,-1.8
Bahrain,Imported Beer (0.33 liter bottle),3.91,-1.8
Bahrain,Cigarettes 20 Pack (Marlboro),6.24,-1.8
Bahrain,One-way Ticket (Local Transport),0.93,-1.8
Bahrain,Monthly Pass (Regular Price),33.44,-1.8
Bahrain,Taxi Start (Normal Tariff),5.31,-1.8
Bahrain,Taxi 1km (Normal Tariff),5.04,-1.8
Bahrain,Taxi 1hour Waiting (Normal Tariff),26.54,-1.8
Bahrain,Gasoline (1 liter),0.5,-1.8
Bahrain,Volkswagen Golf 1.4 90 KW Trendline (Or Equivalent New Car),37158.44,-1.8
Bahrain,Toyota Corolla Sedan 1.6l 97kW Comfort (Or Equivalent New Car),20994.52,-1.8
Bahrain,"Basic (Electricity, Heating, Cooling, Water, Garbage) for 85m2 Apartment",126.24,-1.8
Bahrain,Mobile Phone Monthly Plan with Calls and 10GB+ Data,27.73,-1.8
Bahrain,"Internet (60 Mbps or More, Unlimited Data, Cable/ADSL)",43.15,-1.8
Bahrain,"Fitness Club, Monthly Fee for 1 Adult",82.11,-1.8
Bahrain,Tennis Court Rent (1 Hour on Weekend),55.44,-1.8
Bahrain,"Cinema, International Release, 1 Seat",10.62,-1.8
Bahrain,"Preschool (or Kindergarten), Full Day, Private, Monthly for 1 Child",459.25,-1.8
Bahrain,"International Primary School, Yearly for 1 Child",8901.69,-1.8
Bahrain,1 Pair of Jeans (Levis 501 Or Similar),51.88,-1.8
Bahrain,"1 Summer Dress in a Chain Store (Zara, H&M, ...)",59.57,-1.8
Bahrain,1 Pair of Nike Running Shoes (Mid-Range),91.57,-1.8
Bahrain,1 Pair of Men Leather Business Shoes,92.17,-1.8
Bahrain,Apartment (1 bedroom) in City Centre,825.35,-1.8
Bahrain,Apartment (1 bedroom) Outside of Centre,592.89,-1.8
Bahrain,Apartment (3 bedrooms) in City Centre,1643.04,-1.8
Bahrain,Apartment (3 bedrooms) Outside of Centre,1098.93,-1.8
Bahrain,Price per Square Meter to Buy Apartment in City Centre,2445.63,-1.8
Bahrain,Price per Square Meter to Buy Apartment Outside of Centre,1646.58,-1.8
Bahrain,Average Monthly Net Salary (After Tax),2178.91,-1.8
Bahrain,"Mortgage Interest Rate in Percentages (%), Yearly, for 20 Years Fixed-Rate",8.16,-1.8
Bangladesh,"Meal, Inexpensive Restaurant",1.67,-88.5
Bangladesh,"Meal for 2 People, Mid-range Restaurant, Three-course",8.35,-88.5
Bangladesh,McMeal at McDonalds (or Equivalent Combo Meal),4.18,-88.5
Bangladesh,Domestic Non-Alcoholic Beer (0.5 liter draught),4.18,-88.5
Bangladesh,Imported Non-Alcoholic Beer (0.33 liter bottle),4.59,-88.5
Bangladesh,Cappuccino (regular),1.71,-88.5
Bangladesh,Coke/Pepsi (0.33 liter bottle),0.28,-88.5
Bangladesh,Water (0.33 liter bottle),0.15,-88.5
Bangladesh,"Milk (regular), (1 liter)",0.73,-88.5
Bangladesh,Loaf of Fresh White Bread (500g),0.59,-88.5
Bangladesh,"Rice (white), (1kg)",0.59,-88.5
Bangladesh,Eggs (regular) (12),1.19,-88.5
Bangladesh,Local Cheese (1kg),7.82,-88.5
Bangladesh,Chicken Fillets (1kg),2.5,-88.5
Bangladesh,Beef Round (1kg) (or Equivalent Back Leg Red Meat),6.35,-88.5
Bangladesh,Apples (1kg),2.15,-88.5
Bangladesh,Banana (1kg),0.88,-88.5
Bangladesh,Oranges (1kg),2.05,-88.5
Bangladesh,Tomato (1kg),0.61,-88.5
Bangladesh,Potato (1kg),0.37,-88.5
Bangladesh,Onion (1kg),0.64,-88.5
Bangladesh,Lettuce (1 head),0.34,-88.5
Bangladesh,Water (1.5 liter bottle),0.27,-88.5
Bangladesh,Bottle of Non-Alcoholic Wine (Mid-Range),6.68,-88.5
Bangladesh,Domestic Non-Alcoholic Beer (0.5 liter bottle),2.89,-88.5
Bangladesh,Imported Non-Alcoholic Beer (0.33 liter bottle),4.53,-88.5
Bangladesh,Cigarettes 20 Pack (Marlboro),2.67,-88.5
Bangladesh,One-way Ticket (Local Transport),0.42,-88.5
Bangladesh,Monthly Pass (Regular Price),12.53,-88.5
Bangladesh,Taxi Start (Normal Tariff),0.84,-88.5
Bangladesh,Taxi 1km (Normal Tariff),0.42,-88.5
Bangladesh,Taxi 1hour Waiting (Normal Tariff),2.51,-88.5
Bangladesh,Gasoline (1 liter),1.03,-88.5
Bangladesh,Volkswagen Golf 1.4 90 KW Trendline (Or Equivalent New Car),29226.83,-88.5
Bangladesh,Toyota Corolla Sedan 1.6l 97kW Comfort (Or Equivalent New Car),25557.22,-88.5
Bangladesh,"Basic (Electricity, Heating, Cooling, Water, Garbage) for 85m2 Apartment",28.4,-88.5
Bangladesh,Mobile Phone Monthly Plan with Calls and 10GB+ Data,5.27,-88.5
Bangladesh,"Internet (60 Mbps or More, Unlimited Data, Cable/ADSL)",14.8,-88.5
Bangladesh,"Fitness Club, Monthly Fee for 1 Adult",12.92,-88.5
Bangladesh,Tennis Court Rent (1 Hour on Weekend),10.91,-88.5
Bangladesh,"Cinema, International Release, 1 Seat",4.18,-88.5
Bangladesh,"Preschool (or Kindergarten), Full Day, Private, Monthly for 1 Child",35.42,-88.5
Bangladesh,"International Primary School, Yearly for 1 Child",1185.39,-88.5
Bangladesh,1 Pair of Jeans (Levis 501 Or Similar),16.77,-88.5
Bangladesh,"1 Summer Dress in a Chain Store (Zara, H&M, ...)",17.46,-88.5
Bangladesh,1 Pair of Nike Running Shoes (Mid-Range),35.81,-88.5
Bangladesh,1 Pair of Men Leather Business Shoes,34.55,-88.5
Bangladesh,Apartment (1 bedroom) in City Centre,89.47,-88.5
Bangladesh,Apartment (1 bedroom) Outside of Centre,50.17,-88.5
Bangladesh,Apartment (3 bedrooms) in City Centre,219.42,-88.5
Bangladesh,Apartment (3 bedrooms) Outside of Centre,129.75,-88.5
Bangladesh,Price per Square Meter to Buy Apartment in City Centre,755.34,-88.5
Bangladesh,Price per Square Meter to Buy Apartment Outside of Centre,421.89,-88.5
Bangladesh,Average Monthly Net Salary (After Tax),237.67,-88.5
Bangladesh,"Mortgage Interest Rate in Percentages (%), Yearly, for 20 Years Fixed-Rate",9.87,-88.5
Barbados,"Meal, Inexpensive Restaurant",20.0,-1.5
Barbados,"Meal for 2 People, Mid-range Restaurant, Three-course",100.0,-1.5
Barbados,McMeal at McDonalds (or Equivalent Combo Meal),10.0,-1.5
Barbados,Domestic Beer (0.5 liter draught),2.5,-1.5
Barbados,Imported Beer (0.33 liter bottle),4.0,-1.5
Barbados,Cappuccino (regular),4.69,-1.5
Barbados,Coke/Pepsi (0.33 liter bottle),1.8,-1.5
Barbados,Water (0.33 liter bottle),1.31,-1.5
Barbados,"Milk (regular), (1 liter)",3.5,-1.5
Barbados,Loaf of Fresh White Bread (500g),2.53,-1.5
Barbados,"Rice (white), (1kg)",4.67,-1.5
Barbados,Eggs (regular) (12),5.31,-1.5
Barbados,Local Cheese (1kg),19.12,-1.5
Barbados,Chicken Fillets (1kg),12.68,-1.5
Barbados,Beef Round (1kg) (or Equivalent Back Leg Red Meat),12.98,-1.5
Barbados,Apples (1kg),4.5,-1.5
Barbados,Banana (1kg),3.05,-1.5
Barbados,Oranges (1kg),4.83,-1.5
Barbados,Tomato (1kg),5.09,-1.5
Barbados,Potato (1kg),3.48,-1.5
Barbados,Onion (1kg),3.99,-1.5
Barbados,Lettuce (1 head),2.57,-1.5
Barbados,Water (1.5 liter bottle),2.46,-1.5
Barbados,Bottle of Wine (Mid-Range),15.0,-1.5
Barbados,Domestic Beer (0.5 liter bottle),2.19,-1.5
Barbados,Imported Beer (0.33 liter bottle),3.77,-1.5
Barbados,Cigarettes 20 Pack (Marlboro),10.0,-1.5
Barbados,One-way Ticket (Local Transport),1.75,-1.5
Barbados,Monthly Pass (Regular Price),48.28,-1.5
Barbados,Taxi Start (Normal Tariff),12.5,-1.5
Barbados,Taxi 1km (Normal Tariff),2.5,-1.5
Barbados,Taxi 1hour Waiting (Normal Tariff),40.0,-1.5
Barbados,Gasoline (1 liter),2.05,-1.5
Barbados,Volkswagen Golf 1.4 90 KW Trendline (Or Equivalent New Car),42500.0,-1.5
Barbados,Toyota Corolla Sedan 1.6l 97kW Comfort (Or Equivalent New Car),40000.0,-1.5
Barbados,"Basic (Electricity, Heating, Cooling, Water, Garbage) for 85m2 Apartment",124.06,-1.5
Barbados,Mobile Phone Monthly Plan with Calls and 10GB+ Data,49.69,-1.5
Barbados,"Internet (60 Mbps or More, Unlimited Data, Cable/ADSL)",61.54,-1.5
Barbados,"Fitness Club, Monthly Fee for 1 Adult",78.39,-1.5
Barbados,Tennis Court Rent (1 Hour on Weekend),15.83,-1.5
Barbados,"Cinema, International Release, 1 Seat",10.0,-1.5
Barbados,"Preschool (or Kindergarten), Full Day, Private, Monthly for 1 Child",265.0,-1.5
Barbados,"International Primary School, Yearly for 1 Child",7416.67,-1.5
Barbados,1 Pair of Jeans (Levis 501 Or Similar),67.5,-1.5
Barbados,"1 Summer Dress in a Chain Store (Zara, H&M, ...)",57.5,-1.5
Barbados,1 Pair of Nike Running Shoes (Mid-Range),137.5,-1.5
Barbados,1 Pair of Men Leather Business Shoes,110.83,-1.5
Barbados,Apartment (1 bedroom) in City Centre,656.3,-1.5
Barbados,Apartment (1 bedroom) Outside of Centre,543.75,-1.5
Barbados,Apartment (3 bedrooms) in City Centre,1760.49,-1.5
Barbados,Apartment (3 bedrooms) Outside of Centre,1211.11,-1.5
Barbados,Price per Square Meter to Buy Apartment in City Centre,3500.0,-1.5
Barbados,Price per Square Meter to Buy Apartment Outside of Centre,3500.0,-1.5
Barbados,Average Monthly Net Salary (After Tax),1193.16,-1.5
Barbados,"Mortgage Interest Rate in Percentages (%), Yearly, for 20 Years Fixed-Rate",5.62,-1.5
Belarus,"Meal, Inexpensive Restaurant",9.15,-58.5
Belarus,"Meal for 2 People, Mid-range Restaurant, Three-course",30.49,-58.5
Belarus,McMeal at McDonalds (or Equivalent Combo Meal),4.88,-58.5
Belarus,Domestic Beer (0.5 liter draught),1.22,-58.5
Belarus,Imported Beer (0.33 liter bottle),2.13,-58.5
Belarus,Cappuccino (regular),1.6,-58.5
Belarus,Coke/Pepsi (0.33 liter bottle),0.68,-58.5
Belarus,Water (0.33 liter bottle),0.44,-58.5
Belarus,"Milk (regular), (1 liter)",0.69,-58.5
Belarus,Loaf of Fresh White Bread (500g),0.56,-58.5
Belarus,"Rice (white), (1kg)",1.11,-58.5
Belarus,Eggs (regular) (12),1.28,-58.5
Belarus,Local Cheese (1kg),6.05,-58.5
Belarus,Chicken Fillets (1kg),3.66,-58.5
Belarus,Beef Round (1kg) (or Equivalent Back Leg Red Meat),7.02,-58.5
Belarus,Apples (1kg),1.07,-58.5
Belarus,Banana (1kg),1.63,-58.5
Belarus,Oranges (1kg),1.65,-58.5
Belarus,Tomato (1kg),2.0,-58.5
Belarus,Potato (1kg),0.46,-58.5
Belarus,Onion (1kg),0.64,-58.5
Belarus,Lettuce (1 head),1.13,-58.5
Belarus,Water (1.5 liter bottle),0.56,-58.5
Belarus,Bottle of Wine (Mid-Range),6.1,-58.5
Belarus,Domestic Beer (0.5 liter bottle),0.84,-58.5
Belarus,Imported Beer (0.33 liter bottle),1.65,-58.5
Belarus,Cigarettes 20 Pack (Marlboro),1.6,-58.5
Belarus,One-way Ticket (Local Transport),0.26,-58.5
Belarus,Monthly Pass (Regular Price),15.12,-58.5
Belarus,Taxi Start (Normal Tariff),1.07,-58.5
Belarus,Taxi 1km (Normal Tariff),0.3,-58.5
Belarus,Taxi 1hour Waiting (Normal Tariff),5.79,-58.5
Belarus,Gasoline (1 liter),0.74,-58.5
Belarus,Volkswagen Golf 1.4 90 KW Trendline (Or Equivalent New Car),18295.57,-58.5
Belarus,Toyota Corolla Sedan 1.6l 97kW Comfort (Or Equivalent New Car),23900.16,-58.5
Belarus,"Basic (Electricity, Heating, Cooling, Water, Garbage) for 85m2 Apartment",54.86,-58.5
Belarus,Mobile Phone Monthly Plan with Calls and 10GB+ Data,7.7,-58.5
Belarus,"Internet (60 Mbps or More, Unlimited Data, Cable/ADSL)",10.46,-58.5
Belarus,"Fitness Club, Monthly Fee for 1 Adult",30.04,-58.5
Belarus,Tennis Court Rent (1 Hour on Weekend),12.83,-58.5
Belarus,"Cinema, International Release, 1 Seat",4.57,-58.5
Belarus,"Preschool (or Kindergarten), Full Day, Private, Monthly for 1 Child",309.84,-58.5
Belarus,"International Primary School, Yearly for 1 Child",5810.98,-58.5
Belarus,1 Pair of Jeans (Levis 501 Or Similar),60.79,-58.5
Belarus,"1 Summer Dress in a Chain Store (Zara, H&M, ...)",41.09,-58.5
Belarus,1 Pair of Nike Running Shoes (Mid-Range),94.7,-58.5
Belarus,1 Pair of Men Leather Business Shoes,89.87,-58.5
Belarus,Apartment (1 bedroom) in City Centre,389.67,-58.5
Belarus,Apartment (1 bedroom) Outside of Centre,254.12,-58.5
Belarus,Apartment (3 bedrooms) in City Centre,675.42,-58.5
Belarus,Apartment (3 bedrooms) Outside of Centre,436.37,-58.5
Belarus,Price per Square Meter to Buy Apartment in City Centre,1639.21,-58.5
Belarus,Price per Square Meter to Buy Apartment Outside of Centre,1058.92,-58.5
Belarus,Average Monthly Net Salary (After Tax),522.22,-58.5
Belarus,"Mortgage Interest Rate in Percentages (%), Yearly, for 20 Years Fixed-Rate",15.22,-58.5
Belgium,"Meal, Inexpensive Restaurant",19.42,-1.8
Belgium,"Meal for 2 People, Mid-range Restaurant, Three-course",86.3,-1.8
Belgium,McMeal at McDonalds (or Equivalent Combo Meal),10.79,-1.8
Belgium,Domestic Beer (0.5 liter draught),4.32,-1.8
Belgium,Imported Beer (0.33 liter bottle),4.32,-1.8
Belgium,Cappuccino (regular),3.71,-1.8
Belgium,Coke/Pepsi (0.33 liter bottle),2.91,-1.8
Belgium,Water (0.33 liter bottle),2.55,-1.8
Belgium,"Milk (regular), (1 liter)",1.21,-1.8
Belgium,Loaf of Fresh White Bread (500g),2.22,-1.8
Belgium,"Rice (white), (1kg)",2.22,-1.8
Belgium,Eggs (regular) (12),3.62,-1.8
Belgium,Local Cheese (1kg),14.0,-1.8
Belgium,Chicken Fillets (1kg),11.0,-1.8
Belgium,Beef Round (1kg) (or Equivalent Back Leg Red Meat),17.34,-1.8
Belgium,Apples (1kg),2.57,-1.8
Belgium,Banana (1kg),2.08,-1.8
Belgium,Oranges (1kg),2.39,-1.8
Belgium,Tomato (1kg),2.69,-1.8
Belgium,Potato (1kg),1.87,-1.8
Belgium,Onion (1kg),1.58,-1.8
Belgium,Lettuce (1 head),1.31,-1.8
Belgium,Water (1.5 liter bottle),0.95,-1.8
Belgium,Bottle of Wine (Mid-Range),7.55,-1.8
Belgium,Domestic Beer (0.5 liter bottle),1.8,-1.8
Belgium,Imported Beer (0.33 liter bottle),2.18,-1.8
Belgium,Cigarettes 20 Pack (Marlboro),9.44,-1.8
Belgium,One-way Ticket (Local Transport),2.7,-1.8
Belgium,Monthly Pass (Regular Price),52.86,-1.8
Belgium,Taxi Start (Normal Tariff),5.39,-1.8
Belgium,Taxi 1km (Normal Tariff),2.64,-1.8
Belgium,Taxi 1hour Waiting (Normal Tariff),43.15,-1.8
Belgium,Gasoline (1 liter),1.85,-1.8
Belgium,Volkswagen Golf 1.4 90 KW Trendline (Or Equivalent New Car),30205.65,-1.8
Belgium,Toyota Corolla Sedan 1.6l 97kW Comfort (Or Equivalent New Car),29709.12,-1.8
Belgium,"Basic (Electricity, Heating, Cooling, Water, Garbage) for 85m2 Apartment",209.89,-1.8
Belgium,Mobile Phone Monthly Plan with Calls and 10GB+ Data,22.94,-1.8
Belgium,"Internet (60 Mbps or More, Unlimited Data, Cable/ADSL)",54.1,-1.8
Belgium,"Fitness Club, Monthly Fee for 1 Adult",34.67,-1.8
Belgium,Tennis Court Rent (1 Hour on Weekend),19.23,-1.8
Belgium,"Cinema, International Release, 1 Seat",12.95,-1.8
Belgium,"Preschool (or Kindergarten), Full Day, Private, Monthly for 1 Child",618.51,-1.8
Belgium,"International Primary School, Yearly for 1 Child",16991.81,-1.8
Belgium,1 Pair of Jeans (Levis 501 Or Similar),94.39,-1.8
Belgium,"1 Summer Dress in a Chain Store (Zara, H&M, ...)",42.59,-1.8
Belgium,1 Pair of Nike Running Shoes (Mid-Range),100.18,-1.8
Belgium,1 Pair of Men Leather Business Shoes,129.25,-1.8
Belgium,Apartment (1 bedroom) in City Centre,901.76,-1.8
Belgium,Apartment (1 bedroom) Outside of Centre,772.41,-1.8
Belgium,Apartment (3 bedrooms) in City Centre,1348.14,-1.8
Belgium,Apartment (3 bedrooms) Outside of Centre,1137.65,-1.8
Belgium,Price per Square Meter to Buy Apartment in City Centre,3914.68,-1.8
Belgium,Price per Square Meter to Buy Apartment Outside of Centre,3147.4,-1.8
Belgium,Average Monthly Net Salary (After Tax),2622.28,-1.8
Belgium,"Mortgage Interest Rate in Percentages (%), Yearly, for 20 Years Fixed-Rate",3.64,-1.8
Belize,"Meal, Inexpensive Restaurant",7.93,
Belize,"Meal for 2 People, Mid-range Restaurant, Three-course",29.9,
Belize,McMeal at McDonalds (or Equivalent Combo Meal),7.47,
Belize,Domestic Beer (0.5 liter draught),2.5,
Belize,Imported Beer (0.33 liter bottle),4.0,
Belize,Cappuccino (regular),3.49,
Belize,Coke/Pepsi (0.33 liter bottle),1.27,
Belize,Water (0.33 liter bottle),0.95,
Belize,"Milk (regular), (1 liter)",2.83,
Belize,Loaf of Fresh White Bread (500g),1.4,
Belize,"Rice (white), (1kg)",2.56,
Belize,Eggs (regular) (12),2.47,
Belize,Local Cheese (1kg),9.76,
Belize,Chicken Fillets (1kg),5.99,
Belize,Beef Round (1kg) (or Equivalent Back Leg Red Meat),6.13,
Belize,Apples (1kg),5.94,
Belize,Banana (1kg),1.17,
Belize,Oranges (1kg),1.36,
Belize,Tomato (1kg),2.89,
Belize,Potato (1kg),2.6,
Belize,Onion (1kg),2.54,
Belize,Lettuce (1 head),2.63,
Belize,Water (1.5 liter bottle),1.16,
Belize,Bottle of Wine (Mid-Range),14.95,
Belize,Domestic Beer (0.5 liter bottle),1.95,
Belize,Imported Beer (0.33 liter bottle),2.72,
Belize,Cigarettes 20 Pack (Marlboro),4.5,
Belize,One-way Ticket (Local Transport),2.0,
Belize,Monthly Pass (Regular Price),22.41,
Belize,Taxi Start (Normal Tariff),3.48,
Belize,Taxi 1km (Normal Tariff),3.11,
Belize,Taxi 1hour Waiting (Normal Tariff),10.0,
Belize,Gasoline (1 liter),1.9,
Belize,Volkswagen Golf 1.4 90 KW Trendline (Or Equivalent New Car),10514.56,
Belize,Toyota Corolla Sedan 1.6l 97kW Comfort (Or Equivalent New Car),,
Belize,"Basic (Electricity, Heating, Cooling, Water, Garbage) for 85m2 Apartment",101.53,
Belize,Mobile Phone Monthly Plan with Calls and 10GB+ Data,49.65,
Belize,"Internet (60 Mbps or More, Unlimited Data, Cable/ADSL)",60.21,
Belize,"Fitness Club, Monthly Fee for 1 Adult",35.58,
Belize,Tennis Court Rent (1 Hour on Weekend),0.0,
Belize,"Cinema, International Release, 1 Seat",11.71,
Belize,"Preschool (or Kindergarten), Full Day, Private, Monthly for 1 Child",297.81,
Belize,"International Primary School, Yearly for 1 Child",,
Belize,1 Pair of Jeans (Levis 501 Or Similar),34.42,
Belize,"1 Summer Dress in a Chain Store (Zara, H&M, ...)",32.97,
Belize,1 Pair of Nike Running Shoes (Mid-Range),87.62,
Belize,1 Pair of Men Leather Business Shoes,70.16,
Belize,Apartment (1 bedroom) in City Centre,424.14,
Belize,Apartment (1 bedroom) Outside of Centre,308.9,
Belize,Apartment (3 bedrooms) in City Centre,743.05,
Belize,Apartment (3 bedrooms) Outside of Centre,637.45,
Belize,Price per Square Meter to Buy Apartment in City Centre,1445.49,
Belize,Price per Square Meter to Buy Apartment Outside of Centre,1383.16,
Belize,Average Monthly Net Salary (After Tax),1137.52,
Belize,"Mortgage Interest Rate in Percentages (%), Yearly, for 20 Years Fixed-Rate",12.5,
Benin,"Meal, Inexpensive Restaurant",3.29,
Benin,"Meal for 2 People, Mid-range Restaurant, Three-course",27.14,
Benin,McMeal at McDonalds (or Equivalent Combo Meal),4.93,
Benin,Domestic Beer (0.5 liter draught),0.99,
Benin,Imported Beer (0.33 liter bottle),3.29,
Benin,Cappuccino (regular),4.11,
Benin,Coke/Pepsi (0.33 liter bottle),0.69,
Benin,Water (0.33 liter bottle),0.51,
Benin,"Milk (regular), (1 liter)",1.83,
Benin,Loaf of Fresh White Bread (500g),1.01,
Benin,"Rice (white), (1kg)",1.71,
Benin,Eggs (regular) (12),1.92,
Benin,Local Cheese (1kg),7.4,
Benin,Chicken Fillets (1kg),4.56,
Benin,Beef Round (1kg) (or Equivalent Back Leg Red Meat),4.85,
Benin,Apples (1kg),2.88,
Benin,Banana (1kg),1.11,
Benin,Oranges (1kg),1.03,
Benin,Tomato (1kg),2.36,
Benin,Potato (1kg),1.32,
Benin,Onion (1kg),1.36,
Benin,Lettuce (1 head),0.55,
Benin,Water (1.5 liter bottle),1.06,
Benin,Bottle of Wine (Mid-Range),8.22,
Benin,Domestic Beer (0.5 liter bottle),0.97,
Benin,Imported Beer (0.33 liter bottle),1.7,
Benin,Cigarettes 20 Pack (Marlboro),0.99,
Benin,One-way Ticket (Local Transport),1.64,
Benin,Monthly Pass (Regular Price),7.15,
Benin,Taxi Start (Normal Tariff),1.48,
Benin,Taxi 1km (Normal Tariff),1.64,
Benin,Taxi 1hour Waiting (Normal Tariff),1.64,
Benin,Gasoline (1 liter),0.97,
Benin,Volkswagen Golf 1.4 90 KW Trendline (Or Equivalent New Car),,
Benin,Toyota Corolla Sedan 1.6l 97kW Comfort (Or Equivalent New Car),23024.1,
Benin,"Basic (Electricity, Heating, Cooling, Water, Garbage) for 85m2 Apartment",246.69,
Benin,Mobile Phone Monthly Plan with Calls and 10GB+ Data,41.11,
Benin,"Internet (60 Mbps or More, Unlimited Data, Cable/ADSL)",52.42,
Benin,"Fitness Club, Monthly Fee for 1 Adult",41.11,
Benin,Tennis Court Rent (1 Hour on Weekend),9.87,
Benin,"Cinema, International Release, 1 Seat",6.99,
Benin,"Preschool (or Kindergarten), Full Day, Private, Monthly for 1 Child",205.57,
Benin,"International Primary School, Yearly for 1 Child",6030.12,
Benin,1 Pair of Jeans (Levis 501 Or Similar),16.45,
Benin,"1 Summer Dress in a Chain Store (Zara, H&M, ...)",8.22,
Benin,1 Pair of Nike Running Shoes (Mid-Range),16.45,
Benin,1 Pair of Men Leather Business Shoes,38.37,
Benin,Apartment (1 bedroom) in City Centre,171.31,
Benin,Apartment (1 bedroom) Outside of Centre,126.08,
Benin,Apartment (3 bedrooms) in City Centre,509.82,
Benin,Apartment (3 bedrooms) Outside of Centre,261.76,
Benin,Price per Square Meter to Buy Apartment in City Centre,,
Benin,Price per Square Meter to Buy Apartment Outside of Centre,2466.87,
Benin,Average Monthly Net Salary (After Tax),222.02,
Benin,"Mortgage Interest Rate in Percentages (%), Yearly, for 20 Years Fixed-Rate",5.0,
Bermuda,"Meal, Inexpensive Restaurant",40.0,373.7
Bermuda,"Meal for 2 People, Mid-range Restaurant, Three-course",150.0,373.7
Bermuda,McMeal at McDonalds (or Equivalent Combo Meal),15.0,373.7
Bermuda,Domestic Beer (0.5 liter draught),10.0,373.7
Bermuda,Imported Beer (0.33 liter bottle),10.0,373.7
Bermuda,Cappuccino (regular),5.69,373.7
Bermuda,Coke/Pepsi (0.33 liter bottle),3.42,373.7
Bermuda,Water (0.33 liter bottle),2.92,373.7
Bermuda,"Milk (regular), (1 liter)",4.89,373.7
Bermuda,Loaf of Fresh White Bread (500g),8.32,373.7
Bermuda,"Rice (white), (1kg)",5.96,373.7
Bermuda,Eggs (regular) (12),7.6,373.7
Bermuda,Local Cheese (1kg),13.11,373.7
Bermuda,Chicken Fillets (1kg),28.72,373.7
Bermuda,Beef Round (1kg) (or Equivalent Back Leg Red Meat),21.52,373.7
Bermuda,Apples (1kg),10.84,373.7
Bermuda,Banana (1kg),6.84,373.7
Bermuda,Oranges (1kg),8.77,373.7
Bermuda,Tomato (1kg),8.07,373.7
Bermuda,Potato (1kg),8.9,373.7
Bermuda,Onion (1kg),6.14,373.7
Bermuda,Lettuce (1 head),5.66,373.7
Bermuda,Water (1.5 liter bottle),4.05,373.7
Bermuda,Bottle of Wine (Mid-Range),25.0,373.7
Bermuda,Domestic Beer (0.5 liter bottle),6.52,373.7
Bermuda,Imported Beer (0.33 liter bottle),5.33,373.7
Bermuda,Cigarettes 20 Pack (Marlboro),18.0,373.7
Bermuda,One-way Ticket (Local Transport),4.5,373.7
Bermuda,Monthly Pass (Regular Price),69.0,373.7
Bermuda,Taxi Start (Normal Tariff),6.22,373.7
Bermuda,Taxi 1km (Normal Tariff),3.4,373.7
Bermuda,Taxi 1hour Waiting (Normal Tariff),50.0,373.7
Bermuda,Gasoline (1 liter),2.25,373.7
Bermuda,Volkswagen Golf 1.4 90 KW Trendline (Or Equivalent New Car),35000.0,373.7
Bermuda,Toyota Corolla Sedan 1.6l 97kW Comfort (Or Equivalent New Car),38000.0,373.7
Bermuda,"Basic (Electricity, Heating, Cooling, Water, Garbage) for 85m2 Apartment",255.92,373.7
Bermuda,Mobile Phone Monthly Plan with Calls and 10GB+ Data,118.1,373.7
Bermuda,"Internet (60 Mbps or More, Unlimited Data, Cable/ADSL)",147.5,373.7
Bermuda,"Fitness Club, Monthly Fee for 1 Adult",171.5,373.7
Bermuda,Tennis Court Rent (1 Hour on Weekend),48.33,373.7
Bermuda,"Cinema, International Release, 1 Seat",13.0,373.7
Bermuda,"Preschool (or Kindergarten), Full Day, Private, Monthly for 1 Child",1316.67,373.7
Bermuda,"International Primary School, Yearly for 1 Child",24250.0,373.7
Bermuda,1 Pair of Jeans (Levis 501 Or Similar),68.33,373.7
Bermuda,"1 Summer Dress in a Chain Store (Zara, H&M, ...)",60.0,373.7
Bermuda,1 Pair of Nike Running Shoes (Mid-Range),131.67,373.7
Bermuda,1 Pair of Men Leather Business Shoes,127.17,373.7
Bermuda,Apartment (1 bedroom) in City Centre,3434.38,373.7
Bermuda,Apartment (1 bedroom) Outside of Centre,2437.5,373.7
Bermuda,Apartment (3 bedrooms) in City Centre,7833.75,373.7
Bermuda,Apartment (3 bedrooms) Outside of Centre,6357.14,373.7
Bermuda,Price per Square Meter to Buy Apartment in City Centre,11555.35,373.7
Bermuda,Price per Square Meter to Buy Apartment Outside of Centre,6196.78,373.7
Bermuda,Average Monthly Net Salary (After Tax),6384.27,373.7
Bermuda,"Mortgage Interest Rate in Percentages (%), Yearly, for 20 Years Fixed-Rate",6.98,373.7
Bhutan,"Meal, Inexpensive Restaurant",2.97,-86.8
Bhutan,"Meal for 2 People, Mid-range Restaurant, Three-course",17.8,-86.8
Bhutan,McMeal at McDonalds (or Equivalent Combo Meal),2.97,-86.8
Bhutan,Domestic Beer (0.5 liter draught),6.48,-86.8
Bhutan,Imported Beer (0.33 liter bottle),2.37,-86.8
Bhutan,Cappuccino (regular),1.54,-86.8
Bhutan,Coke/Pepsi (0.33 liter bottle),0.56,-86.8
Bhutan,Water (0.33 liter bottle),0.19,-86.8
Bhutan,"Milk (regular), (1 liter)",0.86,-86.8
Bhutan,Loaf of Fresh White Bread (500g),0.84,-86.8
Bhutan,"Rice (white), (1kg)",0.7,-86.8
Bhutan,Eggs (regular) (12),1.96,-86.8
Bhutan,Local Cheese (1kg),3.74,-86.8
Bhutan,Chicken Fillets (1kg),3.62,-86.8
Bhutan,Beef Round (1kg) (or Equivalent Back Leg Red Meat),4.04,-86.8
Bhutan,Apples (1kg),2.64,-86.8
Bhutan,Banana (1kg),1.63,-86.8
Bhutan,Oranges (1kg),2.1,-86.8
Bhutan,Tomato (1kg),1.01,-86.8
Bhutan,Potato (1kg),0.53,-86.8
Bhutan,Onion (1kg),0.7,-86.8
Bhutan,Lettuce (1 head),0.43,-86.8
Bhutan,Water (1.5 liter bottle),0.4,-86.8
Bhutan,Bottle of Wine (Mid-Range),3.56,-86.8
Bhutan,Domestic Beer (0.5 liter bottle),0.81,-86.8
Bhutan,Imported Beer (0.33 liter bottle),1.15,-86.8
Bhutan,Cigarettes 20 Pack (Marlboro),3.86,-86.8
Bhutan,One-way Ticket (Local Transport),1.78,-86.8
Bhutan,Monthly Pass (Regular Price),4.0,-86.8
Bhutan,Taxi Start (Normal Tariff),0.95,-86.8
Bhutan,Taxi 1km (Normal Tariff),1.78,-86.8
Bhutan,Taxi 1hour Waiting (Normal Tariff),0.18,-86.8
Bhutan,Gasoline (1 liter),1.05,-86.8
Bhutan,Volkswagen Golf 1.4 90 KW Trendline (Or Equivalent New Car),21364.39,-86.8
Bhutan,Toyota Corolla Sedan 1.6l 97kW Comfort (Or Equivalent New Car),26112.04,-86.8
Bhutan,"Basic (Electricity, Heating, Cooling, Water, Garbage) for 85m2 Apartment",22.12,-86.8
Bhutan,Mobile Phone Monthly Plan with Calls and 10GB+ Data,35.87,-86.8
Bhutan,"Internet (60 Mbps or More, Unlimited Data, Cable/ADSL)",28.12,-86.8
Bhutan,"Fitness Club, Monthly Fee for 1 Adult",49.45,-86.8
Bhutan,Tennis Court Rent (1 Hour on Weekend),6.19,-86.8
Bhutan,"Cinema, International Release, 1 Seat",3.56,-86.8
Bhutan,"Preschool (or Kindergarten), Full Day, Private, Monthly for 1 Child",247.77,-86.8
Bhutan,"International Primary School, Yearly for 1 Child",682.47,-86.8
Bhutan,1 Pair of Jeans (Levis 501 Or Similar),20.97,-86.8
Bhutan,"1 Summer Dress in a Chain Store (Zara, H&M, ...)",11.87,-86.8
Bhutan,1 Pair of Nike Running Shoes (Mid-Range),49.45,-86.8
Bhutan,1 Pair of Men Leather Business Shoes,39.56,-86.8
Bhutan,Apartment (1 bedroom) in City Centre,116.37,-86.8
Bhutan,Apartment (1 bedroom) Outside of Centre,83.05,-86.8
Bhutan,Apartment (3 bedrooms) in City Centre,201.68,-86.8
Bhutan,Apartment (3 bedrooms) Outside of Centre,157.78,-86.8
Bhutan,Price per Square Meter to Buy Apartment in City Centre,1602.33,-86.8
Bhutan,Price per Square Meter to Buy Apartment Outside of Centre,1721.02,-86.8
Bhutan,Average Monthly Net Salary (After Tax),590.49,-86.8
Bhutan,"Mortgage Interest Rate in Percentages (%), Yearly, for 20 Years Fixed-Rate",9.6,-86.8
Bolivia,"Meal, Inexpensive Restaurant",2.89,-63.1
Bolivia,"Meal for 2 People, Mid-range Restaurant, Three-course",17.33,-63.1
Bolivia,McMeal at McDonalds (or Equivalent Combo Meal),7.22,-63.1
Bolivia,Domestic Beer (0.5 liter draught),1.73,-63.1
Bolivia,Imported Beer (0.33 liter bottle),2.94,-63.1
Bolivia,Cappuccino (regular),2.53,-63.1
Bolivia,Coke/Pepsi (0.33 liter bottle),0.81,-63.1
Bolivia,Water (0.33 liter bottle),0.67,-63.1
Bolivia,"Milk (regular), (1 liter)",0.94,-63.1
Bolivia,Loaf of Fresh White Bread (500g),1.24,-63.1
Bolivia,"Rice (white), (1kg)",1.05,-63.1
Bolivia,Eggs (regular) (12),1.75,-63.1
Bolivia,Local Cheese (1kg),4.59,-63.1
Bolivia,Chicken Fillets (1kg),3.07,-63.1
Bolivia,Beef Round (1kg) (or Equivalent Back Leg Red Meat),5.85,-63.1
Bolivia,Apples (1kg),2.16,-63.1
Bolivia,Banana (1kg),1.06,-63.1
Bolivia,Oranges (1kg),1.2,-63.1
Bolivia,Tomato (1kg),1.14,-63.1
Bolivia,Potato (1kg),1.08,-63.1
Bolivia,Onion (1kg),0.87,-63.1
Bolivia,Lettuce (1 head),0.71,-63.1
Bolivia,Water (1.5 liter bottle),1.05,-63.1
Bolivia,Bottle of Wine (Mid-Range),5.78,-63.1
Bolivia,Domestic Beer (0.5 liter bottle),1.83,-63.1
Bolivia,Imported Beer (0.33 liter bottle),2.75,-63.1
Bolivia,Cigarettes 20 Pack (Marlboro),2.89,-63.1
Bolivia,One-way Ticket (Local Transport),0.29,-63.1
Bolivia,Monthly Pass (Regular Price),24.55,-63.1
Bolivia,Taxi Start (Normal Tariff),1.44,-63.1
Bolivia,Taxi 1km (Normal Tariff),1.44,-63.1
Bolivia,Taxi 1hour Waiting (Normal Tariff),7.22,-63.1
Bolivia,Gasoline (1 liter),0.54,-63.1
Bolivia,Volkswagen Golf 1.4 90 KW Trendline (Or Equivalent New Car),15523.26,-63.1
Bolivia,Toyota Corolla Sedan 1.6l 97kW Comfort (Or Equivalent New Car),19384.52,-63.1
Bolivia,"Basic (Electricity, Heating, Cooling, Water, Garbage) for 85m2 Apartment",39.05,-63.1
Bolivia,Mobile Phone Monthly Plan with Calls and 10GB+ Data,22.3,-63.1
Bolivia,"Internet (60 Mbps or More, Unlimited Data, Cable/ADSL)",43.26,-63.1
Bolivia,"Fitness Club, Monthly Fee for 1 Adult",31.62,-63.1
Bolivia,Tennis Court Rent (1 Hour on Weekend),17.33,-63.1
Bolivia,"Cinema, International Release, 1 Seat",6.5,-63.1
Bolivia,"Preschool (or Kindergarten), Full Day, Private, Monthly for 1 Child",186.52,-63.1
Bolivia,"International Primary School, Yearly for 1 Child",3243.28,-63.1
Bolivia,1 Pair of Jeans (Levis 501 Or Similar),40.43,-63.1
Bolivia,"1 Summer Dress in a Chain Store (Zara, H&M, ...)",53.95,-63.1
Bolivia,1 Pair of Nike Running Shoes (Mid-Range),66.57,-63.1
Bolivia,1 Pair of Men Leather Business Shoes,59.22,-63.1
Bolivia,Apartment (1 bedroom) in City Centre,351.64,-63.1
Bolivia,Apartment (1 bedroom) Outside of Centre,209.06,-63.1
Bolivia,Apartment (3 bedrooms) in City Centre,611.43,-63.1
Bolivia,Apartment (3 bedrooms) Outside of Centre,391.51,-63.1
Bolivia,Price per Square Meter to Buy Apartment in City Centre,1138.04,-63.1
Bolivia,Price per Square Meter to Buy Apartment Outside of Centre,854.28,-63.1
Bolivia,Average Monthly Net Salary (After Tax),401.59,-63.1
Bolivia,"Mortgage Interest Rate in Percentages (%), Yearly, for 20 Years Fixed-Rate",7.27,-63.1
Bonaire,"Meal, Inexpensive Restaurant",13.0,
Bonaire,"Meal for 2 People, Mid-range Restaurant, Three-course",80.0,
Bonaire,McMeal at McDonalds (or Equivalent Combo Meal),18.0,
Bonaire,Domestic Beer (0.5 liter draught),8.5,
Bonaire,Imported Beer (0.33 liter bottle),3.5,
Bonaire,Cappuccino (regular),2.75,
Bonaire,Coke/Pepsi (0.33 liter bottle),3.17,
Bonaire,Water (0.33 liter bottle),2.0,
Bonaire,"Milk (regular), (1 liter)",1.89,
Bonaire,Loaf of Fresh White Bread (500g),2.25,
Bonaire,"Rice (white), (1kg)",,
Bonaire,Eggs (regular) (12),6.19,
Bonaire,Local Cheese (1kg),,
Bonaire,Chicken Fillets (1kg),8.99,
Bonaire,Beef Round (1kg) (or Equivalent Back Leg Red Meat),,
Bonaire,Apples (1kg),3.51,
Bonaire,Banana (1kg),,
Bonaire,Oranges (1kg),3.62,
Bonaire,Tomato (1kg),,
Bonaire,Potato (1kg),,
Bonaire,Onion (1kg),,
Bonaire,Lettuce (1 head),,
Bonaire,Water (1.5 liter bottle),,
Bonaire,Bottle of Wine (Mid-Range),10.0,
Bonaire,Domestic Beer (0.5 liter bottle),,
Bonaire,Imported Beer (0.33 liter bottle),,
Bonaire,Cigarettes 20 Pack (Marlboro),,
Bonaire,One-way Ticket (Local Transport),,
Bonaire,Monthly Pass (Regular Price),,
Bonaire,Taxi Start (Normal Tariff),10.0,
Bonaire,Taxi 1km (Normal Tariff),,
Bonaire,Taxi 1hour Waiting (Normal Tariff),,
Bonaire,Gasoline (1 liter),1.55,
Bonaire,Volkswagen Golf 1.4 90 KW Trendline (Or Equivalent New Car),,
Bonaire,Toyota Corolla Sedan 1.6l 97kW Comfort (Or Equivalent New Car),,
Bonaire,"Basic (Electricity, Heating, Cooling, Water, Garbage) for 85m2 Apartment",566.67,
Bonaire,Mobile Phone Monthly Plan with Calls and 10GB+ Data,45.0,
Bonaire,"Internet (60 Mbps or More, Unlimited Data, Cable/ADSL)",94.5,
Bonaire,"Fitness Club, Monthly Fee for 1 Adult",100.0,
Bonaire,Tennis Court Rent (1 Hour on Weekend),30.0,
Bonaire,"Cinema, International Release, 1 Seat",16.0,
Bonaire,"Preschool (or Kindergarten), Full Day, Private, Monthly for 1 Child",0.0,
Bonaire,"International Primary School, Yearly for 1 Child",,
Bonaire,1 Pair of Jeans (Levis 501 Or Similar),,
Bonaire,"1 Summer Dress in a Chain Store (Zara, H&M, ...)",,
Bonaire,1 Pair of Nike Running Shoes (Mid-Range),,
Bonaire,1 Pair of Men Leather Business Shoes,,
Bonaire,Apartment (1 bedroom) in City Centre,1066.67,
Bonaire,Apartment (1 bedroom) Outside of Centre,883.33,
Bonaire,Apartment (3 bedrooms) in City Centre,1966.67,
Bonaire,Apartment (3 bedrooms) Outside of Centre,1766.67,
Bonaire,Price per Square Meter to Buy Apartment in City Centre,,
Bonaire,Price per Square Meter to Buy Apartment Outside of Centre,,
Bonaire,Average Monthly Net Salary (After Tax),1625.5,
Bonaire,"Mortgage Interest Rate in Percentages (%), Yearly, for 20 Years Fixed-Rate",,
Bosnia And Herzegovina,"Meal, Inexpensive Restaurant",5.52,-69.4
Bosnia And Herzegovina,"Meal for 2 People, Mid-range Restaurant, Three-course",27.61,-69.4
Bosnia And Herzegovina,McMeal at McDonalds (or Equivalent Combo Meal),5.52,-69.4
Bosnia And Herzegovina,Domestic Beer (0.5 liter draught),1.93,-69.4
Bosnia And Herzegovina,Imported Beer (0.33 liter bottle),1.93,-69.4
Bosnia And Herzegovina,Cappuccino (regular),1.48,-69.4
Bosnia And Herzegovina,Coke/Pepsi (0.33 liter bottle),1.62,-69.4
Bosnia And Herzegovina,Water (0.33 liter bottle),1.03,-69.4
Bosnia And Herzegovina,"Milk (regular), (1 liter)",1.26,-69.4
Bosnia And Herzegovina,Loaf of Fresh White Bread (500g),1.01,-69.4
Bosnia And Herzegovina,"Rice (white), (1kg)",1.89,-69.4
Bosnia And Herzegovina,Eggs (regular) (12),2.63,-69.4
Bosnia And Herzegovina,Local Cheese (1kg),8.28,-69.4
Bosnia And Herzegovina,Chicken Fillets (1kg),6.92,-69.4
Bosnia And Herzegovina,Beef Round (1kg) (or Equivalent Back Leg Red Meat),10.27,-69.4
Bosnia And Herzegovina,Apples (1kg),1.19,-69.4
Bosnia And Herzegovina,Banana (1kg),1.64,-69.4
Bosnia And Herzegovina,Oranges (1kg),1.57,-69.4
Bosnia And Herzegovina,Tomato (1kg),1.76,-69.4
Bosnia And Herzegovina,Potato (1kg),0.98,-69.4
Bosnia And Herzegovina,Onion (1kg),1.11,-69.4
Bosnia And Herzegovina,Lettuce (1 head),1.04,-69.4
Bosnia And Herzegovina,Water (1.5 liter bottle),0.65,-69.4
Bosnia And Herzegovina,Bottle of Wine (Mid-Range),5.52,-69.4
Bosnia And Herzegovina,Domestic Beer (0.5 liter bottle),0.87,-69.4
Bosnia And Herzegovina,Imported Beer (0.33 liter bottle),1.17,-69.4
Bosnia And Herzegovina,Cigarettes 20 Pack (Marlboro),3.42,-69.4
Bosnia And Herzegovina,One-way Ticket (Local Transport),1.22,-69.4
Bosnia And Herzegovina,Monthly Pass (Regular Price),31.48,-69.4
Bosnia And Herzegovina,Taxi Start (Normal Tariff),1.38,-69.4
Bosnia And Herzegovina,Taxi 1km (Normal Tariff),0.83,-69.4
Bosnia And Herzegovina,Taxi 1hour Waiting (Normal Tariff),8.28,-69.4
Bosnia And Herzegovina,Gasoline (1 liter),1.47,-69.4
Bosnia And Herzegovina,Volkswagen Golf 1.4 90 KW Trendline (Or Equivalent New Car),27613.77,-69.4
Bosnia And Herzegovina,Toyota Corolla Sedan 1.6l 97kW Comfort (Or Equivalent New Car),24836.18,-69.4
Bosnia And Herzegovina,"Basic (Electricity, Heating, Cooling, Water, Garbage) for 85m2 Apartment",162.36,-69.4
Bosnia And Herzegovina,Mobile Phone Monthly Plan with Calls and 10GB+ Data,17.6,-69.4
Bosnia And Herzegovina,"Internet (60 Mbps or More, Unlimited Data, Cable/ADSL)",25.42,-69.4
Bosnia And Herzegovina,"Fitness Club, Monthly Fee for 1 Adult",29.09,-69.4
Bosnia And Herzegovina,Tennis Court Rent (1 Hour on Weekend),11.89,-69.4
Bosnia And Herzegovina,"Cinema, International Release, 1 Seat",5.46,-69.4
Bosnia And Herzegovina,"Preschool (or Kindergarten), Full Day, Private, Monthly for 1 Child",168.48,-69.4
Bosnia And Herzegovina,"International Primary School, Yearly for 1 Child",2755.43,-69.4
Bosnia And Herzegovina,1 Pair of Jeans (Levis 501 Or Similar),73.09,-69.4
Bosnia And Herzegovina,"1 Summer Dress in a Chain Store (Zara, H&M, ...)",31.54,-69.4
Bosnia And Herzegovina,1 Pair of Nike Running Shoes (Mid-Range),88.68,-69.4
Bosnia And Herzegovina,1 Pair of Men Leather Business Shoes,101.5,-69.4
Bosnia And Herzegovina,Apartment (1 bedroom) in City Centre,288.27,-69.4
Bosnia And Herzegovina,Apartment (1 bedroom) Outside of Centre,212.96,-69.4
Bosnia And Herzegovina,Apartment (3 bedrooms) in City Centre,461.33,-69.4
Bosnia And Herzegovina,Apartment (3 bedrooms) Outside of Centre,334.49,-69.4
Bosnia And Herzegovina,Price per Square Meter to Buy Apartment in City Centre,2138.53,-69.4
Bosnia And Herzegovina,Price per Square Meter to Buy Apartment Outside of Centre,1560.6,-69.4
Bosnia And Herzegovina,Average Monthly Net Salary (After Tax),701.31,-69.4
Bosnia And Herzegovina,"Mortgage Interest Rate in Percentages (%), Yearly, for 20 Years Fixed-Rate",4.47,-69.4
Botswana,"Meal, Inexpensive Restaurant",4.48,-71.3
Botswana,"Meal for 2 People, Mid-range Restaurant, Three-course",22.39,-71.3
Botswana,McMeal at McDonalds (or Equivalent Combo Meal),5.97,-71.3
Botswana,Domestic Beer (0.5 liter draught),2.02,-71.3
Botswana,Imported Beer (0.33 liter bottle),2.8,-71.3
Botswana,Cappuccino (regular),2.24,-71.3
Botswana,Coke/Pepsi (0.33 liter bottle),0.82,-71.3
Botswana,Water (0.33 liter bottle),0.49,-71.3
Botswana,"Milk (regular), (1 liter)",1.27,-71.3
Botswana,Loaf of Fresh White Bread (500g),0.75,-71.3
Botswana,"Rice (white), (1kg)",1.74,-71.3
Botswana,Eggs (regular) (12),2.09,-71.3
Botswana,Local Cheese (1kg),6.72,-71.3
Botswana,Chicken Fillets (1kg),5.24,-71.3
Botswana,Beef Round (1kg) (or Equivalent Back Leg Red Meat),4.97,-71.3
Botswana,Apples (1kg),1.63,-71.3
Botswana,Banana (1kg),1.3,-71.3
Botswana,Oranges (1kg),1.83,-71.3
Botswana,Tomato (1kg),1.41,-71.3
Botswana,Potato (1kg),1.22,-71.3
Botswana,Onion (1kg),1.08,-71.3
Botswana,Lettuce (1 head),1.06,-71.3
Botswana,Water (1.5 liter bottle),0.87,-71.3
Botswana,Bottle of Wine (Mid-Range),5.6,-71.3
Botswana,Domestic Beer (0.5 liter bottle),1.6,-71.3
Botswana,Imported Beer (0.33 liter bottle),1.93,-71.3
Botswana,Cigarettes 20 Pack (Marlboro),3.58,-71.3
Botswana,One-way Ticket (Local Transport),0.52,-71.3
Botswana,Monthly Pass (Regular Price),28.07,-71.3
Botswana,Taxi Start (Normal Tariff),0.6,-71.3
Botswana,Taxi 1km (Normal Tariff),2.35,-71.3
Botswana,Taxi 1hour Waiting (Normal Tariff),2.99,-71.3
Botswana,Gasoline (1 liter),1.11,-71.3
Botswana,Volkswagen Golf 1.4 90 KW Trendline (Or Equivalent New Car),18660.42,-71.3
Botswana,Toyota Corolla Sedan 1.6l 97kW Comfort (Or Equivalent New Car),18411.62,-71.3
Botswana,"Basic (Electricity, Heating, Cooling, Water, Garbage) for 85m2 Apartment",54.32,-71.3
Botswana,Mobile Phone Monthly Plan with Calls and 10GB+ Data,26.83,-71.3
Botswana,"Internet (60 Mbps or More, Unlimited Data, Cable/ADSL)",74.73,-71.3
Botswana,"Fitness Club, Monthly Fee for 1 Adult",30.23,-71.3
Botswana,Tennis Court Rent (1 Hour on Weekend),9.06,-71.3
Botswana,"Cinema, International Release, 1 Seat",6.72,-71.3
Botswana,"Preschool (or Kindergarten), Full Day, Private, Monthly for 1 Child",163.28,-71.3
Botswana,"International Primary School, Yearly for 1 Child",3998.42,-71.3
Botswana,1 Pair of Jeans (Levis 501 Or Similar),42.83,-71.3
Botswana,"1 Summer Dress in a Chain Store (Zara, H&M, ...)",23.34,-71.3
Botswana,1 Pair of Nike Running Shoes (Mid-Range),71.02,-71.3
Botswana,1 Pair of Men Leather Business Shoes,88.89,-71.3
Botswana,Apartment (1 bedroom) in City Centre,230.92,-71.3
Botswana,Apartment (1 bedroom) Outside of Centre,146.02,-71.3
Botswana,Apartment (3 bedrooms) in City Centre,505.92,-71.3
Botswana,Apartment (3 bedrooms) Outside of Centre,331.22,-71.3
Botswana,Price per Square Meter to Buy Apartment in City Centre,918.09,-71.3
Botswana,Price per Square Meter to Buy Apartment Outside of Centre,39808.91,-71.3
Botswana,Average Monthly Net Salary (After Tax),830.81,-71.3
Botswana,"Mortgage Interest Rate in Percentages (%), Yearly, for 20 Years Fixed-Rate",10.37,-71.3
Brazil,"Meal, Inexpensive Restaurant",5.26,-62.2
Brazil,"Meal for 2 People, Mid-range Restaurant, Three-course",26.28,-62.2
Brazil,McMeal at McDonalds (or Equivalent Combo Meal),6.13,-62.2
Brazil,Domestic Beer (0.5 liter draught),1.75,-62.2
Brazil,Imported Beer (0.33 liter bottle),2.63,-62.2
Brazil,Cappuccino (regular),1.64,-62.2
Brazil,Coke/Pepsi (0.33 liter bottle),1.03,-62.2
Brazil,Water (0.33 liter bottle),0.64,-62.2
Brazil,"Milk (regular), (1 liter)",0.94,-62.2
Brazil,Loaf of Fresh White Bread (500g),1.43,-62.2
Brazil,"Rice (white), (1kg)",1.11,-62.2
Brazil,Eggs (regular) (12),1.93,-62.2
Brazil,Local Cheese (1kg),8.16,-62.2
Brazil,Chicken Fillets (1kg),3.49,-62.2
Brazil,Beef Round (1kg) (or Equivalent Back Leg Red Meat),6.98,-62.2
Brazil,Apples (1kg),1.93,-62.2
Brazil,Banana (1kg),1.22,-62.2
Brazil,Oranges (1kg),1.02,-62.2
Brazil,Tomato (1kg),1.42,-62.2
Brazil,Potato (1kg),1.11,-62.2
Brazil,Onion (1kg),1.08,-62.2
Brazil,Lettuce (1 head),0.68,-62.2
Brazil,Water (1.5 liter bottle),0.63,-62.2
Brazil,Bottle of Wine (Mid-Range),7.01,-62.2
Brazil,Domestic Beer (0.5 liter bottle),1.14,-62.2
Brazil,Imported Beer (0.33 liter bottle),2.09,-62.2
Brazil,Cigarettes 20 Pack (Marlboro),2.1,-62.2
Brazil,One-way Ticket (Local Transport),0.88,-62.2
Brazil,Monthly Pass (Regular Price),39.6,-62.2
Brazil,Taxi Start (Normal Tariff),1.05,-62.2
Brazil,Taxi 1km (Normal Tariff),0.88,-62.2
Brazil,Taxi 1hour Waiting (Normal Tariff),7.01,-62.2
Brazil,Gasoline (1 liter),0.99,-62.2
Brazil,Volkswagen Golf 1.4 90 KW Trendline (Or Equivalent New Car),20131.05,-62.2
Brazil,Toyota Corolla Sedan 1.6l 97kW Comfort (Or Equivalent New Car),26462.52,-62.2
Brazil,"Basic (Electricity, Heating, Cooling, Water, Garbage) for 85m2 Apartment",66.37,-62.2
Brazil,Mobile Phone Monthly Plan with Calls and 10GB+ Data,14.35,-62.2
Brazil,"Internet (60 Mbps or More, Unlimited Data, Cable/ADSL)",18.59,-62.2
Brazil,"Fitness Club, Monthly Fee for 1 Adult",21.91,-62.2
Brazil,Tennis Court Rent (1 Hour on Weekend),22.13,-62.2
Brazil,"Cinema, International Release, 1 Seat",6.13,-62.2
Brazil,"Preschool (or Kindergarten), Full Day, Private, Monthly for 1 Child",274.17,-62.2
Brazil,"International Primary School, Yearly for 1 Child",7144.49,-62.2
Brazil,1 Pair of Jeans (Levis 501 Or Similar),46.24,-62.2
Brazil,"1 Summer Dress in a Chain Store (Zara, H&M, ...)",41.04,-62.2
Brazil,1 Pair of Nike Running Shoes (Mid-Range),72.19,-62.2
Brazil,1 Pair of Men Leather Business Shoes,58.39,-62.2
Brazil,Apartment (1 bedroom) in City Centre,321.58,-62.2
Brazil,Apartment (1 bedroom) Outside of Centre,219.1,-62.2
Brazil,Apartment (3 bedrooms) in City Centre,623.49,-62.2
Brazil,Apartment (3 bedrooms) Outside of Centre,436.83,-62.2
Brazil,Price per Square Meter to Buy Apartment in City Centre,1524.26,-62.2
Brazil,Price per Square Meter to Buy Apartment Outside of Centre,1057.77,-62.2
Brazil,Average Monthly Net Salary (After Tax),414.18,-62.2
Brazil,"Mortgage Interest Rate in Percentages (%), Yearly, for 20 Years Fixed-Rate",10.89,-62.2
British Virgin Islands,"Meal, Inexpensive Restaurant",22.5,
British Virgin Islands,"Meal for 2 People, Mid-range Restaurant, Three-course",80.0,
British Virgin Islands,McMeal at McDonalds (or Equivalent Combo Meal),15.0,
British Virgin Islands,Domestic Beer (0.5 liter draught),4.0,
British Virgin Islands,Imported Beer (0.33 liter bottle),3.0,
British Virgin Islands,Cappuccino (regular),6.75,
British Virgin Islands,Coke/Pepsi (0.33 liter bottle),1.82,
British Virgin Islands,Water (0.33 liter bottle),1.32,
British Virgin Islands,"Milk (regular), (1 liter)",2.19,
British Virgin Islands,Loaf of Fresh White Bread (500g),4.81,
British Virgin Islands,"Rice (white), (1kg)",5.62,
British Virgin Islands,Eggs (regular) (12),6.06,
British Virgin Islands,Local Cheese (1kg),15.5,
British Virgin Islands,Chicken Fillets (1kg),11.5,
British Virgin Islands,Beef Round (1kg) (or Equivalent Back Leg Red Meat),17.49,
British Virgin Islands,Apples (1kg),3.94,
British Virgin Islands,Banana (1kg),3.53,
British Virgin Islands,Oranges (1kg),2.0,
British Virgin Islands,Tomato (1kg),7.15,
British Virgin Islands,Potato (1kg),5.4,
British Virgin Islands,Onion (1kg),4.46,
British Virgin Islands,Lettuce (1 head),8.67,
British Virgin Islands,Water (1.5 liter bottle),1.89,
British Virgin Islands,Bottle of Wine (Mid-Range),10.5,
British Virgin Islands,Domestic Beer (0.5 liter bottle),4.75,
British Virgin Islands,Imported Beer (0.33 liter bottle),2.0,
British Virgin Islands,Cigarettes 20 Pack (Marlboro),5.0,
British Virgin Islands,One-way Ticket (Local Transport),4.0,
British Virgin Islands,Monthly Pass (Regular Price),,
British Virgin Islands,Taxi Start (Normal Tariff),,
British Virgin Islands,Taxi 1km (Normal Tariff),,
British Virgin Islands,Taxi 1hour Waiting (Normal Tariff),,
British Virgin Islands,Gasoline (1 liter),1.23,
British Virgin Islands,Volkswagen Golf 1.4 90 KW Trendline (Or Equivalent New Car),,
British Virgin Islands,Toyota Corolla Sedan 1.6l 97kW Comfort (Or Equivalent New Car),,
British Virgin Islands,"Basic (Electricity, Heating, Cooling, Water, Garbage) for 85m2 Apartment",159.75,
British Virgin Islands,Mobile Phone Monthly Plan with Calls and 10GB+ Data,98.33,
British Virgin Islands,"Internet (60 Mbps or More, Unlimited Data, Cable/ADSL)",118.0,
British Virgin Islands,"Fitness Club, Monthly Fee for 1 Adult",120.0,
British Virgin Islands,Tennis Court Rent (1 Hour on Weekend),20.0,
British Virgin Islands,"Cinema, International Release, 1 Seat",10.0,
British Virgin Islands,"Preschool (or Kindergarten), Full Day, Private, Monthly for 1 Child",375.0,
British Virgin Islands,"International Primary School, Yearly for 1 Child",10320.0,
British Virgin Islands,1 Pair of Jeans (Levis 501 Or Similar),47.5,
British Virgin Islands,"1 Summer Dress in a Chain Store (Zara, H&M, ...)",55.0,
British Virgin Islands,1 Pair of Nike Running Shoes (Mid-Range),146.67,
British Virgin Islands,1 Pair of Men Leather Business Shoes,130.0,
British Virgin Islands,Apartment (1 bedroom) in City Centre,1300.0,
British Virgin Islands,Apartment (1 bedroom) Outside of Centre,1275.0,
British Virgin Islands,Apartment (3 bedrooms) in City Centre,3625.0,
British Virgin Islands,Apartment (3 bedrooms) Outside of Centre,3500.0,
British Virgin Islands,Price per Square Meter to Buy Apartment in City Centre,,
British Virgin Islands,Price per Square Meter to Buy Apartment Outside of Centre,,
British Virgin Islands,Average Monthly Net Salary (After Tax),2081.0,
British Virgin Islands,"Mortgage Interest Rate in Percentages (%), Yearly, for 20 Years Fixed-Rate",5.5,
Brunei,"Meal, Inexpensive Restaurant",4.8,-11.4
Brunei,"Meal for 2 People, Mid-range Restaurant, Three-course",35.86,-11.4
Brunei,McMeal at McDonalds (or Equivalent Combo Meal),6.0,-11.4
Brunei,Domestic Non-Alcoholic Beer (0.5 liter draught),1.89,-11.4
Brunei,Imported Non-Alcoholic Beer (0.33 liter bottle),2.27,-11.4
Brunei,Cappuccino (regular),3.95,-11.4
Brunei,Coke/Pepsi (0.33 liter bottle),0.9,-11.4
Brunei,Water (0.33 liter bottle),0.76,-11.4
Brunei,"Milk (regular), (1 liter)",2.26,-11.4
Brunei,Loaf of Fresh White Bread (500g),2.08,-11.4
Brunei,"Rice (white), (1kg)",1.99,-11.4
Brunei,Eggs (regular) (12),2.45,-11.4
Brunei,Local Cheese (1kg),17.13,-11.4
Brunei,Chicken Fillets (1kg),8.12,-11.4
Brunei,Beef Round (1kg) (or Equivalent Back Leg Red Meat),19.7,-11.4
Brunei,Apples (1kg),3.88,-11.4
Brunei,Banana (1kg),3.02,-11.4
Brunei,Oranges (1kg),3.77,-11.4
Brunei,Tomato (1kg),4.4,-11.4
Brunei,Potato (1kg),2.23,-11.4
Brunei,Onion (1kg),2.14,-11.4
Brunei,Lettuce (1 head),4.65,-11.4
Brunei,Water (1.5 liter bottle),1.03,-11.4
Brunei,Bottle of Non-Alcoholic Wine (Mid-Range),15.1,-11.4
Brunei,Domestic Non-Alcoholic Beer (0.5 liter bottle),5.03,-11.4
Brunei,Imported Non-Alcoholic Beer (0.33 liter bottle),1.28,-11.4
Brunei,Cigarettes 20 Pack (Marlboro),11.33,-11.4
Brunei,One-way Ticket (Local Transport),1.51,-11.4
Brunei,Monthly Pass (Regular Price),22.65,-11.4
Brunei,Taxi Start (Normal Tariff),4.53,-11.4
Brunei,Taxi 1km (Normal Tariff),2.64,-11.4
Brunei,Taxi 1hour Waiting (Normal Tariff),22.65,-11.4
Brunei,Gasoline (1 liter),0.38,-11.4
Brunei,Volkswagen Golf 1.4 90 KW Trendline (Or Equivalent New Car),22668.2,-11.4
Brunei,Toyota Corolla Sedan 1.6l 97kW Comfort (Or Equivalent New Car),28897.34,-11.4
Brunei,"Basic (Electricity, Heating, Cooling, Water, Garbage) for 85m2 Apartment",48.93,-11.4
Brunei,Mobile Phone Monthly Plan with Calls and 10GB+ Data,21.83,-11.4
Brunei,"Internet (60 Mbps or More, Unlimited Data, Cable/ADSL)",79.62,-11.4
Brunei,"Fitness Club, Monthly Fee for 1 Adult",47.41,-11.4
Brunei,Tennis Court Rent (1 Hour on Weekend),6.42,-11.4
Brunei,"Cinema, International Release, 1 Seat",5.29,-11.4
Brunei,"Preschool (or Kindergarten), Full Day, Private, Monthly for 1 Child",209.59,-11.4
Brunei,"International Primary School, Yearly for 1 Child",11294.23,-11.4
Brunei,1 Pair of Jeans (Levis 501 Or Similar),55.89,-11.4
Brunei,"1 Summer Dress in a Chain Store (Zara, H&M, ...)",60.24,-11.4
Brunei,1 Pair of Nike Running Shoes (Mid-Range),105.63,-11.4
Brunei,1 Pair of Men Leather Business Shoes,86.86,-11.4
Brunei,Apartment (1 bedroom) in City Centre,619.24,-11.4
Brunei,Apartment (1 bedroom) Outside of Centre,654.36,-11.4
Brunei,Apartment (3 bedrooms) in City Centre,1402.4,-11.4
Brunei,Apartment (3 bedrooms) Outside of Centre,1076.12,-11.4
Brunei,Price per Square Meter to Buy Apartment in City Centre,3133.81,-11.4
Brunei,Price per Square Meter to Buy Apartment Outside of Centre,2855.95,-11.4
Brunei,Average Monthly Net Salary (After Tax),2008.94,-11.4
Brunei,"Mortgage Interest Rate in Percentages (%), Yearly, for 20 Years Fixed-Rate",3.8,-11.4
Bulgaria,"Meal, Inexpensive Restaurant",11.04,-48.2
Bulgaria,"Meal for 2 People, Mid-range Restaurant, Three-course",41.4,-48.2
Bulgaria,McMeal at McDonalds (or Equivalent Combo Meal),8.28,-48.2
Bulgaria,Domestic Beer (0.5 liter draught),2.21,-48.2
Bulgaria,Imported Beer (0.33 liter bottle),2.76,-48.2
Bulgaria,Cappuccino (regular),1.99,-48.2
Bulgaria,Coke/Pepsi (0.33 liter bottle),1.33,-48.2
Bulgaria,Water (0.33 liter bottle),0.86,-48.2
Bulgaria,"Milk (regular), (1 liter)",1.7,-48.2
Bulgaria,Loaf of Fresh White Bread (500g),0.99,-48.2
Bulgaria,"Rice (white), (1kg)",2.01,-48.2
Bulgaria,Eggs (regular) (12),3.32,-48.2
Bulgaria,Local Cheese (1kg),9.91,-48.2
Bulgaria,Chicken Fillets (1kg),7.2,-48.2
Bulgaria,Beef Round (1kg) (or Equivalent Back Leg Red Meat),11.13,-48.2
Bulgaria,Apples (1kg),1.5,-48.2
Bulgaria,Banana (1kg),1.86,-48.2
Bulgaria,Oranges (1kg),1.64,-48.2
Bulgaria,Tomato (1kg),2.29,-48.2
Bulgaria,Potato (1kg),1.04,-48.2
Bulgaria,Onion (1kg),1.08,-48.2
Bulgaria,Lettuce (1 head),0.93,-48.2
Bulgaria,Water (1.5 liter bottle),0.67,-48.2
Bulgaria,Bottle of Wine (Mid-Range),6.62,-48.2
Bulgaria,Domestic Beer (0.5 liter bottle),0.99,-48.2
Bulgaria,Imported Beer (0.33 liter bottle),1.63,-48.2
Bulgaria,Cigarettes 20 Pack (Marlboro),3.31,-48.2
Bulgaria,One-way Ticket (Local Transport),0.88,-48.2
Bulgaria,Monthly Pass (Regular Price),27.6,-48.2
Bulgaria,Taxi Start (Normal Tariff),1.27,-48.2
Bulgaria,Taxi 1km (Normal Tariff),0.72,-48.2
Bulgaria,Taxi 1hour Waiting (Normal Tariff),11.59,-48.2
Bulgaria,Gasoline (1 liter),1.47,-48.2
Bulgaria,Volkswagen Golf 1.4 90 KW Trendline (Or Equivalent New Car),30169.62,-48.2
Bulgaria,Toyota Corolla Sedan 1.6l 97kW Comfort (Or Equivalent New Car),26069.13,-48.2
Bulgaria,"Basic (Electricity, Heating, Cooling, Water, Garbage) for 85m2 Apartment",116.86,-48.2
Bulgaria,Mobile Phone Monthly Plan with Calls and 10GB+ Data,16.78,-48.2
Bulgaria,"Internet (60 Mbps or More, Unlimited Data, Cable/ADSL)",13.25,-48.2
Bulgaria,"Fitness Club, Monthly Fee for 1 Adult",31.68,-48.2
Bulgaria,Tennis Court Rent (1 Hour on Weekend),15.39,-48.2
Bulgaria,"Cinema, International Release, 1 Seat",8.28,-48.2
Bulgaria,"Preschool (or Kindergarten), Full Day, Private, Monthly for 1 Child",465.35,-48.2
Bulgaria,"International Primary School, Yearly for 1 Child",6247.95,-48.2
Bulgaria,1 Pair of Jeans (Levis 501 Or Similar),57.7,-48.2
Bulgaria,"1 Summer Dress in a Chain Store (Zara, H&M, ...)",32.36,-48.2
Bulgaria,1 Pair of Nike Running Shoes (Mid-Range),87.52,-48.2
Bulgaria,1 Pair of Men Leather Business Shoes,94.44,-48.2
Bulgaria,Apartment (1 bedroom) in City Centre,444.85,-48.2
Bulgaria,Apartment (1 bedroom) Outside of Centre,342.47,-48.2
Bulgaria,Apartment (3 bedrooms) in City Centre,826.72,-48.2
Bulgaria,Apartment (3 bedrooms) Outside of Centre,578.79,-48.2
Bulgaria,Price per Square Meter to Buy Apartment in City Centre,2274.41,-48.2
Bulgaria,Price per Square Meter to Buy Apartment Outside of Centre,1523.38,-48.2
Bulgaria,Average Monthly Net Salary (After Tax),1027.15,-48.2
Bulgaria,"Mortgage Interest Rate in Percentages (%), Yearly, for 20 Years Fixed-Rate",4.3,-48.2
Burkina Faso,"Meal, Inexpensive Restaurant",1.23,
Burkina Faso,"Meal for 2 People, Mid-range Restaurant, Three-course",22.2,
Burkina Faso,McMeal at McDonalds (or Equivalent Combo Meal),7.4,
Burkina Faso,Domestic Beer (0.5 liter draught),1.15,
Burkina Faso,Imported Beer (0.33 liter bottle),0.99,
Burkina Faso,Cappuccino (regular),1.64,
Burkina Faso,Coke/Pepsi (0.33 liter bottle),0.77,
Burkina Faso,Water (0.33 liter bottle),0.53,
Burkina Faso,"Milk (regular), (1 liter)",2.23,
Burkina Faso,Loaf of Fresh White Bread (500g),1.01,
Burkina Faso,"Rice (white), (1kg)",0.86,
Burkina Faso,Eggs (regular) (12),2.45,
Burkina Faso,Local Cheese (1kg),18.15,
Burkina Faso,Chicken Fillets (1kg),13.16,
Burkina Faso,Beef Round (1kg) (or Equivalent Back Leg Red Meat),10.28,
Burkina Faso,Apples (1kg),3.42,
Burkina Faso,Banana (1kg),1.2,
Burkina Faso,Oranges (1kg),0.95,
Burkina Faso,Tomato (1kg),1.95,
Burkina Faso,Potato (1kg),2.11,
Burkina Faso,Onion (1kg),1.32,
Burkina Faso,Lettuce (1 head),0.51,
Burkina Faso,Water (1.5 liter bottle),0.82,
Burkina Faso,Bottle of Wine (Mid-Range),8.22,
Burkina Faso,Domestic Beer (0.5 liter bottle),1.08,
Burkina Faso,Imported Beer (0.33 liter bottle),1.64,
Burkina Faso,Cigarettes 20 Pack (Marlboro),1.56,
Burkina Faso,One-way Ticket (Local Transport),0.16,
Burkina Faso,Monthly Pass (Regular Price),,
Burkina Faso,Taxi Start (Normal Tariff),,
Burkina Faso,Taxi 1km (Normal Tariff),1.64,
Burkina Faso,Taxi 1hour Waiting (Normal Tariff),,
Burkina Faso,Gasoline (1 liter),1.29,
Burkina Faso,Volkswagen Golf 1.4 90 KW Trendline (Or Equivalent New Car),8551.81,
Burkina Faso,Toyota Corolla Sedan 1.6l 97kW Comfort (Or Equivalent New Car),32891.57,
Burkina Faso,"Basic (Electricity, Heating, Cooling, Water, Garbage) for 85m2 Apartment",117.31,
Burkina Faso,Mobile Phone Monthly Plan with Calls and 10GB+ Data,32.89,
Burkina Faso,"Internet (60 Mbps or More, Unlimited Data, Cable/ADSL)",45.14,
Burkina Faso,"Fitness Club, Monthly Fee for 1 Adult",57.56,
Burkina Faso,Tennis Court Rent (1 Hour on Weekend),,
Burkina Faso,"Cinema, International Release, 1 Seat",8.22,
Burkina Faso,"Preschool (or Kindergarten), Full Day, Private, Monthly for 1 Child",123.34,
Burkina Faso,"International Primary School, Yearly for 1 Child",15151.0,
Burkina Faso,1 Pair of Jeans (Levis 501 Or Similar),,
Burkina Faso,"1 Summer Dress in a Chain Store (Zara, H&M, ...)",,
Burkina Faso,1 Pair of Nike Running Shoes (Mid-Range),,
Burkina Faso,1 Pair of Men Leather Business Shoes,,
Burkina Faso,Apartment (1 bedroom) in City Centre,411.14,
Burkina Faso,Apartment (1 bedroom) Outside of Centre,287.8,
Burkina Faso,Apartment (3 bedrooms) in City Centre,1123.8,
Burkina Faso,Apartment (3 bedrooms) Outside of Centre,712.65,
Burkina Faso,Price per Square Meter to Buy Apartment in City Centre,215.75,
Burkina Faso,Price per Square Meter to Buy Apartment Outside of Centre,107.88,
Burkina Faso,Average Monthly Net Salary (After Tax),646.87,
Burkina Faso,"Mortgage Interest Rate in Percentages (%), Yearly, for 20 Years Fixed-Rate",,
Burundi,"Meal, Inexpensive Restaurant",1.88,
Burundi,"Meal for 2 People, Mid-range Restaurant, Three-course",15.81,
Burundi,McMeal at McDonalds (or Equivalent Combo Meal),3.79,
Burundi,Domestic Beer (0.5 liter draught),1.26,
Burundi,Imported Beer (0.33 liter bottle),3.28,
Burundi,Cappuccino (regular),3.03,
Burundi,Coke/Pepsi (0.33 liter bottle),0.5,
Burundi,Water (0.33 liter bottle),0.67,
Burundi,"Milk (regular), (1 liter)",0.77,
Burundi,Loaf of Fresh White Bread (500g),0.7,
Burundi,"Rice (white), (1kg)",1.34,
Burundi,Eggs (regular) (12),2.06,
Burundi,Local Cheese (1kg),12.07,
Burundi,Chicken Fillets (1kg),7.0,
Burundi,Beef Round (1kg) (or Equivalent Back Leg Red Meat),5.68,
Burundi,Apples (1kg),4.06,
Burundi,Banana (1kg),0.55,
Burundi,Oranges (1kg),1.45,
Burundi,Tomato (1kg),0.79,
Burundi,Potato (1kg),0.41,
Burundi,Onion (1kg),0.5,
Burundi,Lettuce (1 head),0.48,
Burundi,Water (1.5 liter bottle),0.97,
Burundi,Bottle of Wine (Mid-Range),16.9,
Burundi,Domestic Beer (0.5 liter bottle),1.69,
Burundi,Imported Beer (0.33 liter bottle),2.41,
Burundi,Cigarettes 20 Pack (Marlboro),2.41,
Burundi,One-way Ticket (Local Transport),,
Burundi,Monthly Pass (Regular Price),,
Burundi,Taxi Start (Normal Tariff),,
Burundi,Taxi 1km (Normal Tariff),3.52,
Burundi,Taxi 1hour Waiting (Normal Tariff),,
Burundi,Gasoline (1 liter),,
Burundi,Volkswagen Golf 1.4 90 KW Trendline (Or Equivalent New Car),,
Burundi,Toyota Corolla Sedan 1.6l 97kW Comfort (Or Equivalent New Car),,
Burundi,"Basic (Electricity, Heating, Cooling, Water, Garbage) for 85m2 Apartment",,
Burundi,Mobile Phone Monthly Plan with Calls and 10GB+ Data,6.33,
Burundi,"Internet (60 Mbps or More, Unlimited Data, Cable/ADSL)",20.17,
Burundi,"Fitness Club, Monthly Fee for 1 Adult",,
Burundi,Tennis Court Rent (1 Hour on Weekend),,
Burundi,"Cinema, International Release, 1 Seat",,
Burundi,"Preschool (or Kindergarten), Full Day, Private, Monthly for 1 Child",102.98,
Burundi,"International Primary School, Yearly for 1 Child",10298.47,
Burundi,1 Pair of Jeans (Levis 501 Or Similar),,
Burundi,"1 Summer Dress in a Chain Store (Zara, H&M, ...)",,
Burundi,1 Pair of Nike Running Shoes (Mid-Range),,
Burundi,1 Pair of Men Leather Business Shoes,,
Burundi,Apartment (1 bedroom) in City Centre,205.6,
Burundi,Apartment (1 bedroom) Outside of Centre,79.69,
Burundi,Apartment (3 bedrooms) in City Centre,444.8,
Burundi,Apartment (3 bedrooms) Outside of Centre,254.15,
Burundi,Price per Square Meter to Buy Apartment in City Centre,2347.93,
Burundi,Price per Square Meter to Buy Apartment Outside of Centre,2539.05,
Burundi,Average Monthly Net Salary (After Tax),590.96,
Burundi,"Mortgage Interest Rate in Percentages (%), Yearly, for 20 Years Fixed-Rate",14.59,
Cambodia,"Meal, Inexpensive Restaurant",4.0,-53.8
Cambodia,"Meal for 2 People, Mid-range Restaurant, Three-course",30.0,-53.8
Cambodia,McMeal at McDonalds (or Equivalent Combo Meal),7.0,-53.8
Cambodia,Domestic Beer (0.5 liter draught),1.0,-53.8
Cambodia,Imported Beer (0.33 liter bottle),2.5,-53.8
Cambodia,Cappuccino (regular),2.42,-53.8
Cambodia,Coke/Pepsi (0.33 liter bottle),0.91,-53.8
Cambodia,Water (0.33 liter bottle),0.75,-53.8
Cambodia,"Milk (regular), (1 liter)",2.12,-53.8
Cambodia,Loaf of Fresh White Bread (500g),1.75,-53.8
Cambodia,"Rice (white), (1kg)",0.94,-53.8
Cambodia,Eggs (regular) (12),1.87,-53.8
Cambodia,Local Cheese (1kg),13.64,-53.8
Cambodia,Chicken Fillets (1kg),4.0,-53.8
Cambodia,Beef Round (1kg) (or Equivalent Back Leg Red Meat),9.7,-53.8
Cambodia,Apples (1kg),3.63,-53.8
Cambodia,Banana (1kg),1.4,-53.8
Cambodia,Oranges (1kg),3.62,-53.8
Cambodia,Tomato (1kg),1.41,-53.8
Cambodia,Potato (1kg),1.39,-53.8
Cambodia,Onion (1kg),1.2,-53.8
Cambodia,Lettuce (1 head),1.68,-53.8
Cambodia,Water (1.5 liter bottle),0.72,-53.8
Cambodia,Bottle of Wine (Mid-Range),11.0,-53.8
Cambodia,Domestic Beer (0.5 liter bottle),0.95,-53.8
Cambodia,Imported Beer (0.33 liter bottle),1.74,-53.8
Cambodia,Cigarettes 20 Pack (Marlboro),2.0,-53.8
Cambodia,One-way Ticket (Local Transport),1.62,-53.8
Cambodia,Monthly Pass (Regular Price),10.6,-53.8
Cambodia,Taxi Start (Normal Tariff),1.0,-53.8
Cambodia,Taxi 1km (Normal Tariff),1.0,-53.8
Cambodia,Taxi 1hour Waiting (Normal Tariff),4.25,-53.8
Cambodia,Gasoline (1 liter),1.17,-53.8
Cambodia,Volkswagen Golf 1.4 90 KW Trendline (Or Equivalent New Car),41500.0,-53.8
Cambodia,Toyota Corolla Sedan 1.6l 97kW Comfort (Or Equivalent New Car),35500.0,-53.8
Cambodia,"Basic (Electricity, Heating, Cooling, Water, Garbage) for 85m2 Apartment",88.89,-53.8
Cambodia,Mobile Phone Monthly Plan with Calls and 10GB+ Data,6.05,-53.8
Cambodia,"Internet (60 Mbps or More, Unlimited Data, Cable/ADSL)",23.63,-53.8
Cambodia,"Fitness Club, Monthly Fee for 1 Adult",40.83,-53.8
Cambodia,Tennis Court Rent (1 Hour on Weekend),10.2,-53.8
Cambodia,"Cinema, International Release, 1 Seat",6.0,-53.8
Cambodia,"Preschool (or Kindergarten), Full Day, Private, Monthly for 1 Child",306.0,-53.8
Cambodia,"International Primary School, Yearly for 1 Child",9350.0,-53.8
Cambodia,1 Pair of Jeans (Levis 501 Or Similar),23.1,-53.8
Cambodia,"1 Summer Dress in a Chain Store (Zara, H&M, ...)",20.57,-53.8
Cambodia,1 Pair of Nike Running Shoes (Mid-Range),90.83,-53.8
Cambodia,1 Pair of Men Leather Business Shoes,49.5,-53.8
Cambodia,Apartment (1 bedroom) in City Centre,395.0,-53.8
Cambodia,Apartment (1 bedroom) Outside of Centre,241.03,-53.8
Cambodia,Apartment (3 bedrooms) in City Centre,845.83,-53.8
Cambodia,Apartment (3 bedrooms) Outside of Centre,476.19,-53.8
Cambodia,Price per Square Meter to Buy Apartment in City Centre,2057.33,-53.8
Cambodia,Price per Square Meter to Buy Apartment Outside of Centre,1492.5,-53.8
Cambodia,Average Monthly Net Salary (After Tax),323.79,-53.8
Cambodia,"Mortgage Interest Rate in Percentages (%), Yearly, for 20 Years Fixed-Rate",11.36,-53.8
Cameroon,"Meal, Inexpensive Restaurant",4.93,-13.0
Cameroon,"Meal for 2 People, Mid-range Restaurant, Three-course",106.9,-13.0
Cameroon,McMeal at McDonalds (or Equivalent Combo Meal),4.93,-13.0
Cameroon,Domestic Beer (0.5 liter draught),1.15,-13.0
Cameroon,Imported Beer (0.33 liter bottle),2.36,-13.0
Cameroon,Cappuccino (regular),1.61,-13.0
Cameroon,Coke/Pepsi (0.33 liter bottle),1.35,-13.0
Cameroon,Water (0.33 liter bottle),0.64,-13.0
Cameroon,"Milk (regular), (1 liter)",2.54,-13.0
Cameroon,Loaf of Fresh White Bread (500g),0.63,-13.0
Cameroon,"Rice (white), (1kg)",1.45,-13.0
Cameroon,Eggs (regular) (12),1.82,-13.0
Cameroon,Local Cheese (1kg),18.71,-13.0
Cameroon,Chicken Fillets (1kg),6.06,-13.0
Cameroon,Beef Round (1kg) (or Equivalent Back Leg Red Meat),5.51,-13.0
Cameroon,Apples (1kg),3.29,-13.0
Cameroon,Banana (1kg),1.55,-13.0
Cameroon,Oranges (1kg),1.65,-13.0
Cameroon,Tomato (1kg),1.27,-13.0
Cameroon,Potato (1kg),1.58,-13.0
Cameroon,Onion (1kg),1.42,-13.0
Cameroon,Lettuce (1 head),0.6,-13.0
Cameroon,Water (1.5 liter bottle),0.73,-13.0
Cameroon,Bottle of Wine (Mid-Range),7.4,-13.0
Cameroon,Domestic Beer (0.5 liter bottle),1.19,-13.0
Cameroon,Imported Beer (0.33 liter bottle),1.6,-13.0
Cameroon,Cigarettes 20 Pack (Marlboro),2.06,-13.0
Cameroon,One-way Ticket (Local Transport),0.74,-13.0
Cameroon,Monthly Pass (Regular Price),16.45,-13.0
Cameroon,Taxi Start (Normal Tariff),0.49,-13.0
Cameroon,Taxi 1km (Normal Tariff),0.49,-13.0
Cameroon,Taxi 1hour Waiting (Normal Tariff),6.17,-13.0
Cameroon,Gasoline (1 liter),1.18,-13.0
Cameroon,Volkswagen Golf 1.4 90 KW Trendline (Or Equivalent New Car),29232.38,-13.0
Cameroon,Toyota Corolla Sedan 1.6l 97kW Comfort (Or Equivalent New Car),14493.67,-13.0
Cameroon,"Basic (Electricity, Heating, Cooling, Water, Garbage) for 85m2 Apartment",130.47,-13.0
Cameroon,Mobile Phone Monthly Plan with Calls and 10GB+ Data,21.93,-13.0
Cameroon,"Internet (60 Mbps or More, Unlimited Data, Cable/ADSL)",123.86,-13.0
Cameroon,"Fitness Club, Monthly Fee for 1 Adult",23.64,-13.0
Cameroon,Tennis Court Rent (1 Hour on Weekend),5.89,-13.0
Cameroon,"Cinema, International Release, 1 Seat",6.17,-13.0
Cameroon,"Preschool (or Kindergarten), Full Day, Private, Monthly for 1 Child",474.58,-13.0
Cameroon,"International Primary School, Yearly for 1 Child",3171.98,-13.0
Cameroon,1 Pair of Jeans (Levis 501 Or Similar),64.77,-13.0
Cameroon,"1 Summer Dress in a Chain Store (Zara, H&M, ...)",57.9,-13.0
Cameroon,1 Pair of Nike Running Shoes (Mid-Range),122.18,-13.0
Cameroon,1 Pair of Men Leather Business Shoes,121.7,-13.0
Cameroon,Apartment (1 bedroom) in City Centre,750.24,-13.0
Cameroon,Apartment (1 bedroom) Outside of Centre,458.81,-13.0
Cameroon,Apartment (3 bedrooms) in City Centre,1644.07,-13.0
Cameroon,Apartment (3 bedrooms) Outside of Centre,832.81,-13.0
Cameroon,Price per Square Meter to Buy Apartment in City Centre,1945.34,-13.0
Cameroon,Price per Square Meter to Buy Apartment Outside of Centre,910.12,-13.0
Cameroon,Average Monthly Net Salary (After Tax),154.98,-13.0
Cameroon,"Mortgage Interest Rate in Percentages (%), Yearly, for 20 Years Fixed-Rate",19.04,-13.0
Canada,"Meal, Inexpensive Restaurant",17.99,54.9
Canada,"Meal for 2 People, Mid-range Restaurant, Three-course",71.95,54.9
Canada,McMeal at McDonalds (or Equivalent Combo Meal),10.79,54.9
Canada,Domestic Beer (0.5 liter draught),5.76,54.9
Canada,Imported Beer (0.33 liter bottle),5.76,54.9
Canada,Cappuccino (regular),3.72,54.9
Canada,Coke/Pepsi (0.33 liter bottle),2.06,54.9
Canada,Water (0.33 liter bottle),1.68,54.9
Canada,"Milk (regular), (1 liter)",2.18,54.9
Canada,Loaf of Fresh White Bread (500g),2.64,54.9
Canada,"Rice (white), (1kg)",3.65,54.9
Canada,Eggs (regular) (12),3.45,54.9
Canada,Local Cheese (1kg),11.26,54.9
Canada,Chicken Fillets (1kg),12.13,54.9
Canada,Beef Round (1kg) (or Equivalent Back Leg Red Meat),14.55,54.9
Canada,Apples (1kg),4.1,54.9
Canada,Banana (1kg),1.41,54.9
Canada,Oranges (1kg),3.79,54.9
Canada,Tomato (1kg),4.07,54.9
Canada,Potato (1kg),2.64,54.9
Canada,Onion (1kg),2.62,54.9
Canada,Lettuce (1 head),2.53,54.9
Canada,Water (1.5 liter bottle),1.8,54.9
Canada,Bottle of Wine (Mid-Range),12.95,54.9
Canada,Domestic Beer (0.5 liter bottle),2.91,54.9
Canada,Imported Beer (0.33 liter bottle),3.21,54.9
Canada,Cigarettes 20 Pack (Marlboro),13.81,54.9
Canada,One-way Ticket (Local Transport),2.52,54.9
Canada,Monthly Pass (Regular Price),73.48,54.9
Canada,Taxi Start (Normal Tariff),3.24,54.9
Canada,Taxi 1km (Normal Tariff),1.57,54.9
Canada,Taxi 1hour Waiting (Normal Tariff),28.06,54.9
Canada,Gasoline (1 liter),1.16,54.9
Canada,Volkswagen Golf 1.4 90 KW Trendline (Or Equivalent New Car),24446.68,54.9
Canada,Toyota Corolla Sedan 1.6l 97kW Comfort (Or Equivalent New Car),20030.63,54.9
Canada,"Basic (Electricity, Heating, Cooling, Water, Garbage) for 85m2 Apartment",148.67,54.9
Canada,Mobile Phone Monthly Plan with Calls and 10GB+ Data,46.24,54.9
Canada,"Internet (60 Mbps or More, Unlimited Data, Cable/ADSL)",61.1,54.9
Canada,"Fitness Club, Monthly Fee for 1 Adult",41.54,54.9
Canada,Tennis Court Rent (1 Hour on Weekend),16.73,54.9
Canada,"Cinema, International Release, 1 Seat",11.15,54.9
Canada,"Preschool (or Kindergarten), Full Day, Private, Monthly for 1 Child",817.17,54.9
Canada,"International Primary School, Yearly for 1 Child",12384.25,54.9
Canada,1 Pair of Jeans (Levis 501 Or Similar),56.31,54.9
Canada,"1 Summer Dress in a Chain Store (Zara, H&M, ...)",40.18,54.9
Canada,1 Pair of Nike Running Shoes (Mid-Range),87.62,54.9
Canada,1 Pair of Men Leather Business Shoes,106.77,54.9
Canada,Apartment (1 bedroom) in City Centre,1342.27,54.9
Canada,Apartment (1 bedroom) Outside of Centre,1207.54,54.9
Canada,Apartment (3 bedrooms) in City Centre,2167.15,54.9
Canada,Apartment (3 bedrooms) Outside of Centre,1842.51,54.9
Canada,Price per Square Meter to Buy Apartment in City Centre,6925.85,54.9
Canada,Price per Square Meter to Buy Apartment Outside of Centre,4864.42,54.9
Canada,Average Monthly Net Salary (After Tax),2829.27,54.9
Canada,"Mortgage Interest Rate in Percentages (%), Yearly, for 20 Years Fixed-Rate",6.71,54.9
Cape Verde,"Meal, Inexpensive Restaurant",4.9,-57.6
Cape Verde,"Meal for 2 People, Mid-range Restaurant, Three-course",41.17,-57.6
Cape Verde,McMeal at McDonalds (or Equivalent Combo Meal),5.44,-57.6
Cape Verde,Domestic Beer (0.5 liter draught),2.74,-57.6
Cape Verde,Imported Beer (0.33 liter bottle),1.89,-57.6
Cape Verde,Cappuccino (regular),1.44,-57.6
Cape Verde,Coke/Pepsi (0.33 liter bottle),1.48,-57.6
Cape Verde,Water (0.33 liter bottle),1.08,-57.6
Cape Verde,"Milk (regular), (1 liter)",1.27,-57.6
Cape Verde,Loaf of Fresh White Bread (500g),1.64,-57.6
Cape Verde,"Rice (white), (1kg)",1.37,-57.6
Cape Verde,Eggs (regular) (12),2.22,-57.6
Cape Verde,Local Cheese (1kg),14.21,-57.6
Cape Verde,Chicken Fillets (1kg),7.84,-57.6
Cape Verde,Beef Round (1kg) (or Equivalent Back Leg Red Meat),15.43,-57.6
Cape Verde,Apples (1kg),2.46,-57.6
Cape Verde,Banana (1kg),2.18,-57.6
Cape Verde,Oranges (1kg),2.56,-57.6
Cape Verde,Tomato (1kg),3.31,-57.6
Cape Verde,Potato (1kg),1.42,-57.6
Cape Verde,Onion (1kg),1.65,-57.6
Cape Verde,Lettuce (1 head),1.37,-57.6
Cape Verde,Water (1.5 liter bottle),1.09,-57.6
Cape Verde,Bottle of Wine (Mid-Range),7.35,-57.6
Cape Verde,Domestic Beer (0.5 liter bottle),1.85,-57.6
Cape Verde,Imported Beer (0.33 liter bottle),1.57,-57.6
Cape Verde,Cigarettes 20 Pack (Marlboro),4.41,-57.6
Cape Verde,One-way Ticket (Local Transport),0.98,-57.6
Cape Verde,Monthly Pass (Regular Price),20.57,-57.6
Cape Verde,Taxi Start (Normal Tariff),1.47,-57.6
Cape Verde,Taxi 1km (Normal Tariff),1.96,-57.6
Cape Verde,Taxi 1hour Waiting (Normal Tariff),9.8,-57.6
Cape Verde,Gasoline (1 liter),1.45,-57.6
Cape Verde,Volkswagen Golf 1.4 90 KW Trendline (Or Equivalent New Car),27918.19,-57.6
Cape Verde,Toyota Corolla Sedan 1.6l 97kW Comfort (Or Equivalent New Car),36734.47,-57.6
Cape Verde,"Basic (Electricity, Heating, Cooling, Water, Garbage) for 85m2 Apartment",126.96,-57.6
Cape Verde,Mobile Phone Monthly Plan with Calls and 10GB+ Data,26.12,-57.6
Cape Verde,"Internet (60 Mbps or More, Unlimited Data, Cable/ADSL)",51.09,-57.6
Cape Verde,"Fitness Club, Monthly Fee for 1 Adult",31.02,-57.6
Cape Verde,Tennis Court Rent (1 Hour on Weekend),8.16,-57.6
Cape Verde,"Cinema, International Release, 1 Seat",5.39,-57.6
Cape Verde,"Preschool (or Kindergarten), Full Day, Private, Monthly for 1 Child",123.13,-57.6
Cape Verde,"International Primary School, Yearly for 1 Child",2768.96,-57.6
Cape Verde,1 Pair of Jeans (Levis 501 Or Similar),29.39,-57.6
Cape Verde,"1 Summer Dress in a Chain Store (Zara, H&M, ...)",29.39,-57.6
Cape Verde,1 Pair of Nike Running Shoes (Mid-Range),78.37,-57.6
Cape Verde,1 Pair of Men Leather Business Shoes,146.94,-57.6
Cape Verde,Apartment (1 bedroom) in City Centre,419.73,-57.6
Cape Verde,Apartment (1 bedroom) Outside of Centre,284.19,-57.6
Cape Verde,Apartment (3 bedrooms) in City Centre,567.46,-57.6
Cape Verde,Apartment (3 bedrooms) Outside of Centre,522.65,-57.6
Cape Verde,Price per Square Meter to Buy Apartment in City Centre,658.16,-57.6
Cape Verde,Price per Square Meter to Buy Apartment Outside of Centre,707.94,-57.6
Cape Verde,Average Monthly Net Salary (After Tax),244.9,-57.6
Cape Verde,"Mortgage Interest Rate in Percentages (%), Yearly, for 20 Years Fixed-Rate",7.67,-57.6
Cayman Islands,"Meal, Inexpensive Restaurant",29.94,267.6
Cayman Islands,"Meal for 2 People, Mid-range Restaurant, Three-course",143.7,267.6
Cayman Islands,McMeal at McDonalds (or Equivalent Combo Meal),14.37,267.6
Cayman Islands,Domestic Beer (0.5 liter draught),7.18,267.6
Cayman Islands,Imported Beer (0.33 liter bottle),7.18,267.6
Cayman Islands,Cappuccino (regular),6.56,267.6
Cayman Islands,Coke/Pepsi (0.33 liter bottle),3.66,267.6
Cayman Islands,Water (0.33 liter bottle),2.83,267.6
Cayman Islands,"Milk (regular), (1 liter)",2.67,267.6
Cayman Islands,Loaf of Fresh White Bread (500g),5.15,267.6
Cayman Islands,"Rice (white), (1kg)",6.0,267.6
Cayman Islands,Eggs (regular) (12),8.73,267.6
Cayman Islands,Local Cheese (1kg),13.67,267.6
Cayman Islands,Chicken Fillets (1kg),14.35,267.6
Cayman Islands,Beef Round (1kg) (or Equivalent Back Leg Red Meat),16.35,267.6
Cayman Islands,Apples (1kg),10.04,267.6
Cayman Islands,Banana (1kg),4.52,267.6
Cayman Islands,Oranges (1kg),8.59,267.6
Cayman Islands,Tomato (1kg),8.51,267.6
Cayman Islands,Potato (1kg),6.77,267.6
Cayman Islands,Onion (1kg),5.72,267.6
Cayman Islands,Lettuce (1 head),5.89,267.6
Cayman Islands,Water (1.5 liter bottle),2.91,267.6
Cayman Islands,Bottle of Wine (Mid-Range),23.95,267.6
Cayman Islands,Domestic Beer (0.5 liter bottle),4.18,267.6
Cayman Islands,Imported Beer (0.33 liter bottle),5.49,267.6
Cayman Islands,Cigarettes 20 Pack (Marlboro),14.37,267.6
Cayman Islands,One-way Ticket (Local Transport),2.99,267.6
Cayman Islands,Monthly Pass (Regular Price),29.94,267.6
Cayman Islands,Taxi Start (Normal Tariff),14.97,267.6
Cayman Islands,Taxi 1km (Normal Tariff),5.99,267.6
Cayman Islands,Taxi 1hour Waiting (Normal Tariff),29.94,267.6
Cayman Islands,Gasoline (1 liter),1.77,267.6
Cayman Islands,Volkswagen Golf 1.4 90 KW Trendline (Or Equivalent New Car),35924.83,267.6
Cayman Islands,Toyota Corolla Sedan 1.6l 97kW Comfort (Or Equivalent New Car),34942.89,267.6
Cayman Islands,"Basic (Electricity, Heating, Cooling, Water, Garbage) for 85m2 Apartment",409.21,267.6
Cayman Islands,Mobile Phone Monthly Plan with Calls and 10GB+ Data,97.3,267.6
Cayman Islands,"Internet (60 Mbps or More, Unlimited Data, Cable/ADSL)",115.7,267.6
Cayman Islands,"Fitness Club, Monthly Fee for 1 Adult",115.26,267.6
Cayman Islands,Tennis Court Rent (1 Hour on Weekend),53.49,267.6
Cayman Islands,"Cinema, International Release, 1 Seat",17.96,267.6
Cayman Islands,"Preschool (or Kindergarten), Full Day, Private, Monthly for 1 Child",1556.74,267.6
Cayman Islands,"International Primary School, Yearly for 1 Child",23931.92,267.6
Cayman Islands,1 Pair of Jeans (Levis 501 Or Similar),89.81,267.6
Cayman Islands,"1 Summer Dress in a Chain Store (Zara, H&M, ...)",92.21,267.6
Cayman Islands,1 Pair of Nike Running Shoes (Mid-Range),128.73,267.6
Cayman Islands,1 Pair of Men Leather Business Shoes,141.3,267.6
Cayman Islands,Apartment (1 bedroom) in City Centre,2834.07,267.6
Cayman Islands,Apartment (1 bedroom) Outside of Centre,2348.42,267.6
Cayman Islands,Apartment (3 bedrooms) in City Centre,5747.97,267.6
Cayman Islands,Apartment (3 bedrooms) Outside of Centre,4640.29,267.6
Cayman Islands,Price per Square Meter to Buy Apartment in City Centre,12016.54,267.6
Cayman Islands,Price per Square Meter to Buy Apartment Outside of Centre,9085.17,267.6
Cayman Islands,Average Monthly Net Salary (After Tax),5890.79,267.6
Cayman Islands,"Mortgage Interest Rate in Percentages (%), Yearly, for 20 Years Fixed-Rate",7.17,267.6
Central African Republic,"Meal, Inexpensive Restaurant",8.22,
Central African Republic,"Meal for 2 People, Mid-range Restaurant, Three-course",49.34,
Central African Republic,McMeal at McDonalds (or Equivalent Combo Meal),12.33,
Central African Republic,Domestic Beer (0.5 liter draught),2.88,
Central African Republic,Imported Beer (0.33 liter bottle),4.52,
Central African Republic,Cappuccino (regular),2.47,
Central African Republic,Coke/Pepsi (0.33 liter bottle),2.06,
Central African Republic,Water (0.33 liter bottle),1.64,
Central African Republic,"Milk (regular), (1 liter)",4.52,
Central African Republic,Loaf of Fresh White Bread (500g),2.88,
Central African Republic,"Rice (white), (1kg)",3.29,
Central African Republic,Eggs (regular) (12),3.62,
Central African Republic,Local Cheese (1kg),6.17,
Central African Republic,Chicken Fillets (1kg),9.05,
Central African Republic,Beef Round (1kg) (or Equivalent Back Leg Red Meat),5.76,
Central African Republic,Apples (1kg),1.64,
Central African Republic,Banana (1kg),1.64,
Central African Republic,Oranges (1kg),6.58,
Central African Republic,Tomato (1kg),4.93,
Central African Republic,Potato (1kg),4.11,
Central African Republic,Onion (1kg),5.76,
Central African Republic,Lettuce (1 head),2.47,
Central African Republic,Water (1.5 liter bottle),2.47,
Central African Republic,Bottle of Wine (Mid-Range),13.16,
Central African Republic,Domestic Beer (0.5 liter bottle),4.11,
Central African Republic,Imported Beer (0.33 liter bottle),3.7,
Central African Republic,Cigarettes 20 Pack (Marlboro),4.11,
Central African Republic,One-way Ticket (Local Transport),,
Central African Republic,Monthly Pass (Regular Price),78.93,
Central African Republic,Taxi Start (Normal Tariff),,
Central African Republic,Taxi 1km (Normal Tariff),2.9,
Central African Republic,Taxi 1hour Waiting (Normal Tariff),14.45,
Central African Republic,Gasoline (1 liter),2.47,
Central African Republic,Volkswagen Golf 1.4 90 KW Trendline (Or Equivalent New Car),,
Central African Republic,Toyota Corolla Sedan 1.6l 97kW Comfort (Or Equivalent New Car),13456.28,
Central African Republic,"Basic (Electricity, Heating, Cooling, Water, Garbage) for 85m2 Apartment",,
Central African Republic,Mobile Phone Monthly Plan with Calls and 10GB+ Data,,
Central African Republic,"Internet (60 Mbps or More, Unlimited Data, Cable/ADSL)",,
Central African Republic,"Fitness Club, Monthly Fee for 1 Adult",,
Central African Republic,Tennis Court Rent (1 Hour on Weekend),,
Central African Republic,"Cinema, International Release, 1 Seat",,
Central African Republic,"Preschool (or Kindergarten), Full Day, Private, Monthly for 1 Child",,
Central African Republic,"International Primary School, Yearly for 1 Child",,
Central African Republic,1 Pair of Jeans (Levis 501 Or Similar),60.03,
Central African Republic,"1 Summer Dress in a Chain Store (Zara, H&M, ...)",90.3,
Central African Republic,1 Pair of Nike Running Shoes (Mid-Range),42.19,
Central African Republic,1 Pair of Men Leather Business Shoes,79.28,
Central African Republic,Apartment (1 bedroom) in City Centre,1988.96,
Central African Republic,Apartment (1 bedroom) Outside of Centre,2400.0,
Central African Republic,Apartment (3 bedrooms) in City Centre,6000.0,
Central African Republic,Apartment (3 bedrooms) Outside of Centre,,
Central African Republic,Price per Square Meter to Buy Apartment in City Centre,1315.66,
Central African Republic,Price per Square Meter to Buy Apartment Outside of Centre,1570.56,
Central African Republic,Average Monthly Net Salary (After Tax),830.0,
Central African Republic,"Mortgage Interest Rate in Percentages (%), Yearly, for 20 Years Fixed-Rate",,
Chad,"Meal, Inexpensive Restaurant",8.22,-49.9
Chad,"Meal for 2 People, Mid-range Restaurant, Three-course",44.73,-49.9
Chad,McMeal at McDonalds (or Equivalent Combo Meal),6.66,-49.9
Chad,Domestic Beer (0.5 liter draught),1.23,-49.9
Chad,Imported Beer (0.33 liter bottle),1.64,-49.9
Chad,Cappuccino (regular),5.0,-49.9
Chad,Coke/Pepsi (0.33 liter bottle),1.13,-49.9
Chad,Water (0.33 liter bottle),0.68,-49.9
Chad,"Milk (regular), (1 liter)",2.93,-49.9
Chad,Loaf of Fresh White Bread (500g),0.33,-49.9
Chad,"Rice (white), (1kg)",3.29,-49.9
Chad,Eggs (regular) (12),2.18,-49.9
Chad,Local Cheese (1kg),3.29,-49.9
Chad,Chicken Fillets (1kg),6.58,-49.9
Chad,Beef Round (1kg) (or Equivalent Back Leg Red Meat),2.66,-49.9
Chad,Apples (1kg),4.93,-49.9
Chad,Banana (1kg),1.73,-49.9
Chad,Oranges (1kg),3.84,-49.9
Chad,Tomato (1kg),2.36,-49.9
Chad,Potato (1kg),1.53,-49.9
Chad,Onion (1kg),1.53,-49.9
Chad,Lettuce (1 head),0.69,-49.9
Chad,Water (1.5 liter bottle),2.08,-49.9
Chad,Bottle of Wine (Mid-Range),6.58,-49.9
Chad,Domestic Beer (0.5 liter bottle),1.68,-49.9
Chad,Imported Beer (0.33 liter bottle),2.44,-49.9
Chad,Cigarettes 20 Pack (Marlboro),0.95,-49.9
Chad,One-way Ticket (Local Transport),0.41,-49.9
Chad,Monthly Pass (Regular Price),82.23,-49.9
Chad,Taxi Start (Normal Tariff),0.41,-49.9
Chad,Taxi 1km (Normal Tariff),0.41,-49.9
Chad,Taxi 1hour Waiting (Normal Tariff),4.93,-49.9
Chad,Gasoline (1 liter),1.04,-49.9
Chad,Volkswagen Golf 1.4 90 KW Trendline (Or Equivalent New Car),11347.59,-49.9
Chad,Toyota Corolla Sedan 1.6l 97kW Comfort (Or Equivalent New Car),10525.3,-49.9
Chad,"Basic (Electricity, Heating, Cooling, Water, Garbage) for 85m2 Apartment",246.69,-49.9
Chad,Mobile Phone Monthly Plan with Calls and 10GB+ Data,24.67,-49.9
Chad,"Internet (60 Mbps or More, Unlimited Data, Cable/ADSL)",191.87,-49.9
Chad,"Fitness Club, Monthly Fee for 1 Adult",131.57,-49.9
Chad,Tennis Court Rent (1 Hour on Weekend),106.9,-49.9
Chad,"Cinema, International Release, 1 Seat",4.93,-49.9
Chad,"Preschool (or Kindergarten), Full Day, Private, Monthly for 1 Child",36.18,-49.9
Chad,"International Primary School, Yearly for 1 Child",1644.58,-49.9
Chad,1 Pair of Jeans (Levis 501 Or Similar),32.89,-49.9
Chad,"1 Summer Dress in a Chain Store (Zara, H&M, ...)",61.67,-49.9
Chad,1 Pair of Nike Running Shoes (Mid-Range),53.45,-49.9
Chad,1 Pair of Men Leather Business Shoes,106.9,-49.9
Chad,Apartment (1 bedroom) in City Centre,1395.4,-49.9
Chad,Apartment (1 bedroom) Outside of Centre,180.9,-49.9
Chad,Apartment (3 bedrooms) in City Centre,246.69,-49.9
Chad,Apartment (3 bedrooms) Outside of Centre,300.14,-49.9
Chad,Price per Square Meter to Buy Apartment in City Centre,177.0,-49.9
Chad,Price per Square Meter to Buy Apartment Outside of Centre,177.0,-49.9
Chad,Average Monthly Net Salary (After Tax),328.92,-49.9
Chad,"Mortgage Interest Rate in Percentages (%), Yearly, for 20 Years Fixed-Rate",3.5,-49.9
Chile,"Meal, Inexpensive Restaurant",8.43,-46.4
Chile,"Meal for 2 People, Mid-range Restaurant, Three-course",47.43,-46.4
Chile,McMeal at McDonalds (or Equivalent Combo Meal),7.9,-46.4
Chile,Domestic Beer (0.5 liter draught),3.16,-46.4
Chile,Imported Beer (0.33 liter bottle),4.22,-46.4
Chile,Cappuccino (regular),2.8,-46.4
Chile,Coke/Pepsi (0.33 liter bottle),1.4,-46.4
Chile,Water (0.33 liter bottle),1.07,-46.4
Chile,"Milk (regular), (1 liter)",1.18,-46.4
Chile,Loaf of Fresh White Bread (500g),1.53,-46.4
Chile,"Rice (white), (1kg)",1.67,-46.4
Chile,Eggs (regular) (12),3.53,-46.4
Chile,Local Cheese (1kg),10.48,-46.4
Chile,Chicken Fillets (1kg),6.04,-46.4
Chile,Beef Round (1kg) (or Equivalent Back Leg Red Meat),11.54,-46.4
Chile,Apples (1kg),1.95,-46.4
Chile,Banana (1kg),1.69,-46.4
Chile,Oranges (1kg),1.87,-46.4
Chile,Tomato (1kg),1.74,-46.4
Chile,Potato (1kg),1.43,-46.4
Chile,Onion (1kg),1.46,-46.4
Chile,Lettuce (1 head),1.21,-46.4
Chile,Water (1.5 liter bottle),1.2,-46.4
Chile,Bottle of Wine (Mid-Range),5.27,-46.4
Chile,Domestic Beer (0.5 liter bottle),1.45,-46.4
Chile,Imported Beer (0.33 liter bottle),2.27,-46.4
Chile,Cigarettes 20 Pack (Marlboro),5.27,-46.4
Chile,One-way Ticket (Local Transport),0.79,-46.4
Chile,Monthly Pass (Regular Price),42.16,-46.4
Chile,Taxi Start (Normal Tariff),0.74,-46.4
Chile,Taxi 1km (Normal Tariff),1.58,-46.4
Chile,Taxi 1hour Waiting (Normal Tariff),12.02,-46.4
Chile,Gasoline (1 liter),1.39,-46.4
Chile,Volkswagen Golf 1.4 90 KW Trendline (Or Equivalent New Car),17200.49,-46.4
Chile,Toyota Corolla Sedan 1.6l 97kW Comfort (Or Equivalent New Car),19421.23,-46.4
Chile,"Basic (Electricity, Heating, Cooling, Water, Garbage) for 85m2 Apartment",121.68,-46.4
Chile,Mobile Phone Monthly Plan with Calls and 10GB+ Data,11.55,-46.4
Chile,"Internet (60 Mbps or More, Unlimited Data, Cable/ADSL)",22.06,-46.4
Chile,"Fitness Club, Monthly Fee for 1 Adult",35.16,-46.4
Chile,Tennis Court Rent (1 Hour on Weekend),19.39,-46.4
Chile,"Cinema, International Release, 1 Seat",5.27,-46.4
Chile,"Preschool (or Kindergarten), Full Day, Private, Monthly for 1 Child",362.21,-46.4
Chile,"International Primary School, Yearly for 1 Child",5381.85,-46.4
Chile,1 Pair of Jeans (Levis 501 Or Similar),47.62,-46.4
Chile,"1 Summer Dress in a Chain Store (Zara, H&M, ...)",29.12,-46.4
Chile,1 Pair of Nike Running Shoes (Mid-Range),63.9,-46.4
Chile,1 Pair of Men Leather Business Shoes,76.04,-46.4
Chile,Apartment (1 bedroom) in City Centre,451.3,-46.4
Chile,Apartment (1 bedroom) Outside of Centre,372.23,-46.4
Chile,Apartment (3 bedrooms) in City Centre,786.34,-46.4
Chile,Apartment (3 bedrooms) Outside of Centre,658.2,-46.4
Chile,Price per Square Meter to Buy Apartment in City Centre,2196.91,-46.4
Chile,Price per Square Meter to Buy Apartment Outside of Centre,2200.65,-46.4
Chile,Average Monthly Net Salary (After Tax),694.67,-46.4
Chile,"Mortgage Interest Rate in Percentages (%), Yearly, for 20 Years Fixed-Rate",5.22,-46.4
China,"Meal, Inexpensive Restaurant",3.08,-39.5
China,"Meal for 2 People, Mid-range Restaurant, Three-course",25.23,-39.5
China,McMeal at McDonalds (or Equivalent Combo Meal),5.19,-39.5
China,Domestic Beer (0.5 liter draught),0.98,-39.5
China,Imported Beer (0.33 liter bottle),2.1,-39.5
China,Cappuccino (regular),3.24,-39.5
China,Coke/Pepsi (0.33 liter bottle),0.47,-39.5
China,Water (0.33 liter bottle),0.3,-39.5
China,"Milk (regular), (1 liter)",1.89,-39.5
China,Loaf of Fresh White Bread (500g),1.65,-39.5
China,"Rice (white), (1kg)",0.97,-39.5
China,Eggs (regular) (12),1.69,-39.5
China,Local Cheese (1kg),13.18,-39.5
China,Chicken Fillets (1kg),3.47,-39.5
China,Beef Round (1kg) (or Equivalent Back Leg Red Meat),11.49,-39.5
China,Apples (1kg),1.83,-39.5
China,Banana (1kg),1.32,-39.5
China,Oranges (1kg),1.59,-39.5
China,Tomato (1kg),1.22,-39.5
China,Potato (1kg),0.78,-39.5
China,Onion (1kg),0.92,-39.5
China,Lettuce (1 head),0.63,-39.5
China,Water (1.5 liter bottle),0.56,-39.5
China,Bottle of Wine (Mid-Range),11.22,-39.5
China,Domestic Beer (0.5 liter bottle),0.81,-39.5
China,Imported Beer (0.33 liter bottle),1.73,-39.5
China,Cigarettes 20 Pack (Marlboro),3.5,-39.5
China,One-way Ticket (Local Transport),0.42,-39.5
China,Monthly Pass (Regular Price),28.04,-39.5
China,Taxi Start (Normal Tariff),1.4,-39.5
China,Taxi 1km (Normal Tariff),0.35,-39.5
China,Taxi 1hour Waiting (Normal Tariff),6.73,-39.5
China,Gasoline (1 liter),1.19,-39.5
China,Volkswagen Golf 1.4 90 KW Trendline (Or Equivalent New Car),19626.26,-39.5
China,Toyota Corolla Sedan 1.6l 97kW Comfort (Or Equivalent New Car),17837.66,-39.5
China,"Basic (Electricity, Heating, Cooling, Water, Garbage) for 85m2 Apartment",53.26,-39.5
China,Mobile Phone Monthly Plan with Calls and 10GB+ Data,11.27,-39.5
China,"Internet (60 Mbps or More, Unlimited Data, Cable/ADSL)",12.21,-39.5
China,"Fitness Club, Monthly Fee for 1 Adult",41.99,-39.5
China,Tennis Court Rent (1 Hour on Weekend),15.11,-39.5
China,"Cinema, International Release, 1 Seat",7.01,-39.5
China,"Preschool (or Kindergarten), Full Day, Private, Monthly for 1 Child",469.72,-39.5
China,"International Primary School, Yearly for 1 Child",18969.89,-39.5
China,1 Pair of Jeans (Levis 501 Or Similar),49.48,-39.5
China,"1 Summer Dress in a Chain Store (Zara, H&M, ...)",34.17,-39.5
China,1 Pair of Nike Running Shoes (Mid-Range),75.77,-39.5
China,1 Pair of Men Leather Business Shoes,79.12,-39.5
China,Apartment (1 bedroom) in City Centre,523.52,-39.5
China,Apartment (1 bedroom) Outside of Centre,295.55,-39.5
China,Apartment (3 bedrooms) in City Centre,1139.51,-39.5
China,Apartment (3 bedrooms) Outside of Centre,605.14,-39.5
China,Price per Square Meter to Buy Apartment in City Centre,7387.1,-39.5
China,Price per Square Meter to Buy Apartment Outside of Centre,3545.23,-39.5
China,Average Monthly Net Salary (After Tax),956.33,-39.5
China,"Mortgage Interest Rate in Percentages (%), Yearly, for 20 Years Fixed-Rate",4.4,-39.5
Colombia,"Meal, Inexpensive Restaurant",4.61,-59.0
Colombia,"Meal for 2 People, Mid-range Restaurant, Three-course",27.67,-59.0
Colombia,McMeal at McDonalds (or Equivalent Combo Meal),6.69,-59.0
Colombia,Domestic Beer (0.5 liter draught),1.15,-59.0
Colombia,Imported Beer (0.33 liter bottle),2.31,-59.0
Colombia,Cappuccino (regular),1.45,-59.0
Colombia,Coke/Pepsi (0.33 liter bottle),0.81,-59.0
Colombia,Water (0.33 liter bottle),0.6,-59.0
Colombia,"Milk (regular), (1 liter)",1.09,-59.0
Colombia,Loaf of Fresh White Bread (500g),1.33,-59.0
Colombia,"Rice (white), (1kg)",1.16,-59.0
Colombia,Eggs (regular) (12),2.02,-59.0
Colombia,Local Cheese (1kg),4.48,-59.0
Colombia,Chicken Fillets (1kg),4.88,-59.0
Colombia,Beef Round (1kg) (or Equivalent Back Leg Red Meat),7.53,-59.0
Colombia,Apples (1kg),2.35,-59.0
Colombia,Banana (1kg),0.97,-59.0
Colombia,Oranges (1kg),1.24,-59.0
Colombia,Tomato (1kg),1.14,-59.0
Colombia,Potato (1kg),1.05,-59.0
Colombia,Onion (1kg),1.07,-59.0
Colombia,Lettuce (1 head),0.75,-59.0
Colombia,Water (1.5 liter bottle),0.74,-59.0
Colombia,Bottle of Wine (Mid-Range),9.22,-59.0
Colombia,Domestic Beer (0.5 liter bottle),0.98,-59.0
Colombia,Imported Beer (0.33 liter bottle),1.65,-59.0
Colombia,Cigarettes 20 Pack (Marlboro),2.31,-59.0
Colombia,One-way Ticket (Local Transport),0.68,-59.0
Colombia,Monthly Pass (Regular Price),36.15,-59.0
Colombia,Taxi Start (Normal Tariff),1.38,-59.0
Colombia,Taxi 1km (Normal Tariff),1.5,-59.0
Colombia,Taxi 1hour Waiting (Normal Tariff),5.76,-59.0
Colombia,Gasoline (1 liter),0.87,-59.0
Colombia,Volkswagen Golf 1.4 90 KW Trendline (Or Equivalent New Car),16254.38,-59.0
Colombia,Toyota Corolla Sedan 1.6l 97kW Comfort (Or Equivalent New Car),24886.17,-59.0
Colombia,"Basic (Electricity, Heating, Cooling, Water, Garbage) for 85m2 Apartment",78.12,-59.0
Colombia,Mobile Phone Monthly Plan with Calls and 10GB+ Data,8.88,-59.0
Colombia,"Internet (60 Mbps or More, Unlimited Data, Cable/ADSL)",22.54,-59.0
Colombia,"Fitness Club, Monthly Fee for 1 Adult",21.38,-59.0
Colombia,Tennis Court Rent (1 Hour on Weekend),9.51,-59.0
Colombia,"Cinema, International Release, 1 Seat",4.15,-59.0
Colombia,"Preschool (or Kindergarten), Full Day, Private, Monthly for 1 Child",221.53,-59.0
Colombia,"International Primary School, Yearly for 1 Child",5181.9,-59.0
Colombia,1 Pair of Jeans (Levis 501 Or Similar),51.73,-59.0
Colombia,"1 Summer Dress in a Chain Store (Zara, H&M, ...)",39.58,-59.0
Colombia,1 Pair of Nike Running Shoes (Mid-Range),82.19,-59.0
Colombia,1 Pair of Men Leather Business Shoes,71.99,-59.0
Colombia,Apartment (1 bedroom) in City Centre,339.82,-59.0
Colombia,Apartment (1 bedroom) Outside of Centre,286.21,-59.0
Colombia,Apartment (3 bedrooms) in City Centre,616.14,-59.0
Colombia,Apartment (3 bedrooms) Outside of Centre,493.73,-59.0
Colombia,Price per Square Meter to Buy Apartment in City Centre,1381.7,-59.0
Colombia,Price per Square Meter to Buy Apartment Outside of Centre,1164.68,-59.0
Colombia,Average Monthly Net Salary (After Tax),352.7,-59.0
Colombia,"Mortgage Interest Rate in Percentages (%), Yearly, for 20 Years Fixed-Rate",13.77,-59.0
Comoros,"Meal, Inexpensive Restaurant",1.08,-12.0
Comoros,"Meal for 2 People, Mid-range Restaurant, Three-course",18.07,-12.0
Comoros,McMeal at McDonalds (or Equivalent Combo Meal),7.67,-12.0
Comoros,Domestic Beer (0.5 liter draught),1.0,-12.0
Comoros,Imported Beer (0.33 liter bottle),1.8,-12.0
Comoros,Cappuccino (regular),1.69,-12.0
Comoros,Coke/Pepsi (0.33 liter bottle),0.96,-12.0
Comoros,Water (0.33 liter bottle),0.62,-12.0
Comoros,"Milk (regular), (1 liter)",4.15,-12.0
Comoros,Loaf of Fresh White Bread (500g),0.38,-12.0
Comoros,"Rice (white), (1kg)",1.04,-12.0
Comoros,Eggs (regular) (12),4.83,-12.0
Comoros,Local Cheese (1kg),7.42,-12.0
Comoros,Chicken Fillets (1kg),2.37,-12.0
Comoros,Beef Round (1kg) (or Equivalent Back Leg Red Meat),9.74,-12.0
Comoros,Apples (1kg),5.39,-12.0
Comoros,Banana (1kg),0.47,-12.0
Comoros,Oranges (1kg),0.54,-12.0
Comoros,Tomato (1kg),3.97,-12.0
Comoros,Potato (1kg),3.25,-12.0
Comoros,Onion (1kg),2.7,-12.0
Comoros,Lettuce (1 head),1.98,-12.0
Comoros,Water (1.5 liter bottle),1.05,-12.0
Comoros,Bottle of Wine (Mid-Range),12.14,-12.0
Comoros,Domestic Beer (0.5 liter bottle),0.92,-12.0
Comoros,Imported Beer (0.33 liter bottle),4.85,-12.0
Comoros,Cigarettes 20 Pack (Marlboro),1.62,-12.0
Comoros,One-way Ticket (Local Transport),0.58,-12.0
Comoros,Monthly Pass (Regular Price),31.01,-12.0
Comoros,Taxi Start (Normal Tariff),0.66,-12.0
Comoros,Taxi 1km (Normal Tariff),0.95,-12.0
Comoros,Taxi 1hour Waiting (Normal Tariff),11.27,-12.0
Comoros,Gasoline (1 liter),2.9,-12.0
Comoros,Volkswagen Golf 1.4 90 KW Trendline (Or Equivalent New Car),18360.72,-12.0
Comoros,Toyota Corolla Sedan 1.6l 97kW Comfort (Or Equivalent New Car),16828.86,-12.0
Comoros,"Basic (Electricity, Heating, Cooling, Water, Garbage) for 85m2 Apartment",107.88,-12.0
Comoros,Mobile Phone Monthly Plan with Calls and 10GB+ Data,32.79,-12.0
Comoros,"Internet (60 Mbps or More, Unlimited Data, Cable/ADSL)",71.04,-12.0
Comoros,"Fitness Club, Monthly Fee for 1 Adult",33.14,-12.0
Comoros,Tennis Court Rent (1 Hour on Weekend),12.95,-12.0
Comoros,"Cinema, International Release, 1 Seat",6.27,-12.0
Comoros,"Preschool (or Kindergarten), Full Day, Private, Monthly for 1 Child",384.04,-12.0
Comoros,"International Primary School, Yearly for 1 Child",13552.63,-12.0
Comoros,1 Pair of Jeans (Levis 501 Or Similar),58.25,-12.0
Comoros,"1 Summer Dress in a Chain Store (Zara, H&M, ...)",58.25,-12.0
Comoros,1 Pair of Nike Running Shoes (Mid-Range),105.72,-12.0
Comoros,1 Pair of Men Leather Business Shoes,81.99,-12.0
Comoros,Apartment (1 bedroom) in City Centre,701.2,-12.0
Comoros,Apartment (1 bedroom) Outside of Centre,582.54,-12.0
Comoros,Apartment (3 bedrooms) in City Centre,1348.47,-12.0
Comoros,Apartment (3 bedrooms) Outside of Centre,1094.95,-12.0
Comoros,Price per Square Meter to Buy Apartment in City Centre,1510.28,-12.0
Comoros,Price per Square Meter to Buy Apartment Outside of Centre,1294.53,-12.0
Comoros,Average Monthly Net Salary (After Tax),629.14,-12.0
Comoros,"Mortgage Interest Rate in Percentages (%), Yearly, for 20 Years Fixed-Rate",3.8,-12.0
Cook Islands,"Meal, Inexpensive Restaurant",8.95,
Cook Islands,"Meal for 2 People, Mid-range Restaurant, Three-course",59.65,
Cook Islands,McMeal at McDonalds (or Equivalent Combo Meal),8.95,
Cook Islands,Domestic Beer (0.5 liter draught),5.22,
Cook Islands,Imported Beer (0.33 liter bottle),5.37,
Cook Islands,Cappuccino (regular),4.27,
Cook Islands,Coke/Pepsi (0.33 liter bottle),3.28,
Cook Islands,Water (0.33 liter bottle),2.58,
Cook Islands,"Milk (regular), (1 liter)",2.09,
Cook Islands,Loaf of Fresh White Bread (500g),3.11,
Cook Islands,"Rice (white), (1kg)",1.64,
Cook Islands,Eggs (regular) (12),5.76,
Cook Islands,Local Cheese (1kg),9.74,
Cook Islands,Chicken Fillets (1kg),7.75,
Cook Islands,Beef Round (1kg) (or Equivalent Back Leg Red Meat),8.95,
Cook Islands,Apples (1kg),2.97,
Cook Islands,Banana (1kg),2.39,
Cook Islands,Oranges (1kg),3.56,
Cook Islands,Tomato (1kg),6.26,
Cook Islands,Potato (1kg),2.39,
Cook Islands,Onion (1kg),1.88,
Cook Islands,Lettuce (1 head),2.09,
Cook Islands,Water (1.5 liter bottle),3.28,
Cook Islands,Bottle of Wine (Mid-Range),11.93,
Cook Islands,Domestic Beer (0.5 liter bottle),3.58,
Cook Islands,Imported Beer (0.33 liter bottle),4.92,
Cook Islands,Cigarettes 20 Pack (Marlboro),14.91,
Cook Islands,One-way Ticket (Local Transport),2.98,
Cook Islands,Monthly Pass (Regular Price),,
Cook Islands,Taxi Start (Normal Tariff),20.88,
Cook Islands,Taxi 1km (Normal Tariff),23.86,
Cook Islands,Taxi 1hour Waiting (Normal Tariff),35.79,
Cook Islands,Gasoline (1 liter),1.79,
Cook Islands,Volkswagen Golf 1.4 90 KW Trendline (Or Equivalent New Car),11929.2,
Cook Islands,Toyota Corolla Sedan 1.6l 97kW Comfort (Or Equivalent New Car),,
Cook Islands,"Basic (Electricity, Heating, Cooling, Water, Garbage) for 85m2 Apartment",104.38,
Cook Islands,Mobile Phone Monthly Plan with Calls and 10GB+ Data,29.82,
Cook Islands,"Internet (60 Mbps or More, Unlimited Data, Cable/ADSL)",104.08,
Cook Islands,"Fitness Club, Monthly Fee for 1 Adult",24.85,
Cook Islands,Tennis Court Rent (1 Hour on Weekend),23.86,
Cook Islands,"Cinema, International Release, 1 Seat",6.86,
Cook Islands,"Preschool (or Kindergarten), Full Day, Private, Monthly for 1 Child",,
Cook Islands,"International Primary School, Yearly for 1 Child",1431.5,
Cook Islands,1 Pair of Jeans (Levis 501 Or Similar),66.8,
Cook Islands,"1 Summer Dress in a Chain Store (Zara, H&M, ...)",,
Cook Islands,1 Pair of Nike Running Shoes (Mid-Range),,
Cook Islands,1 Pair of Men Leather Business Shoes,73.36,
Cook Islands,Apartment (1 bedroom) in City Centre,155.08,
Cook Islands,Apartment (1 bedroom) Outside of Centre,155.08,
Cook Islands,Apartment (3 bedrooms) in City Centre,172.97,
Cook Islands,Apartment (3 bedrooms) Outside of Centre,226.65,
Cook Islands,Price per Square Meter to Buy Apartment in City Centre,5136.19,
Cook Islands,Price per Square Meter to Buy Apartment Outside of Centre,711.97,
Cook Islands,Average Monthly Net Salary (After Tax),,
Cook Islands,"Mortgage Interest Rate in Percentages (%), Yearly, for 20 Years Fixed-Rate",8.0,
Costa Rica,"Meal, Inexpensive Restaurant",9.69,-13.5
Costa Rica,"Meal for 2 People, Mid-range Restaurant, Three-course",58.12,-13.5
Costa Rica,McMeal at McDonalds (or Equivalent Combo Meal),9.69,-13.5
Costa Rica,Domestic Beer (0.5 liter draught),2.91,-13.5
Costa Rica,Imported Beer (0.33 liter bottle),4.84,-13.5
Costa Rica,Cappuccino (regular),3.72,-13.5
Costa Rica,Coke/Pepsi (0.33 liter bottle),2.1,-13.5
Costa Rica,Water (0.33 liter bottle),1.63,-13.5
Costa Rica,"Milk (regular), (1 liter)",1.93,-13.5
Costa Rica,Loaf of Fresh White Bread (500g),3.01,-13.5
Costa Rica,"Rice (white), (1kg)",2.16,-13.5
Costa Rica,Eggs (regular) (12),3.4,-13.5
Costa Rica,Local Cheese (1kg),8.32,-13.5
Costa Rica,Chicken Fillets (1kg),9.46,-13.5
Costa Rica,Beef Round (1kg) (or Equivalent Back Leg Red Meat),12.88,-13.5
Costa Rica,Apples (1kg),4.52,-13.5
Costa Rica,Banana (1kg),1.57,-13.5
Costa Rica,Oranges (1kg),3.06,-13.5
Costa Rica,Tomato (1kg),2.78,-13.5
Costa Rica,Potato (1kg),2.66,-13.5
Costa Rica,Onion (1kg),2.72,-13.5
Costa Rica,Lettuce (1 head),0.97,-13.5
Costa Rica,Water (1.5 liter bottle),2.36,-13.5
Costa Rica,Bottle of Wine (Mid-Range),15.5,-13.5
Costa Rica,Domestic Beer (0.5 liter bottle),2.27,-13.5
Costa Rica,Imported Beer (0.33 liter bottle),2.8,-13.5
Costa Rica,Cigarettes 20 Pack (Marlboro),4.84,-13.5
Costa Rica,One-way Ticket (Local Transport),0.97,-13.5
Costa Rica,Monthly Pass (Regular Price),40.3,-13.5
Costa Rica,Taxi Start (Normal Tariff),1.76,-13.5
Costa Rica,Taxi 1km (Normal Tariff),1.81,-13.5
Costa Rica,Taxi 1hour Waiting (Normal Tariff),7.07,-13.5
Costa Rica,Gasoline (1 liter),1.49,-13.5
Costa Rica,Volkswagen Golf 1.4 90 KW Trendline (Or Equivalent New Car),35359.03,-13.5
Costa Rica,Toyota Corolla Sedan 1.6l 97kW Comfort (Or Equivalent New Car),34773.94,-13.5
Costa Rica,"Basic (Electricity, Heating, Cooling, Water, Garbage) for 85m2 Apartment",79.27,-13.5
Costa Rica,Mobile Phone Monthly Plan with Calls and 10GB+ Data,24.83,-13.5
Costa Rica,"Internet (60 Mbps or More, Unlimited Data, Cable/ADSL)",51.38,-13.5
Costa Rica,"Fitness Club, Monthly Fee for 1 Adult",56.18,-13.5
Costa Rica,Tennis Court Rent (1 Hour on Weekend),31.1,-13.5
Costa Rica,"Cinema, International Release, 1 Seat",7.75,-13.5
Costa Rica,"Preschool (or Kindergarten), Full Day, Private, Monthly for 1 Child",523.14,-13.5
Costa Rica,"International Primary School, Yearly for 1 Child",9767.33,-13.5
Costa Rica,1 Pair of Jeans (Levis 501 Or Similar),72.52,-13.5
Costa Rica,"1 Summer Dress in a Chain Store (Zara, H&M, ...)",51.43,-13.5
Costa Rica,1 Pair of Nike Running Shoes (Mid-Range),117.81,-13.5
Costa Rica,1 Pair of Men Leather Business Shoes,103.6,-13.5
Costa Rica,Apartment (1 bedroom) in City Centre,732.5,-13.5
Costa Rica,Apartment (1 bedroom) Outside of Centre,527.96,-13.5
Costa Rica,Apartment (3 bedrooms) in City Centre,1411.65,-13.5
Costa Rica,Apartment (3 bedrooms) Outside of Centre,991.44,-13.5
Costa Rica,Price per Square Meter to Buy Apartment in City Centre,2288.98,-13.5
Costa Rica,Price per Square Meter to Buy Apartment Outside of Centre,1362.91,-13.5
Costa Rica,Average Monthly Net Salary (After Tax),928.19,-13.5
Costa Rica,"Mortgage Interest Rate in Percentages (%), Yearly, for 20 Years Fixed-Rate",10.25,-13.5
Croatia,"Meal, Inexpensive Restaurant",10.79,-27.8
Croatia,"Meal for 2 People, Mid-range Restaurant, Three-course",59.33,-27.8
Croatia,McMeal at McDonalds (or Equivalent Combo Meal),8.09,-27.8
Croatia,Domestic Beer (0.5 liter draught),3.24,-27.8
Croatia,Imported Beer (0.33 liter bottle),3.57,-27.8
Croatia,Cappuccino (regular),2.19,-27.8
Croatia,Coke/Pepsi (0.33 liter bottle),2.77,-27.8
Croatia,Water (0.33 liter bottle),1.96,-27.8
Croatia,"Milk (regular), (1 liter)",1.2,-27.8
Croatia,Loaf of Fresh White Bread (500g),1.44,-27.8
Croatia,"Rice (white), (1kg)",2.65,-27.8
Croatia,Eggs (regular) (12),3.42,-27.8
Croatia,Local Cheese (1kg),10.55,-27.8
Croatia,Chicken Fillets (1kg),9.17,-27.8
Croatia,Beef Round (1kg) (or Equivalent Back Leg Red Meat),11.15,-27.8
Croatia,Apples (1kg),1.54,-27.8
Croatia,Banana (1kg),1.56,-27.8
Croatia,Oranges (1kg),1.73,-27.8
Croatia,Tomato (1kg),2.36,-27.8
Croatia,Potato (1kg),1.09,-27.8
Croatia,Onion (1kg),1.16,-27.8
Croatia,Lettuce (1 head),1.11,-27.8
Croatia,Water (1.5 liter bottle),1.04,-27.8
Croatia,Bottle of Wine (Mid-Range),6.47,-27.8
Croatia,Domestic Beer (0.5 liter bottle),1.41,-27.8
Croatia,Imported Beer (0.33 liter bottle),2.0,-27.8
Croatia,Cigarettes 20 Pack (Marlboro),5.22,-27.8
Croatia,One-way Ticket (Local Transport),1.51,-27.8
Croatia,Monthly Pass (Regular Price),48.54,-27.8
Croatia,Taxi Start (Normal Tariff),3.24,-27.8
Croatia,Taxi 1km (Normal Tariff),1.08,-27.8
Croatia,Taxi 1hour Waiting (Normal Tariff),9.6,-27.8
Croatia,Gasoline (1 liter),1.61,-27.8
Croatia,Volkswagen Golf 1.4 90 KW Trendline (Or Equivalent New Car),32363.19,-27.8
Croatia,Toyota Corolla Sedan 1.6l 97kW Comfort (Or Equivalent New Car),24971.19,-27.8
Croatia,"Basic (Electricity, Heating, Cooling, Water, Garbage) for 85m2 Apartment",171.06,-27.8
Croatia,Mobile Phone Monthly Plan with Calls and 10GB+ Data,20.38,-27.8
Croatia,"Internet (60 Mbps or More, Unlimited Data, Cable/ADSL)",28.47,-27.8
Croatia,"Fitness Club, Monthly Fee for 1 Adult",43.54,-27.8
Croatia,Tennis Court Rent (1 Hour on Weekend),12.18,-27.8
Croatia,"Cinema, International Release, 1 Seat",7.55,-27.8
Croatia,"Preschool (or Kindergarten), Full Day, Private, Monthly for 1 Child",206.11,-27.8
Croatia,"International Primary School, Yearly for 1 Child",8643.34,-27.8
Croatia,1 Pair of Jeans (Levis 501 Or Similar),89.85,-27.8
Croatia,"1 Summer Dress in a Chain Store (Zara, H&M, ...)",39.91,-27.8
Croatia,1 Pair of Nike Running Shoes (Mid-Range),92.93,-27.8
Croatia,1 Pair of Men Leather Business Shoes,108.36,-27.8
Croatia,Apartment (1 bedroom) in City Centre,656.31,-27.8
Croatia,Apartment (1 bedroom) Outside of Centre,513.67,-27.8
Croatia,Apartment (3 bedrooms) in City Centre,1072.92,-27.8
Croatia,Apartment (3 bedrooms) Outside of Centre,813.35,-27.8
Croatia,Price per Square Meter to Buy Apartment in City Centre,3907.05,-27.8
Croatia,Price per Square Meter to Buy Apartment Outside of Centre,2893.18,-27.8
Croatia,Average Monthly Net Salary (After Tax),1381.8,-27.8
Croatia,"Mortgage Interest Rate in Percentages (%), Yearly, for 20 Years Fixed-Rate",4.32,-27.8
Cuba,"Meal, Inexpensive Restaurant",6.0,-43.2
Cuba,"Meal for 2 People, Mid-range Restaurant, Three-course",25.0,-43.2
Cuba,McMeal at McDonalds (or Equivalent Combo Meal),7.0,-43.2
Cuba,Domestic Beer (0.5 liter draught),2.38,-43.2
Cuba,Imported Beer (0.33 liter bottle),3.0,-43.2
Cuba,Cappuccino (regular),1.87,-43.2
Cuba,Coke/Pepsi (0.33 liter bottle),2.11,-43.2
Cuba,Water (0.33 liter bottle),1.33,-43.2
Cuba,"Milk (regular), (1 liter)",2.86,-43.2
Cuba,Loaf of Fresh White Bread (500g),1.2,-43.2
Cuba,"Rice (white), (1kg)",2.06,-43.2
Cuba,Eggs (regular) (12),2.91,-43.2
Cuba,Local Cheese (1kg),6.25,-43.2
Cuba,Chicken Fillets (1kg),5.41,-43.2
Cuba,Beef Round (1kg) (or Equivalent Back Leg Red Meat),11.34,-43.2
Cuba,Apples (1kg),4.33,-43.2
Cuba,Banana (1kg),1.17,-43.2
Cuba,Oranges (1kg),1.53,-43.2
Cuba,Tomato (1kg),1.45,-43.2
Cuba,Potato (1kg),1.79,-43.2
Cuba,Onion (1kg),2.51,-43.2
Cuba,Lettuce (1 head),0.95,-43.2
Cuba,Water (1.5 liter bottle),1.07,-43.2
Cuba,Bottle of Wine (Mid-Range),10.0,-43.2
Cuba,Domestic Beer (0.5 liter bottle),2.03,-43.2
Cuba,Imported Beer (0.33 liter bottle),2.09,-43.2
Cuba,Cigarettes 20 Pack (Marlboro),3.7,-43.2
Cuba,One-way Ticket (Local Transport),0.2,-43.2
Cuba,Monthly Pass (Regular Price),22.5,-43.2
Cuba,Taxi Start (Normal Tariff),2.28,-43.2
Cuba,Taxi 1km (Normal Tariff),0.5,-43.2
Cuba,Taxi 1hour Waiting (Normal Tariff),20.0,-43.2
Cuba,Gasoline (1 liter),1.24,-43.2
Cuba,Volkswagen Golf 1.4 90 KW Trendline (Or Equivalent New Car),70000.0,-43.2
Cuba,Toyota Corolla Sedan 1.6l 97kW Comfort (Or Equivalent New Car),76800.0,-43.2
Cuba,"Basic (Electricity, Heating, Cooling, Water, Garbage) for 85m2 Apartment",37.0,-43.2
Cuba,Mobile Phone Monthly Plan with Calls and 10GB+ Data,35.2,-43.2
Cuba,"Internet (60 Mbps or More, Unlimited Data, Cable/ADSL)",210.78,-43.2
Cuba,"Fitness Club, Monthly Fee for 1 Adult",33.0,-43.2
Cuba,Tennis Court Rent (1 Hour on Weekend),12.22,-43.2
Cuba,"Cinema, International Release, 1 Seat",1.0,-43.2
Cuba,"Preschool (or Kindergarten), Full Day, Private, Monthly for 1 Child",108.71,-43.2
Cuba,"International Primary School, Yearly for 1 Child",13351.88,-43.2
Cuba,1 Pair of Jeans (Levis 501 Or Similar),38.42,-43.2
Cuba,"1 Summer Dress in a Chain Store (Zara, H&M, ...)",32.62,-43.2
Cuba,1 Pair of Nike Running Shoes (Mid-Range),72.08,-43.2
Cuba,1 Pair of Men Leather Business Shoes,72.92,-43.2
Cuba,Apartment (1 bedroom) in City Centre,344.71,-43.2
Cuba,Apartment (1 bedroom) Outside of Centre,521.8,-43.2
Cuba,Apartment (3 bedrooms) in City Centre,904.17,-43.2
Cuba,Apartment (3 bedrooms) Outside of Centre,633.24,-43.2
Cuba,Price per Square Meter to Buy Apartment in City Centre,378.24,-43.2
Cuba,Price per Square Meter to Buy Apartment Outside of Centre,343.77,-43.2
Cuba,Average Monthly Net Salary (After Tax),37.6,-43.2
Cuba,"Mortgage Interest Rate in Percentages (%), Yearly, for 20 Years Fixed-Rate",9.69,-43.2
Curacao,"Meal, Inexpensive Restaurant",15.0,
Curacao,"Meal for 2 People, Mid-range Restaurant, Three-course",83.05,
Curacao,McMeal at McDonalds (or Equivalent Combo Meal),9.97,
Curacao,Domestic Beer (0.5 liter draught),4.94,
Curacao,Imported Beer (0.33 liter bottle),4.98,
Curacao,Cappuccino (regular),3.69,
Curacao,Coke/Pepsi (0.33 liter bottle),2.85,
Curacao,Water (0.33 liter bottle),1.77,
Curacao,"Milk (regular), (1 liter)",1.62,
Curacao,Loaf of Fresh White Bread (500g),2.17,
Curacao,"Rice (white), (1kg)",2.41,
Curacao,Eggs (regular) (12),3.48,
Curacao,Local Cheese (1kg),8.94,
Curacao,Chicken Fillets (1kg),7.74,
Curacao,Beef Round (1kg) (or Equivalent Back Leg Red Meat),9.55,
Curacao,Apples (1kg),4.5,
Curacao,Banana (1kg),2.93,
Curacao,Oranges (1kg),3.29,
Curacao,Tomato (1kg),4.01,
Curacao,Potato (1kg),3.19,
Curacao,Onion (1kg),2.42,
Curacao,Lettuce (1 head),2.21,
Curacao,Water (1.5 liter bottle),2.04,
Curacao,Bottle of Wine (Mid-Range),11.07,
Curacao,Domestic Beer (0.5 liter bottle),2.58,
Curacao,Imported Beer (0.33 liter bottle),3.21,
Curacao,Cigarettes 20 Pack (Marlboro),8.31,
Curacao,One-way Ticket (Local Transport),1.72,
Curacao,Monthly Pass (Regular Price),,
Curacao,Taxi Start (Normal Tariff),24.92,
Curacao,Taxi 1km (Normal Tariff),3.32,
Curacao,Taxi 1hour Waiting (Normal Tariff),50.0,
Curacao,Gasoline (1 liter),1.28,
Curacao,Volkswagen Golf 1.4 90 KW Trendline (Or Equivalent New Car),,
Curacao,Toyota Corolla Sedan 1.6l 97kW Comfort (Or Equivalent New Car),19102.33,
Curacao,"Basic (Electricity, Heating, Cooling, Water, Garbage) for 85m2 Apartment",231.86,
Curacao,Mobile Phone Monthly Plan with Calls and 10GB+ Data,85.45,
Curacao,"Internet (60 Mbps or More, Unlimited Data, Cable/ADSL)",69.05,
Curacao,"Fitness Club, Monthly Fee for 1 Adult",56.29,
Curacao,Tennis Court Rent (1 Hour on Weekend),63.67,
Curacao,"Cinema, International Release, 1 Seat",8.72,
Curacao,"Preschool (or Kindergarten), Full Day, Private, Monthly for 1 Child",272.23,
Curacao,"International Primary School, Yearly for 1 Child",9412.74,
Curacao,1 Pair of Jeans (Levis 501 Or Similar),87.9,
Curacao,"1 Summer Dress in a Chain Store (Zara, H&M, ...)",89.97,
Curacao,1 Pair of Nike Running Shoes (Mid-Range),141.88,
Curacao,1 Pair of Men Leather Business Shoes,107.14,
Curacao,Apartment (1 bedroom) in City Centre,723.94,
Curacao,Apartment (1 bedroom) Outside of Centre,561.07,
Curacao,Apartment (3 bedrooms) in City Centre,1627.85,
Curacao,Apartment (3 bedrooms) Outside of Centre,1158.14,
Curacao,Price per Square Meter to Buy Apartment in City Centre,,
Curacao,Price per Square Meter to Buy Apartment Outside of Centre,,
Curacao,Average Monthly Net Salary (After Tax),934.35,
Curacao,"Mortgage Interest Rate in Percentages (%), Yearly, for 20 Years Fixed-Rate",5.25,
Cyprus,"Meal, Inexpensive Restaurant",16.18,25.5
Cyprus,"Meal for 2 People, Mid-range Restaurant, Three-course",64.73,25.5
Cyprus,McMeal at McDonalds (or Equivalent Combo Meal),8.63,25.5
Cyprus,Domestic Beer (0.5 liter draught),3.34,25.5
Cyprus,Imported Beer (0.33 liter bottle),5.39,25.5
Cyprus,Cappuccino (regular),3.76,25.5
Cyprus,Coke/Pepsi (0.33 liter bottle),1.96,25.5
Cyprus,Water (0.33 liter bottle),0.91,25.5
Cyprus,"Milk (regular), (1 liter)",1.76,25.5
Cyprus,Loaf of Fresh White Bread (500g),1.91,25.5
Cyprus,"Rice (white), (1kg)",2.64,25.5
Cyprus,Eggs (regular) (12),3.96,25.5
Cyprus,Local Cheese (1kg),13.24,25.5
Cyprus,Chicken Fillets (1kg),8.76,25.5
Cyprus,Beef Round (1kg) (or Equivalent Back Leg Red Meat),13.87,25.5
Cyprus,Apples (1kg),2.69,25.5
Cyprus,Banana (1kg),1.94,25.5
Cyprus,Oranges (1kg),2.02,25.5
Cyprus,Tomato (1kg),2.88,25.5
Cyprus,Potato (1kg),1.36,25.5
Cyprus,Onion (1kg),1.38,25.5
Cyprus,Lettuce (1 head),0.8,25.5
Cyprus,Water (1.5 liter bottle),0.93,25.5
Cyprus,Bottle of Wine (Mid-Range),7.55,25.5
Cyprus,Domestic Beer (0.5 liter bottle),1.67,25.5
Cyprus,Imported Beer (0.33 liter bottle),2.4,25.5
Cyprus,Cigarettes 20 Pack (Marlboro),5.39,25.5
Cyprus,One-way Ticket (Local Transport),2.16,25.5
Cyprus,Monthly Pass (Regular Price),53.94,25.5
Cyprus,Taxi Start (Normal Tariff),5.78,25.5
Cyprus,Taxi 1km (Normal Tariff),2.0,25.5
Cyprus,Taxi 1hour Waiting (Normal Tariff),32.36,25.5
Cyprus,Gasoline (1 liter),1.51,25.5
Cyprus,Volkswagen Golf 1.4 90 KW Trendline (Or Equivalent New Car),27454.78,25.5
Cyprus,Toyota Corolla Sedan 1.6l 97kW Comfort (Or Equivalent New Car),29794.88,25.5
Cyprus,"Basic (Electricity, Heating, Cooling, Water, Garbage) for 85m2 Apartment",192.5,25.5
Cyprus,Mobile Phone Monthly Plan with Calls and 10GB+ Data,22.04,25.5
Cyprus,"Internet (60 Mbps or More, Unlimited Data, Cable/ADSL)",34.31,25.5
Cyprus,"Fitness Club, Monthly Fee for 1 Adult",68.44,25.5
Cyprus,Tennis Court Rent (1 Hour on Weekend),25.67,25.5
Cyprus,"Cinema, International Release, 1 Seat",10.79,25.5
Cyprus,"Preschool (or Kindergarten), Full Day, Private, Monthly for 1 Child",457.53,25.5
Cyprus,"International Primary School, Yearly for 1 Child",7740.05,25.5
Cyprus,1 Pair of Jeans (Levis 501 Or Similar),86.83,25.5
Cyprus,"1 Summer Dress in a Chain Store (Zara, H&M, ...)",46.49,25.5
Cyprus,1 Pair of Nike Running Shoes (Mid-Range),96.4,25.5
Cyprus,1 Pair of Men Leather Business Shoes,115.64,25.5
Cyprus,Apartment (1 bedroom) in City Centre,1039.89,25.5
Cyprus,Apartment (1 bedroom) Outside of Centre,824.66,25.5
Cyprus,Apartment (3 bedrooms) in City Centre,1923.98,25.5
Cyprus,Apartment (3 bedrooms) Outside of Centre,1528.66,25.5
Cyprus,Price per Square Meter to Buy Apartment in City Centre,3262.72,25.5
Cyprus,Price per Square Meter to Buy Apartment Outside of Centre,2342.39,25.5
Cyprus,Average Monthly Net Salary (After Tax),1783.66,25.5
Cyprus,"Mortgage Interest Rate in Percentages (%), Yearly, for 20 Years Fixed-Rate",4.19,25.5
Czech Republic,"Meal, Inexpensive Restaurant",8.53,-7.2
Czech Republic,"Meal for 2 People, Mid-range Restaurant, Three-course",42.64,-7.2
Czech Republic,McMeal at McDonalds (or Equivalent Combo Meal),7.89,-7.2
Czech Republic,Domestic Beer (0.5 liter draught),2.13,-7.2
Czech Republic,Imported Beer (0.33 liter bottle),2.56,-7.2
Czech Republic,Cappuccino (regular),2.78,-7.2
Czech Republic,Coke/Pepsi (0.33 liter bottle),1.6,-7.2
Czech Republic,Water (0.33 liter bottle),1.32,-7.2
Czech Republic,"Milk (regular), (1 liter)",1.03,-7.2
Czech Republic,Loaf of Fresh White Bread (500g),1.41,-7.2
Czech Republic,"Rice (white), (1kg)",2.22,-7.2
Czech Republic,Eggs (regular) (12),2.68,-7.2
Czech Republic,Local Cheese (1kg),11.26,-7.2
Czech Republic,Chicken Fillets (1kg),8.51,-7.2
Czech Republic,Beef Round (1kg) (or Equivalent Back Leg Red Meat),12.03,-7.2
Czech Republic,Apples (1kg),1.51,-7.2
Czech Republic,Banana (1kg),1.62,-7.2
Czech Republic,Oranges (1kg),2.04,-7.2
Czech Republic,Tomato (1kg),3.0,-7.2
Czech Republic,Potato (1kg),1.16,-7.2
Czech Republic,Onion (1kg),1.13,-7.2
Czech Republic,Lettuce (1 head),1.35,-7.2
Czech Republic,Water (1.5 liter bottle),0.69,-7.2
Czech Republic,Bottle of Wine (Mid-Range),6.18,-7.2
Czech Republic,Domestic Beer (0.5 liter bottle),0.86,-7.2
Czech Republic,Imported Beer (0.33 liter bottle),1.82,-7.2
Czech Republic,Cigarettes 20 Pack (Marlboro),6.4,-7.2
Czech Republic,One-way Ticket (Local Transport),1.28,-7.2
Czech Republic,Monthly Pass (Regular Price),23.45,-7.2
Czech Republic,Taxi Start (Normal Tariff),2.13,-7.2
Czech Republic,Taxi 1km (Normal Tariff),1.28,-7.2
Czech Republic,Taxi 1hour Waiting (Normal Tariff),15.35,-7.2
Czech Republic,Gasoline (1 liter),1.6,-7.2
Czech Republic,Volkswagen Golf 1.4 90 KW Trendline (Or Equivalent New Car),25585.7,-7.2
Czech Republic,Toyota Corolla Sedan 1.6l 97kW Comfort (Or Equivalent New Car),27185.89,-7.2
Czech Republic,"Basic (Electricity, Heating, Cooling, Water, Garbage) for 85m2 Apartment",283.6,-7.2
Czech Republic,Mobile Phone Monthly Plan with Calls and 10GB+ Data,27.13,-7.2
Czech Republic,"Internet (60 Mbps or More, Unlimited Data, Cable/ADSL)",19.76,-7.2
Czech Republic,"Fitness Club, Monthly Fee for 1 Adult",54.53,-7.2
Czech Republic,Tennis Court Rent (1 Hour on Weekend),15.54,-7.2
Czech Republic,"Cinema, International Release, 1 Seat",9.81,-7.2
Czech Republic,"Preschool (or Kindergarten), Full Day, Private, Monthly for 1 Child",463.93,-7.2
Czech Republic,"International Primary School, Yearly for 1 Child",10070.46,-7.2
Czech Republic,1 Pair of Jeans (Levis 501 Or Similar),78.45,-7.2
Czech Republic,"1 Summer Dress in a Chain Store (Zara, H&M, ...)",37.95,-7.2
Czech Republic,1 Pair of Nike Running Shoes (Mid-Range),89.81,-7.2
Czech Republic,1 Pair of Men Leather Business Shoes,107.22,-7.2
Czech Republic,Apartment (1 bedroom) in City Centre,814.77,-7.2
Czech Republic,Apartment (1 bedroom) Outside of Centre,650.77,-7.2
Czech Republic,Apartment (3 bedrooms) in City Centre,1405.55,-7.2
Czech Republic,Apartment (3 bedrooms) Outside of Centre,1058.14,-7.2
Czech Republic,Price per Square Meter to Buy Apartment in City Centre,4730.09,-7.2
Czech Republic,Price per Square Meter to Buy Apartment Outside of Centre,3545.67,-7.2
Czech Republic,Average Monthly Net Salary (After Tax),1559.52,-7.2
Czech Republic,"Mortgage Interest Rate in Percentages (%), Yearly, for 20 Years Fixed-Rate",5.68,-7.2
Democratic Republic of the Congo,"Meal, Inexpensive Restaurant",10.0,17.5
Democratic Republic of the Congo,"Meal for 2 People, Mid-range Restaurant, Three-course",50.0,17.5
Democratic Republic of the Congo,McMeal at McDonalds (or Equivalent Combo Meal),10.0,17.5
Democratic Republic of the Congo,Domestic Beer (0.5 liter draught),2.0,17.5
Democratic Republic of the Congo,Imported Beer (0.33 liter bottle),4.5,17.5
Democratic Republic of the Congo,Cappuccino (regular),4.45,17.5
Democratic Republic of the Congo,Coke/Pepsi (0.33 liter bottle),1.48,17.5
Democratic Republic of the Congo,Water (0.33 liter bottle),1.29,17.5
Democratic Republic of the Congo,"Milk (regular), (1 liter)",1.82,17.5
Democratic Republic of the Congo,Loaf of Fresh White Bread (500g),1.66,17.5
Democratic Republic of the Congo,"Rice (white), (1kg)",1.91,17.5
Democratic Republic of the Congo,Eggs (regular) (12),3.48,17.5
Democratic Republic of the Congo,Local Cheese (1kg),6.83,17.5
Democratic Republic of the Congo,Chicken Fillets (1kg),4.55,17.5
Democratic Republic of the Congo,Beef Round (1kg) (or Equivalent Back Leg Red Meat),9.0,17.5
Democratic Republic of the Congo,Apples (1kg),3.55,17.5
Democratic Republic of the Congo,Banana (1kg),1.77,17.5
Democratic Republic of the Congo,Oranges (1kg),3.01,17.5
Democratic Republic of the Congo,Tomato (1kg),2.2,17.5
Democratic Republic of the Congo,Potato (1kg),2.77,17.5
Democratic Republic of the Congo,Onion (1kg),2.64,17.5
Democratic Republic of the Congo,Lettuce (1 head),1.85,17.5
Democratic Republic of the Congo,Water (1.5 liter bottle),1.11,17.5
Democratic Republic of the Congo,Bottle of Wine (Mid-Range),15.0,17.5
Democratic Republic of the Congo,Domestic Beer (0.5 liter bottle),1.93,17.5
Democratic Republic of the Congo,Imported Beer (0.33 liter bottle),2.83,17.5
Democratic Republic of the Congo,Cigarettes 20 Pack (Marlboro),5.0,17.5
Democratic Republic of the Congo,One-way Ticket (Local Transport),0.5,17.5
Democratic Republic of the Congo,Monthly Pass (Regular Price),15.0,17.5
Democratic Republic of the Congo,Taxi Start (Normal Tariff),10.0,17.5
Democratic Republic of the Congo,Taxi 1km (Normal Tariff),2.0,17.5
Democratic Republic of the Congo,Taxi 1hour Waiting (Normal Tariff),10.0,17.5
Democratic Republic of the Congo,Gasoline (1 liter),1.45,17.5
Democratic Republic of the Congo,Volkswagen Golf 1.4 90 KW Trendline (Or Equivalent New Car),20000.0,17.5
Democratic Republic of the Congo,Toyota Corolla Sedan 1.6l 97kW Comfort (Or Equivalent New Car),24000.0,17.5
Democratic Republic of the Congo,"Basic (Electricity, Heating, Cooling, Water, Garbage) for 85m2 Apartment",502.66,17.5
Democratic Republic of the Congo,Mobile Phone Monthly Plan with Calls and 10GB+ Data,20.0,17.5
Democratic Republic of the Congo,"Internet (60 Mbps or More, Unlimited Data, Cable/ADSL)",133.17,17.5
Democratic Republic of the Congo,"Fitness Club, Monthly Fee for 1 Adult",58.12,17.5
Democratic Republic of the Congo,Tennis Court Rent (1 Hour on Weekend),13.75,17.5
Democratic Republic of the Congo,"Cinema, International Release, 1 Seat",10.0,17.5
Democratic Republic of the Congo,"Preschool (or Kindergarten), Full Day, Private, Monthly for 1 Child",113.75,17.5
Democratic Republic of the Congo,"International Primary School, Yearly for 1 Child",1925.0,17.5
Democratic Republic of the Congo,1 Pair of Jeans (Levis 501 Or Similar),30.71,17.5
Democratic Republic of the Congo,"1 Summer Dress in a Chain Store (Zara, H&M, ...)",38.33,17.5
Democratic Republic of the Congo,1 Pair of Nike Running Shoes (Mid-Range),65.0,17.5
Democratic Republic of the Congo,1 Pair of Men Leather Business Shoes,102.5,17.5
Democratic Republic of the Congo,Apartment (1 bedroom) in City Centre,1225.0,17.5
Democratic Republic of the Congo,Apartment (1 bedroom) Outside of Centre,412.5,17.5
Democratic Republic of the Congo,Apartment (3 bedrooms) in City Centre,2600.0,17.5
Democratic Republic of the Congo,Apartment (3 bedrooms) Outside of Centre,738.89,17.5
Democratic Republic of the Congo,Price per Square Meter to Buy Apartment in City Centre,7062.0,17.5
Democratic Republic of the Congo,Price per Square Meter to Buy Apartment Outside of Centre,700.0,17.5
Democratic Republic of the Congo,Average Monthly Net Salary (After Tax),521.43,17.5
Democratic Republic of the Congo,"Mortgage Interest Rate in Percentages (%), Yearly, for 20 Years Fixed-Rate",17.0,17.5
Denmark,"Meal, Inexpensive Restaurant",21.69,34.3
Denmark,"Meal for 2 People, Mid-range Restaurant, Three-course",107.88,34.3
Denmark,McMeal at McDonalds (or Equivalent Combo Meal),13.74,34.3
Denmark,Domestic Beer (0.5 liter draught),7.23,34.3
Denmark,Imported Beer (0.33 liter bottle),7.23,34.3
Denmark,Cappuccino (regular),5.81,34.3
Denmark,Coke/Pepsi (0.33 liter bottle),3.84,34.3
Denmark,Water (0.33 liter bottle),2.88,34.3
Denmark,"Milk (regular), (1 liter)",1.96,34.3
Denmark,Loaf of Fresh White Bread (500g),3.19,34.3
Denmark,"Rice (white), (1kg)",2.32,34.3
Denmark,Eggs (regular) (12),4.57,34.3
Denmark,Local Cheese (1kg),12.58,34.3
Denmark,Chicken Fillets (1kg),10.87,34.3
Denmark,Beef Round (1kg) (or Equivalent Back Leg Red Meat),16.41,34.3
Denmark,Apples (1kg),3.1,34.3
Denmark,Banana (1kg),3.17,34.3
Denmark,Oranges (1kg),3.34,34.3
Denmark,Tomato (1kg),4.27,34.3
Denmark,Potato (1kg),2.09,34.3
Denmark,Onion (1kg),1.79,34.3
Denmark,Lettuce (1 head),1.94,34.3
Denmark,Water (1.5 liter bottle),1.37,34.3
Denmark,Bottle of Wine (Mid-Range),9.4,34.3
Denmark,Domestic Beer (0.5 liter bottle),1.81,34.3
Denmark,Imported Beer (0.33 liter bottle),2.35,34.3
Denmark,Cigarettes 20 Pack (Marlboro),8.67,34.3
Denmark,One-way Ticket (Local Transport),3.47,34.3
Denmark,Monthly Pass (Regular Price),86.75,34.3
Denmark,Taxi Start (Normal Tariff),7.23,34.3
Denmark,Taxi 1km (Normal Tariff),2.17,34.3
Denmark,Taxi 1hour Waiting (Normal Tariff),72.29,34.3
Denmark,Gasoline (1 liter),2.06,34.3
Denmark,Volkswagen Golf 1.4 90 KW Trendline (Or Equivalent New Car),46266.24,34.3
Denmark,Toyota Corolla Sedan 1.6l 97kW Comfort (Or Equivalent New Car),47675.66,34.3
Denmark,"Basic (Electricity, Heating, Cooling, Water, Garbage) for 85m2 Apartment",218.3,34.3
Denmark,Mobile Phone Monthly Plan with Calls and 10GB+ Data,18.74,34.3
Denmark,"Internet (60 Mbps or More, Unlimited Data, Cable/ADSL)",37.27,34.3
Denmark,"Fitness Club, Monthly Fee for 1 Adult",39.11,34.3
Denmark,Tennis Court Rent (1 Hour on Weekend),30.53,34.3
Denmark,"Cinema, International Release, 1 Seat",17.35,34.3
Denmark,"Preschool (or Kindergarten), Full Day, Private, Monthly for 1 Child",507.77,34.3
Denmark,"International Primary School, Yearly for 1 Child",5984.71,34.3
Denmark,1 Pair of Jeans (Levis 501 Or Similar),108.78,34.3
Denmark,"1 Summer Dress in a Chain Store (Zara, H&M, ...)",43.04,34.3
Denmark,1 Pair of Nike Running Shoes (Mid-Range),111.83,34.3
Denmark,1 Pair of Men Leather Business Shoes,160.16,34.3
Denmark,Apartment (1 bedroom) in City Centre,1158.18,34.3
Denmark,Apartment (1 bedroom) Outside of Centre,910.71,34.3
Denmark,Apartment (3 bedrooms) in City Centre,2052.03,34.3
Denmark,Apartment (3 bedrooms) Outside of Centre,1566.25,34.3
Denmark,Price per Square Meter to Buy Apartment in City Centre,5547.25,34.3
Denmark,Price per Square Meter to Buy Apartment Outside of Centre,3785.07,34.3
Denmark,Average Monthly Net Salary (After Tax),3640.4,34.3
Denmark,"Mortgage Interest Rate in Percentages (%), Yearly, for 20 Years Fixed-Rate",4.14,34.3
Djibouti,"Meal, Inexpensive Restaurant",9.25,58.8
Djibouti,"Meal for 2 People, Mid-range Restaurant, Three-course",84.06,58.8
Djibouti,McMeal at McDonalds (or Equivalent Combo Meal),10.09,58.8
Djibouti,Domestic Beer (0.5 liter draught),6.16,58.8
Djibouti,Imported Beer (0.33 liter bottle),8.41,58.8
Djibouti,Cappuccino (regular),2.38,58.8
Djibouti,Coke/Pepsi (0.33 liter bottle),1.47,58.8
Djibouti,Water (0.33 liter bottle),1.68,58.8
Djibouti,"Milk (regular), (1 liter)",2.24,58.8
Djibouti,Loaf of Fresh White Bread (500g),9.25,58.8
Djibouti,"Rice (white), (1kg)",3.75,58.8
Djibouti,Eggs (regular) (12),8.07,58.8
Djibouti,Local Cheese (1kg),9.56,58.8
Djibouti,Chicken Fillets (1kg),20.2,58.8
Djibouti,Beef Round (1kg) (or Equivalent Back Leg Red Meat),10.09,58.8
Djibouti,Apples (1kg),4.48,58.8
Djibouti,Banana (1kg),1.12,58.8
Djibouti,Oranges (1kg),2.52,58.8
Djibouti,Tomato (1kg),1.68,58.8
Djibouti,Potato (1kg),1.68,58.8
Djibouti,Onion (1kg),1.85,58.8
Djibouti,Lettuce (1 head),5.6,58.8
Djibouti,Water (1.5 liter bottle),0.56,58.8
Djibouti,Bottle of Wine (Mid-Range),14.01,58.8
Djibouti,Domestic Beer (0.5 liter bottle),2.45,58.8
Djibouti,Imported Beer (0.33 liter bottle),3.12,58.8
Djibouti,Cigarettes 20 Pack (Marlboro),3.45,58.8
Djibouti,One-way Ticket (Local Transport),8.41,58.8
Djibouti,Monthly Pass (Regular Price),42.53,58.8
Djibouti,Taxi Start (Normal Tariff),2.8,58.8
Djibouti,Taxi 1km (Normal Tariff),4.2,58.8
Djibouti,Taxi 1hour Waiting (Normal Tariff),28.02,58.8
Djibouti,Gasoline (1 liter),1.39,58.8
Djibouti,Volkswagen Golf 1.4 90 KW Trendline (Or Equivalent New Car),33800.12,58.8
Djibouti,Toyota Corolla Sedan 1.6l 97kW Comfort (Or Equivalent New Car),32891.54,58.8
Djibouti,"Basic (Electricity, Heating, Cooling, Water, Garbage) for 85m2 Apartment",714.49,58.8
Djibouti,Mobile Phone Monthly Plan with Calls and 10GB+ Data,32.5,58.8
Djibouti,"Internet (60 Mbps or More, Unlimited Data, Cable/ADSL)",50.43,58.8
Djibouti,"Fitness Club, Monthly Fee for 1 Adult",76.59,58.8
Djibouti,Tennis Court Rent (1 Hour on Weekend),19.61,58.8
Djibouti,"Cinema, International Release, 1 Seat",8.41,58.8
Djibouti,"Preschool (or Kindergarten), Full Day, Private, Monthly for 1 Child",342.76,58.8
Djibouti,"International Primary School, Yearly for 1 Child",12533.67,58.8
Djibouti,1 Pair of Jeans (Levis 501 Or Similar),28.02,58.8
Djibouti,"1 Summer Dress in a Chain Store (Zara, H&M, ...)",19.61,58.8
Djibouti,1 Pair of Nike Running Shoes (Mid-Range),123.28,58.8
Djibouti,1 Pair of Men Leather Business Shoes,67.25,58.8
Djibouti,Apartment (1 bedroom) in City Centre,1765.21,58.8
Djibouti,Apartment (1 bedroom) Outside of Centre,997.12,58.8
Djibouti,Apartment (3 bedrooms) in City Centre,2241.54,58.8
Djibouti,Apartment (3 bedrooms) Outside of Centre,1720.77,58.8
Djibouti,Price per Square Meter to Buy Apartment in City Centre,9983.67,58.8
Djibouti,Price per Square Meter to Buy Apartment Outside of Centre,11232.0,58.8
Djibouti,Average Monthly Net Salary (After Tax),5000.0,58.8
Djibouti,"Mortgage Interest Rate in Percentages (%), Yearly, for 20 Years Fixed-Rate",7.2,58.8
Dominica,"Meal, Inexpensive Restaurant",7.4,-48.5
Dominica,"Meal for 2 People, Mid-range Restaurant, Three-course",55.5,-48.5
Dominica,McMeal at McDonalds (or Equivalent Combo Meal),6.66,-48.5
Dominica,Domestic Beer (0.5 liter draught),1.85,-48.5
Dominica,Imported Beer (0.33 liter bottle),2.96,-48.5
Dominica,Cappuccino (regular),3.0,-48.5
Dominica,Coke/Pepsi (0.33 liter bottle),1.81,-48.5
Dominica,Water (0.33 liter bottle),1.55,-48.5
Dominica,"Milk (regular), (1 liter)",3.76,-48.5
Dominica,Loaf of Fresh White Bread (500g),2.41,-48.5
Dominica,"Rice (white), (1kg)",1.36,-48.5
Dominica,Eggs (regular) (12),6.17,-48.5
Dominica,Local Cheese (1kg),2.41,-48.5
Dominica,Chicken Fillets (1kg),8.74,-48.5
Dominica,Beef Round (1kg) (or Equivalent Back Leg Red Meat),9.68,-48.5
Dominica,Apples (1kg),6.66,-48.5
Dominica,Banana (1kg),2.37,-48.5
Dominica,Oranges (1kg),4.48,-48.5
Dominica,Tomato (1kg),4.89,-48.5
Dominica,Potato (1kg),3.13,-48.5
Dominica,Onion (1kg),2.99,-48.5
Dominica,Lettuce (1 head),1.85,-48.5
Dominica,Water (1.5 liter bottle),2.53,-48.5
Dominica,Bottle of Wine (Mid-Range),11.1,-48.5
Dominica,Domestic Beer (0.5 liter bottle),2.24,-48.5
Dominica,Imported Beer (0.33 liter bottle),2.96,-48.5
Dominica,Cigarettes 20 Pack (Marlboro),7.4,-48.5
Dominica,One-way Ticket (Local Transport),0.93,-48.5
Dominica,Monthly Pass (Regular Price),32.25,-48.5
Dominica,Taxi Start (Normal Tariff),3.7,-48.5
Dominica,Taxi 1km (Normal Tariff),3.7,-48.5
Dominica,Taxi 1hour Waiting (Normal Tariff),10.25,-48.5
Dominica,Gasoline (1 liter),1.19,-48.5
Dominica,Volkswagen Golf 1.4 90 KW Trendline (Or Equivalent New Car),33254.25,-48.5
Dominica,Toyota Corolla Sedan 1.6l 97kW Comfort (Or Equivalent New Car),29545.25,-48.5
Dominica,"Basic (Electricity, Heating, Cooling, Water, Garbage) for 85m2 Apartment",138.98,-48.5
Dominica,Mobile Phone Monthly Plan with Calls and 10GB+ Data,41.94,-48.5
Dominica,"Internet (60 Mbps or More, Unlimited Data, Cable/ADSL)",61.67,-48.5
Dominica,"Fitness Club, Monthly Fee for 1 Adult",43.17,-48.5
Dominica,Tennis Court Rent (1 Hour on Weekend),23.22,-48.5
Dominica,"Cinema, International Release, 1 Seat",11.1,-48.5
Dominica,"Preschool (or Kindergarten), Full Day, Private, Monthly for 1 Child",111.01,-48.5
Dominica,"International Primary School, Yearly for 1 Child",3330.19,-48.5
Dominica,1 Pair of Jeans (Levis 501 Or Similar),70.92,-48.5
Dominica,"1 Summer Dress in a Chain Store (Zara, H&M, ...)",38.85,-48.5
Dominica,1 Pair of Nike Running Shoes (Mid-Range),124.88,-48.5
Dominica,1 Pair of Men Leather Business Shoes,83.87,-48.5
Dominica,Apartment (1 bedroom) in City Centre,281.22,-48.5
Dominica,Apartment (1 bedroom) Outside of Centre,328.34,-48.5
Dominica,Apartment (3 bedrooms) in City Centre,952.8,-48.5
Dominica,Apartment (3 bedrooms) Outside of Centre,619.79,-48.5
Dominica,Price per Square Meter to Buy Apartment in City Centre,103.76,-48.5
Dominica,Price per Square Meter to Buy Apartment Outside of Centre,44.89,-48.5
Dominica,Average Monthly Net Salary (After Tax),567.37,-48.5
Dominica,"Mortgage Interest Rate in Percentages (%), Yearly, for 20 Years Fixed-Rate",7.6,-48.5
Dominican Republic,"Meal, Inexpensive Restaurant",6.63,-52.6
Dominican Republic,"Meal for 2 People, Mid-range Restaurant, Three-course",48.06,-52.6
Dominican Republic,McMeal at McDonalds (or Equivalent Combo Meal),6.63,-52.6
Dominican Republic,Domestic Beer (0.5 liter draught),2.49,-52.6
Dominican Republic,Imported Beer (0.33 liter bottle),4.14,-52.6
Dominican Republic,Cappuccino (regular),2.09,-52.6
Dominican Republic,Coke/Pepsi (0.33 liter bottle),0.97,-52.6
Dominican Republic,Water (0.33 liter bottle),0.75,-52.6
Dominican Republic,"Milk (regular), (1 liter)",1.22,-52.6
Dominican Republic,Loaf of Fresh White Bread (500g),1.73,-52.6
Dominican Republic,"Rice (white), (1kg)",1.18,-52.6
Dominican Republic,Eggs (regular) (12),1.7,-52.6
Dominican Republic,Local Cheese (1kg),7.01,-52.6
Dominican Republic,Chicken Fillets (1kg),5.1,-52.6
Dominican Republic,Beef Round (1kg) (or Equivalent Back Leg Red Meat),9.18,-52.6
Dominican Republic,Apples (1kg),2.8,-52.6
Dominican Republic,Banana (1kg),0.84,-52.6
Dominican Republic,Oranges (1kg),2.21,-52.6
Dominican Republic,Tomato (1kg),1.43,-52.6
Dominican Republic,Potato (1kg),1.3,-52.6
Dominican Republic,Onion (1kg),2.14,-52.6
Dominican Republic,Lettuce (1 head),0.8,-52.6
Dominican Republic,Water (1.5 liter bottle),0.85,-52.6
Dominican Republic,Bottle of Wine (Mid-Range),9.94,-52.6
Dominican Republic,Domestic Beer (0.5 liter bottle),2.39,-52.6
Dominican Republic,Imported Beer (0.33 liter bottle),3.28,-52.6
Dominican Republic,Cigarettes 20 Pack (Marlboro),4.31,-52.6
Dominican Republic,One-way Ticket (Local Transport),0.62,-52.6
Dominican Republic,Monthly Pass (Regular Price),41.43,-52.6
Dominican Republic,Taxi Start (Normal Tariff),3.31,-52.6
Dominican Republic,Taxi 1km (Normal Tariff),2.49,-52.6
Dominican Republic,Taxi 1hour Waiting (Normal Tariff),5.39,-52.6
Dominican Republic,Gasoline (1 liter),1.26,-52.6
Dominican Republic,Volkswagen Golf 1.4 90 KW Trendline (Or Equivalent New Car),25851.89,-52.6
Dominican Republic,Toyota Corolla Sedan 1.6l 97kW Comfort (Or Equivalent New Car),29790.44,-52.6
Dominican Republic,"Basic (Electricity, Heating, Cooling, Water, Garbage) for 85m2 Apartment",59.44,-52.6
Dominican Republic,Mobile Phone Monthly Plan with Calls and 10GB+ Data,19.01,-52.6
Dominican Republic,"Internet (60 Mbps or More, Unlimited Data, Cable/ADSL)",41.26,-52.6
Dominican Republic,"Fitness Club, Monthly Fee for 1 Adult",27.63,-52.6
Dominican Republic,Tennis Court Rent (1 Hour on Weekend),13.1,-52.6
Dominican Republic,"Cinema, International Release, 1 Seat",5.8,-52.6
Dominican Republic,"Preschool (or Kindergarten), Full Day, Private, Monthly for 1 Child",261.24,-52.6
Dominican Republic,"International Primary School, Yearly for 1 Child",5119.56,-52.6
Dominican Republic,1 Pair of Jeans (Levis 501 Or Similar),43.79,-52.6
Dominican Republic,"1 Summer Dress in a Chain Store (Zara, H&M, ...)",52.07,-52.6
Dominican Republic,1 Pair of Nike Running Shoes (Mid-Range),81.31,-52.6
Dominican Republic,1 Pair of Men Leather Business Shoes,82.79,-52.6
Dominican Republic,Apartment (1 bedroom) in City Centre,439.72,-52.6
Dominican Republic,Apartment (1 bedroom) Outside of Centre,244.32,-52.6
Dominican Republic,Apartment (3 bedrooms) in City Centre,855.81,-52.6
Dominican Republic,Apartment (3 bedrooms) Outside of Centre,469.37,-52.6
Dominican Republic,Price per Square Meter to Buy Apartment in City Centre,1608.89,-52.6
Dominican Republic,Price per Square Meter to Buy Apartment Outside of Centre,1088.79,-52.6
Dominican Republic,Average Monthly Net Salary (After Tax),400.16,-52.6
Dominican Republic,"Mortgage Interest Rate in Percentages (%), Yearly, for 20 Years Fixed-Rate",13.1,-52.6
Ecuador,"Meal, Inexpensive Restaurant",3.5,-60.2
Ecuador,"Meal for 2 People, Mid-range Restaurant, Three-course",35.0,-60.2
Ecuador,McMeal at McDonalds (or Equivalent Combo Meal),7.0,-60.2
Ecuador,Domestic Beer (0.5 liter draught),2.0,-60.2
Ecuador,Imported Beer (0.33 liter bottle),3.5,-60.2
Ecuador,Cappuccino (regular),2.45,-60.2
Ecuador,Coke/Pepsi (0.33 liter bottle),0.94,-60.2
Ecuador,Water (0.33 liter bottle),0.65,-60.2
Ecuador,"Milk (regular), (1 liter)",1.11,-60.2
Ecuador,Loaf of Fresh White Bread (500g),1.63,-60.2
Ecuador,"Rice (white), (1kg)",1.41,-60.2
Ecuador,Eggs (regular) (12),2.1,-60.2
Ecuador,Local Cheese (1kg),6.22,-60.2
Ecuador,Chicken Fillets (1kg),5.71,-60.2
Ecuador,Beef Round (1kg) (or Equivalent Back Leg Red Meat),7.03,-60.2
Ecuador,Apples (1kg),2.22,-60.2
Ecuador,Banana (1kg),1.19,-60.2
Ecuador,Oranges (1kg),1.39,-60.2
Ecuador,Tomato (1kg),1.31,-60.2
Ecuador,Potato (1kg),1.17,-60.2
Ecuador,Onion (1kg),1.07,-60.2
Ecuador,Lettuce (1 head),0.69,-60.2
Ecuador,Water (1.5 liter bottle),1.1,-60.2
Ecuador,Bottle of Wine (Mid-Range),10.0,-60.2
Ecuador,Domestic Beer (0.5 liter bottle),1.73,-60.2
Ecuador,Imported Beer (0.33 liter bottle),2.7,-60.2
Ecuador,Cigarettes 20 Pack (Marlboro),6.0,-60.2
Ecuador,One-way Ticket (Local Transport),0.35,-60.2
Ecuador,Monthly Pass (Regular Price),21.87,-60.2
Ecuador,Taxi Start (Normal Tariff),1.5,-60.2
Ecuador,Taxi 1km (Normal Tariff),1.5,-60.2
Ecuador,Taxi 1hour Waiting (Normal Tariff),10.0,-60.2
Ecuador,Gasoline (1 liter),0.65,-60.2
Ecuador,Volkswagen Golf 1.4 90 KW Trendline (Or Equivalent New Car),22000.0,-60.2
Ecuador,Toyota Corolla Sedan 1.6l 97kW Comfort (Or Equivalent New Car),27446.63,-60.2
Ecuador,"Basic (Electricity, Heating, Cooling, Water, Garbage) for 85m2 Apartment",46.64,-60.2
Ecuador,Mobile Phone Monthly Plan with Calls and 10GB+ Data,13.27,-60.2
Ecuador,"Internet (60 Mbps or More, Unlimited Data, Cable/ADSL)",32.35,-60.2
Ecuador,"Fitness Club, Monthly Fee for 1 Adult",33.16,-60.2
Ecuador,Tennis Court Rent (1 Hour on Weekend),16.46,-60.2
Ecuador,"Cinema, International Release, 1 Seat",7.0,-60.2
Ecuador,"Preschool (or Kindergarten), Full Day, Private, Monthly for 1 Child",251.72,-60.2
Ecuador,"International Primary School, Yearly for 1 Child",6385.0,-60.2
Ecuador,1 Pair of Jeans (Levis 501 Or Similar),54.53,-60.2
Ecuador,"1 Summer Dress in a Chain Store (Zara, H&M, ...)",48.06,-60.2
Ecuador,1 Pair of Nike Running Shoes (Mid-Range),97.67,-60.2
Ecuador,1 Pair of Men Leather Business Shoes,81.76,-60.2
Ecuador,Apartment (1 bedroom) in City Centre,341.39,-60.2
Ecuador,Apartment (1 bedroom) Outside of Centre,277.84,-60.2
Ecuador,Apartment (3 bedrooms) in City Centre,590.1,-60.2
Ecuador,Apartment (3 bedrooms) Outside of Centre,476.96,-60.2
Ecuador,Price per Square Meter to Buy Apartment in City Centre,1247.67,-60.2
Ecuador,Price per Square Meter to Buy Apartment Outside of Centre,1134.03,-60.2
Ecuador,Average Monthly Net Salary (After Tax),505.55,-60.2
Ecuador,"Mortgage Interest Rate in Percentages (%), Yearly, for 20 Years Fixed-Rate",9.94,-60.2
Egypt,"Meal, Inexpensive Restaurant",4.1,-81.3
Egypt,"Meal for 2 People, Mid-range Restaurant, Three-course",18.44,-81.3
Egypt,McMeal at McDonalds (or Equivalent Combo Meal),4.51,-81.3
Egypt,Domestic Beer (0.5 liter draught),1.43,-81.3
Egypt,Imported Beer (0.33 liter bottle),2.97,-81.3
Egypt,Cappuccino (regular),1.44,-81.3
Egypt,Coke/Pepsi (0.33 liter bottle),0.33,-81.3
Egypt,Water (0.33 liter bottle),0.12,-81.3
Egypt,"Milk (regular), (1 liter)",0.9,-81.3
Egypt,Loaf of Fresh White Bread (500g),0.65,-81.3
Egypt,"Rice (white), (1kg)",0.74,-81.3
Egypt,Eggs (regular) (12),1.46,-81.3
Egypt,Local Cheese (1kg),3.38,-81.3
Egypt,Chicken Fillets (1kg),4.51,-81.3
Egypt,Beef Round (1kg) (or Equivalent Back Leg Red Meat),8.84,-81.3
Egypt,Apples (1kg),1.48,-81.3
Egypt,Banana (1kg),0.5,-81.3
Egypt,Oranges (1kg),0.35,-81.3
Egypt,Tomato (1kg),0.39,-81.3
Egypt,Potato (1kg),0.47,-81.3
Egypt,Onion (1kg),0.48,-81.3
Egypt,Lettuce (1 head),0.22,-81.3
Egypt,Water (1.5 liter bottle),0.19,-81.3
Egypt,Bottle of Wine (Mid-Range),6.15,-81.3
Egypt,Domestic Beer (0.5 liter bottle),1.27,-81.3
Egypt,Imported Beer (0.33 liter bottle),1.6,-81.3
Egypt,Cigarettes 20 Pack (Marlboro),1.84,-81.3
Egypt,One-way Ticket (Local Transport),0.2,-81.3
Egypt,Monthly Pass (Regular Price),6.15,-81.3
Egypt,Taxi Start (Normal Tariff),0.41,-81.3
Egypt,Taxi 1km (Normal Tariff),0.31,-81.3
Egypt,Taxi 1hour Waiting (Normal Tariff),1.23,-81.3
Egypt,Gasoline (1 liter),0.27,-81.3
Egypt,Volkswagen Golf 1.4 90 KW Trendline (Or Equivalent New Car),34824.14,-81.3
Egypt,Toyota Corolla Sedan 1.6l 97kW Comfort (Or Equivalent New Car),32154.0,-81.3
Egypt,"Basic (Electricity, Heating, Cooling, Water, Garbage) for 85m2 Apartment",17.32,-81.3
Egypt,Mobile Phone Monthly Plan with Calls and 10GB+ Data,6.34,-81.3
Egypt,"Internet (60 Mbps or More, Unlimited Data, Cable/ADSL)",9.29,-81.3
Egypt,"Fitness Club, Monthly Fee for 1 Adult",16.41,-81.3
Egypt,Tennis Court Rent (1 Hour on Weekend),7.19,-81.3
Egypt,"Cinema, International Release, 1 Seat",3.07,-81.3
Egypt,"Preschool (or Kindergarten), Full Day, Private, Monthly for 1 Child",79.84,-81.3
Egypt,"International Primary School, Yearly for 1 Child",1760.57,-81.3
Egypt,1 Pair of Jeans (Levis 501 Or Similar),28.66,-81.3
Egypt,"1 Summer Dress in a Chain Store (Zara, H&M, ...)",50.63,-81.3
Egypt,1 Pair of Nike Running Shoes (Mid-Range),98.48,-81.3
Egypt,1 Pair of Men Leather Business Shoes,43.05,-81.3
Egypt,Apartment (1 bedroom) in City Centre,172.8,-81.3
Egypt,Apartment (1 bedroom) Outside of Centre,98.41,-81.3
Egypt,Apartment (3 bedrooms) in City Centre,310.28,-81.3
Egypt,Apartment (3 bedrooms) Outside of Centre,209.52,-81.3
Egypt,Price per Square Meter to Buy Apartment in City Centre,607.02,-81.3
Egypt,Price per Square Meter to Buy Apartment Outside of Centre,356.65,-81.3
Egypt,Average Monthly Net Salary (After Tax),141.54,-81.3
Egypt,"Mortgage Interest Rate in Percentages (%), Yearly, for 20 Years Fixed-Rate",14.37,-81.3
El Salvador,"Meal, Inexpensive Restaurant",8.0,-25.0
El Salvador,"Meal for 2 People, Mid-range Restaurant, Three-course",32.5,-25.0
El Salvador,McMeal at McDonalds (or Equivalent Combo Meal),7.0,-25.0
El Salvador,Domestic Beer (0.5 liter draught),2.0,-25.0
El Salvador,Imported Beer (0.33 liter bottle),3.5,-25.0
El Salvador,Cappuccino (regular),3.47,-25.0
El Salvador,Coke/Pepsi (0.33 liter bottle),1.07,-25.0
El Salvador,Water (0.33 liter bottle),0.89,-25.0
El Salvador,"Milk (regular), (1 liter)",2.05,-25.0
El Salvador,Loaf of Fresh White Bread (500g),2.01,-25.0
El Salvador,"Rice (white), (1kg)",1.74,-25.0
El Salvador,Eggs (regular) (12),2.55,-25.0
El Salvador,Local Cheese (1kg),6.78,-25.0
El Salvador,Chicken Fillets (1kg),5.35,-25.0
El Salvador,Beef Round (1kg) (or Equivalent Back Leg Red Meat),9.13,-25.0
El Salvador,Apples (1kg),3.25,-25.0
El Salvador,Banana (1kg),1.87,-25.0
El Salvador,Oranges (1kg),2.55,-25.0
El Salvador,Tomato (1kg),2.71,-25.0
El Salvador,Potato (1kg),2.45,-25.0
El Salvador,Onion (1kg),2.18,-25.0
El Salvador,Lettuce (1 head),0.96,-25.0
El Salvador,Water (1.5 liter bottle),1.09,-25.0
El Salvador,Bottle of Wine (Mid-Range),12.0,-25.0
El Salvador,Domestic Beer (0.5 liter bottle),1.55,-25.0
El Salvador,Imported Beer (0.33 liter bottle),2.41,-25.0
El Salvador,Cigarettes 20 Pack (Marlboro),4.0,-25.0
El Salvador,One-way Ticket (Local Transport),0.35,-25.0
El Salvador,Monthly Pass (Regular Price),28.75,-25.0
El Salvador,Taxi Start (Normal Tariff),6.0,-25.0
El Salvador,Taxi 1km (Normal Tariff),3.0,-25.0
El Salvador,Taxi 1hour Waiting (Normal Tariff),10.0,-25.0
El Salvador,Gasoline (1 liter),1.05,-25.0
El Salvador,Volkswagen Golf 1.4 90 KW Trendline (Or Equivalent New Car),21562.5,-25.0
El Salvador,Toyota Corolla Sedan 1.6l 97kW Comfort (Or Equivalent New Car),25723.89,-25.0
El Salvador,"Basic (Electricity, Heating, Cooling, Water, Garbage) for 85m2 Apartment",89.98,-25.0
El Salvador,Mobile Phone Monthly Plan with Calls and 10GB+ Data,19.0,-25.0
El Salvador,"Internet (60 Mbps or More, Unlimited Data, Cable/ADSL)",41.73,-25.0
El Salvador,"Fitness Club, Monthly Fee for 1 Adult",30.77,-25.0
El Salvador,Tennis Court Rent (1 Hour on Weekend),19.22,-25.0
El Salvador,"Cinema, International Release, 1 Seat",5.0,-25.0
El Salvador,"Preschool (or Kindergarten), Full Day, Private, Monthly for 1 Child",146.5,-25.0
El Salvador,"International Primary School, Yearly for 1 Child",4392.86,-25.0
El Salvador,1 Pair of Jeans (Levis 501 Or Similar),64.93,-25.0
El Salvador,"1 Summer Dress in a Chain Store (Zara, H&M, ...)",45.62,-25.0
El Salvador,1 Pair of Nike Running Shoes (Mid-Range),108.75,-25.0
El Salvador,1 Pair of Men Leather Business Shoes,100.62,-25.0
El Salvador,Apartment (1 bedroom) in City Centre,721.24,-25.0
El Salvador,Apartment (1 bedroom) Outside of Centre,612.01,-25.0
El Salvador,Apartment (3 bedrooms) in City Centre,1042.5,-25.0
El Salvador,Apartment (3 bedrooms) Outside of Centre,801.57,-25.0
El Salvador,Price per Square Meter to Buy Apartment in City Centre,2028.91,-25.0
El Salvador,Price per Square Meter to Buy Apartment Outside of Centre,1219.78,-25.0
El Salvador,Average Monthly Net Salary (After Tax),511.67,-25.0
El Salvador,"Mortgage Interest Rate in Percentages (%), Yearly, for 20 Years Fixed-Rate",9.75,-25.0
Equatorial Guinea,"Meal, Inexpensive Restaurant",13.16,-63.5
Equatorial Guinea,"Meal for 2 People, Mid-range Restaurant, Three-course",41.11,-63.5
Equatorial Guinea,McMeal at McDonalds (or Equivalent Combo Meal),16.45,-63.5
Equatorial Guinea,Domestic Beer (0.5 liter draught),2.47,-63.5
Equatorial Guinea,Imported Beer (0.33 liter bottle),4.52,-63.5
Equatorial Guinea,Cappuccino (regular),4.52,-63.5
Equatorial Guinea,Coke/Pepsi (0.33 liter bottle),1.18,-63.5
Equatorial Guinea,Water (0.33 liter bottle),1.1,-63.5
Equatorial Guinea,"Milk (regular), (1 liter)",2.55,-63.5
Equatorial Guinea,Loaf of Fresh White Bread (500g),3.17,-63.5
Equatorial Guinea,"Rice (white), (1kg)",2.14,-63.5
Equatorial Guinea,Eggs (regular) (12),2.63,-63.5
Equatorial Guinea,Local Cheese (1kg),8.31,-63.5
Equatorial Guinea,Chicken Fillets (1kg),6.56,-63.5
Equatorial Guinea,Beef Round (1kg) (or Equivalent Back Leg Red Meat),8.2,-63.5
Equatorial Guinea,Apples (1kg),6.3,-63.5
Equatorial Guinea,Banana (1kg),2.47,-63.5
Equatorial Guinea,Oranges (1kg),6.03,-63.5
Equatorial Guinea,Tomato (1kg),3.56,-63.5
Equatorial Guinea,Potato (1kg),3.29,-63.5
Equatorial Guinea,Onion (1kg),3.56,-63.5
Equatorial Guinea,Lettuce (1 head),0.86,-63.5
Equatorial Guinea,Water (1.5 liter bottle),1.89,-63.5
Equatorial Guinea,Bottle of Wine (Mid-Range),5.34,-63.5
Equatorial Guinea,Domestic Beer (0.5 liter bottle),2.36,-63.5
Equatorial Guinea,Imported Beer (0.33 liter bottle),0.58,-63.5
Equatorial Guinea,Cigarettes 20 Pack (Marlboro),4.73,-63.5
Equatorial Guinea,One-way Ticket (Local Transport),1.23,-63.5
Equatorial Guinea,Monthly Pass (Regular Price),26.45,-63.5
Equatorial Guinea,Taxi Start (Normal Tariff),0.82,-63.5
Equatorial Guinea,Taxi 1km (Normal Tariff),0.82,-63.5
Equatorial Guinea,Taxi 1hour Waiting (Normal Tariff),8.22,-63.5
Equatorial Guinea,Gasoline (1 liter),1.04,-63.5
Equatorial Guinea,Volkswagen Golf 1.4 90 KW Trendline (Or Equivalent New Car),33123.0,-63.5
Equatorial Guinea,Toyota Corolla Sedan 1.6l 97kW Comfort (Or Equivalent New Car),29444.0,-63.5
Equatorial Guinea,"Basic (Electricity, Heating, Cooling, Water, Garbage) for 85m2 Apartment",146.37,-63.5
Equatorial Guinea,Mobile Phone Monthly Plan with Calls and 10GB+ Data,17.55,-63.5
Equatorial Guinea,"Internet (60 Mbps or More, Unlimited Data, Cable/ADSL)",131.57,-63.5
Equatorial Guinea,"Fitness Club, Monthly Fee for 1 Adult",98.67,-63.5
Equatorial Guinea,Tennis Court Rent (1 Hour on Weekend),14.66,-63.5
Equatorial Guinea,"Cinema, International Release, 1 Seat",5.4,-63.5
Equatorial Guinea,"Preschool (or Kindergarten), Full Day, Private, Monthly for 1 Child",65.78,-63.5
Equatorial Guinea,"International Primary School, Yearly for 1 Child",328.92,-63.5
Equatorial Guinea,1 Pair of Jeans (Levis 501 Or Similar),54.82,-63.5
Equatorial Guinea,"1 Summer Dress in a Chain Store (Zara, H&M, ...)",95.93,-63.5
Equatorial Guinea,1 Pair of Nike Running Shoes (Mid-Range),183.64,-63.5
Equatorial Guinea,1 Pair of Men Leather Business Shoes,126.08,-63.5
Equatorial Guinea,Apartment (1 bedroom) in City Centre,328.92,-63.5
Equatorial Guinea,Apartment (1 bedroom) Outside of Centre,175.42,-63.5
Equatorial Guinea,Apartment (3 bedrooms) in City Centre,685.24,-63.5
Equatorial Guinea,Apartment (3 bedrooms) Outside of Centre,356.33,-63.5
Equatorial Guinea,Price per Square Meter to Buy Apartment in City Centre,849.0,-63.5
Equatorial Guinea,Price per Square Meter to Buy Apartment Outside of Centre,645.0,-63.5
Equatorial Guinea,Average Monthly Net Salary (After Tax),534.49,-63.5
Equatorial Guinea,"Mortgage Interest Rate in Percentages (%), Yearly, for 20 Years Fixed-Rate",6.8,-63.5
Eritrea,"Meal, Inexpensive Restaurant",18.14,-46.9
Eritrea,"Meal for 2 People, Mid-range Restaurant, Three-course",30.0,-46.9
Eritrea,McMeal at McDonalds (or Equivalent Combo Meal),5.5,-46.9
Eritrea,Domestic Beer (0.5 liter draught),1.0,-46.9
Eritrea,Imported Beer (0.33 liter bottle),2.0,-46.9
Eritrea,Cappuccino (regular),0.77,-46.9
Eritrea,Coke/Pepsi (0.33 liter bottle),1.83,-46.9
Eritrea,Water (0.33 liter bottle),1.33,-46.9
Eritrea,"Milk (regular), (1 liter)",1.62,-46.9
Eritrea,Loaf of Fresh White Bread (500g),0.5,-46.9
Eritrea,"Rice (white), (1kg)",1.98,-46.9
Eritrea,Eggs (regular) (12),4.52,-46.9
Eritrea,Local Cheese (1kg),3.0,-46.9
Eritrea,Chicken Fillets (1kg),26.83,-46.9
Eritrea,Beef Round (1kg) (or Equivalent Back Leg Red Meat),10.0,-46.9
Eritrea,Apples (1kg),12.22,-46.9
Eritrea,Banana (1kg),1.28,-46.9
Eritrea,Oranges (1kg),1.89,-46.9
Eritrea,Tomato (1kg),1.22,-46.9
Eritrea,Potato (1kg),1.76,-46.9
Eritrea,Onion (1kg),1.07,-46.9
Eritrea,Lettuce (1 head),0.67,-46.9
Eritrea,Water (1.5 liter bottle),2.14,-46.9
Eritrea,Bottle of Wine (Mid-Range),12.0,-46.9
Eritrea,Domestic Beer (0.5 liter bottle),1.0,-46.9
Eritrea,Imported Beer (0.33 liter bottle),1.17,-46.9
Eritrea,Cigarettes 20 Pack (Marlboro),2.0,-46.9
Eritrea,One-way Ticket (Local Transport),0.13,-46.9
Eritrea,Monthly Pass (Regular Price),8.0,-46.9
Eritrea,Taxi Start (Normal Tariff),0.67,-46.9
Eritrea,Taxi 1km (Normal Tariff),0.63,-46.9
Eritrea,Taxi 1hour Waiting (Normal Tariff),8.33,-46.9
Eritrea,Gasoline (1 liter),2.33,-46.9
Eritrea,Volkswagen Golf 1.4 90 KW Trendline (Or Equivalent New Car),66666.0,-46.9
Eritrea,Toyota Corolla Sedan 1.6l 97kW Comfort (Or Equivalent New Car),70000.0,-46.9
Eritrea,"Basic (Electricity, Heating, Cooling, Water, Garbage) for 85m2 Apartment",27.5,-46.9
Eritrea,Mobile Phone Monthly Plan with Calls and 10GB+ Data,67.99,-46.9
Eritrea,"Internet (60 Mbps or More, Unlimited Data, Cable/ADSL)",200.0,-46.9
Eritrea,"Fitness Club, Monthly Fee for 1 Adult",27.0,-46.9
Eritrea,Tennis Court Rent (1 Hour on Weekend),7.5,-46.9
Eritrea,"Cinema, International Release, 1 Seat",1.1,-46.9
Eritrea,"Preschool (or Kindergarten), Full Day, Private, Monthly for 1 Child",25.0,-46.9
Eritrea,"International Primary School, Yearly for 1 Child",1675.0,-46.9
Eritrea,1 Pair of Jeans (Levis 501 Or Similar),82.5,-46.9
Eritrea,"1 Summer Dress in a Chain Store (Zara, H&M, ...)",75.0,-46.9
Eritrea,1 Pair of Nike Running Shoes (Mid-Range),200.0,-46.9
Eritrea,1 Pair of Men Leather Business Shoes,95.0,-46.9
Eritrea,Apartment (1 bedroom) in City Centre,475.0,-46.9
Eritrea,Apartment (1 bedroom) Outside of Centre,400.0,-46.9
Eritrea,Apartment (3 bedrooms) in City Centre,725.0,-46.9
Eritrea,Apartment (3 bedrooms) Outside of Centre,650.0,-46.9
Eritrea,Price per Square Meter to Buy Apartment in City Centre,611.07,-46.9
Eritrea,Price per Square Meter to Buy Apartment Outside of Centre,1468.75,-46.9
Eritrea,Average Monthly Net Salary (After Tax),1060.0,-46.9
Eritrea,"Mortgage Interest Rate in Percentages (%), Yearly, for 20 Years Fixed-Rate",12.0,-46.9
Estonia,"Meal, Inexpensive Restaurant",13.75,-26.9
Estonia,"Meal for 2 People, Mid-range Restaurant, Three-course",64.73,-26.9
Estonia,McMeal at McDonalds (or Equivalent Combo Meal),9.57,-26.9
Estonia,Domestic Beer (0.5 liter draught),5.39,-26.9
Estonia,Imported Beer (0.33 liter bottle),5.39,-26.9
Estonia,Cappuccino (regular),3.7,-26.9
Estonia,Coke/Pepsi (0.33 liter bottle),2.28,-26.9
Estonia,Water (0.33 liter bottle),1.99,-26.9
Estonia,"Milk (regular), (1 liter)",1.13,-26.9
Estonia,Loaf of Fresh White Bread (500g),1.26,-26.9
Estonia,"Rice (white), (1kg)",2.26,-26.9
Estonia,Eggs (regular) (12),2.68,-26.9
Estonia,Local Cheese (1kg),10.91,-26.9
Estonia,Chicken Fillets (1kg),7.7,-26.9
Estonia,Beef Round (1kg) (or Equivalent Back Leg Red Meat),16.64,-26.9
Estonia,Apples (1kg),1.86,-26.9
Estonia,Banana (1kg),1.37,-26.9
Estonia,Oranges (1kg),2.26,-26.9
Estonia,Tomato (1kg),2.8,-26.9
Estonia,Potato (1kg),1.01,-26.9
Estonia,Onion (1kg),1.0,-26.9
Estonia,Lettuce (1 head),1.85,-26.9
Estonia,Water (1.5 liter bottle),1.06,-26.9
Estonia,Bottle of Wine (Mid-Range),8.63,-26.9
Estonia,Domestic Beer (0.5 liter bottle),1.7,-26.9
Estonia,Imported Beer (0.33 liter bottle),2.11,-26.9
Estonia,Cigarettes 20 Pack (Marlboro),5.93,-26.9
Estonia,One-way Ticket (Local Transport),2.16,-26.9
Estonia,Monthly Pass (Regular Price),32.36,-26.9
Estonia,Taxi Start (Normal Tariff),3.24,-26.9
Estonia,Taxi 1km (Normal Tariff),0.86,-26.9
Estonia,Taxi 1hour Waiting (Normal Tariff),15.1,-26.9
Estonia,Gasoline (1 liter),1.85,-26.9
Estonia,Volkswagen Golf 1.4 90 KW Trendline (Or Equivalent New Car),29126.87,-26.9
Estonia,Toyota Corolla Sedan 1.6l 97kW Comfort (Or Equivalent New Car),29126.87,-26.9
Estonia,"Basic (Electricity, Heating, Cooling, Water, Garbage) for 85m2 Apartment",295.69,-26.9
Estonia,Mobile Phone Monthly Plan with Calls and 10GB+ Data,18.13,-26.9
Estonia,"Internet (60 Mbps or More, Unlimited Data, Cable/ADSL)",29.35,-26.9
Estonia,"Fitness Club, Monthly Fee for 1 Adult",48.8,-26.9
Estonia,Tennis Court Rent (1 Hour on Weekend),27.02,-26.9
Estonia,"Cinema, International Release, 1 Seat",10.79,-26.9
Estonia,"Preschool (or Kindergarten), Full Day, Private, Monthly for 1 Child",368.75,-26.9
Estonia,"International Primary School, Yearly for 1 Child",8513.3,-26.9
Estonia,1 Pair of Jeans (Levis 501 Or Similar),93.38,-26.9
Estonia,"1 Summer Dress in a Chain Store (Zara, H&M, ...)",35.85,-26.9
Estonia,1 Pair of Nike Running Shoes (Mid-Range),85.28,-26.9
Estonia,1 Pair of Men Leather Business Shoes,106.78,-26.9
Estonia,Apartment (1 bedroom) in City Centre,648.09,-26.9
Estonia,Apartment (1 bedroom) Outside of Centre,470.18,-26.9
Estonia,Apartment (3 bedrooms) in City Centre,1141.17,-26.9
Estonia,Apartment (3 bedrooms) Outside of Centre,834.6,-26.9
Estonia,Price per Square Meter to Buy Apartment in City Centre,4135.6,-26.9
Estonia,Price per Square Meter to Buy Apartment Outside of Centre,2896.61,-26.9
Estonia,Average Monthly Net Salary (After Tax),1556.86,-26.9
Estonia,"Mortgage Interest Rate in Percentages (%), Yearly, for 20 Years Fixed-Rate",5.13,-26.9
Eswatini,"Meal, Inexpensive Restaurant",1.69,-73.6
Eswatini,"Meal for 2 People, Mid-range Restaurant, Three-course",28.23,-73.6
Eswatini,McMeal at McDonalds (or Equivalent Combo Meal),2.37,-73.6
Eswatini,Domestic Beer (0.5 liter draught),1.69,-73.6
Eswatini,Imported Beer (0.33 liter bottle),1.69,-73.6
Eswatini,Cappuccino (regular),1.65,-73.6
Eswatini,Coke/Pepsi (0.33 liter bottle),0.86,-73.6
Eswatini,Water (0.33 liter bottle),0.51,-73.6
Eswatini,"Milk (regular), (1 liter)",1.04,-73.6
Eswatini,Loaf of Fresh White Bread (500g),0.78,-73.6
Eswatini,"Rice (white), (1kg)",1.26,-73.6
Eswatini,Eggs (regular) (12),1.64,-73.6
Eswatini,Local Cheese (1kg),8.9,-73.6
Eswatini,Chicken Fillets (1kg),4.21,-73.6
Eswatini,Beef Round (1kg) (or Equivalent Back Leg Red Meat),4.59,-73.6
Eswatini,Apples (1kg),1.42,-73.6
Eswatini,Banana (1kg),0.69,-73.6
Eswatini,Oranges (1kg),1.02,-73.6
Eswatini,Tomato (1kg),1.26,-73.6
Eswatini,Potato (1kg),0.8,-73.6
Eswatini,Onion (1kg),1.0,-73.6
Eswatini,Lettuce (1 head),0.56,-73.6
Eswatini,Water (1.5 liter bottle),0.72,-73.6
Eswatini,Bottle of Wine (Mid-Range),5.05,-73.6
Eswatini,Domestic Beer (0.5 liter bottle),0.98,-73.6
Eswatini,Imported Beer (0.33 liter bottle),1.77,-73.6
Eswatini,Cigarettes 20 Pack (Marlboro),2.71,-73.6
Eswatini,One-way Ticket (Local Transport),0.9,-73.6
Eswatini,Monthly Pass (Regular Price),29.64,-73.6
Eswatini,Taxi Start (Normal Tariff),2.83,-73.6
Eswatini,Taxi 1km (Normal Tariff),2.83,-73.6
Eswatini,Taxi 1hour Waiting (Normal Tariff),3.39,-73.6
Eswatini,Gasoline (1 liter),1.26,-73.6
Eswatini,Volkswagen Golf 1.4 90 KW Trendline (Or Equivalent New Car),16936.05,-73.6
Eswatini,Toyota Corolla Sedan 1.6l 97kW Comfort (Or Equivalent New Car),22595.71,-73.6
Eswatini,"Basic (Electricity, Heating, Cooling, Water, Garbage) for 85m2 Apartment",74.8,-73.6
Eswatini,Mobile Phone Monthly Plan with Calls and 10GB+ Data,27.29,-73.6
Eswatini,"Internet (60 Mbps or More, Unlimited Data, Cable/ADSL)",47.07,-73.6
Eswatini,"Fitness Club, Monthly Fee for 1 Adult",28.23,-73.6
Eswatini,Tennis Court Rent (1 Hour on Weekend),5.08,-73.6
Eswatini,"Cinema, International Release, 1 Seat",3.39,-73.6
Eswatini,"Preschool (or Kindergarten), Full Day, Private, Monthly for 1 Child",126.49,-73.6
Eswatini,"International Primary School, Yearly for 1 Child",4971.09,-73.6
Eswatini,1 Pair of Jeans (Levis 501 Or Similar),42.33,-73.6
Eswatini,"1 Summer Dress in a Chain Store (Zara, H&M, ...)",26.34,-73.6
Eswatini,1 Pair of Nike Running Shoes (Mid-Range),63.51,-73.6
Eswatini,1 Pair of Men Leather Business Shoes,65.66,-73.6
Eswatini,Apartment (1 bedroom) in City Centre,211.7,-73.6
Eswatini,Apartment (1 bedroom) Outside of Centre,143.96,-73.6
Eswatini,Apartment (3 bedrooms) in City Centre,434.69,-73.6
Eswatini,Apartment (3 bedrooms) Outside of Centre,327.43,-73.6
Eswatini,Price per Square Meter to Buy Apartment in City Centre,338.72,-73.6
Eswatini,Price per Square Meter to Buy Apartment Outside of Centre,254.04,-73.6
Eswatini,Average Monthly Net Salary (After Tax),525.02,-73.6
Eswatini,"Mortgage Interest Rate in Percentages (%), Yearly, for 20 Years Fixed-Rate",8.75,-73.6
Ethiopia,"Meal, Inexpensive Restaurant",5.0,-20.0
Ethiopia,"Meal for 2 People, Mid-range Restaurant, Three-course",25.0,-20.0
Ethiopia,McMeal at McDonalds (or Equivalent Combo Meal),6.0,-20.0
Ethiopia,Domestic Beer (0.5 liter draught),1.0,-20.0
Ethiopia,Imported Beer (0.33 liter bottle),2.0,-20.0
Ethiopia,Cappuccino (regular),1.08,-20.0
Ethiopia,Coke/Pepsi (0.33 liter bottle),0.67,-20.0
Ethiopia,Water (0.33 liter bottle),0.49,-20.0
Ethiopia,"Milk (regular), (1 liter)",1.54,-20.0
Ethiopia,Loaf of Fresh White Bread (500g),1.17,-20.0
Ethiopia,"Rice (white), (1kg)",2.07,-20.0
Ethiopia,Eggs (regular) (12),2.65,-20.0
Ethiopia,Local Cheese (1kg),9.71,-20.0
Ethiopia,Chicken Fillets (1kg),12.39,-20.0
Ethiopia,Beef Round (1kg) (or Equivalent Back Leg Red Meat),13.2,-20.0
Ethiopia,Apples (1kg),7.05,-20.0
Ethiopia,Banana (1kg),1.09,-20.0
Ethiopia,Oranges (1kg),2.55,-20.0
Ethiopia,Tomato (1kg),0.86,-20.0
Ethiopia,Potato (1kg),0.7,-20.0
Ethiopia,Onion (1kg),1.85,-20.0
Ethiopia,Lettuce (1 head),0.63,-20.0
Ethiopia,Water (1.5 liter bottle),0.63,-20.0
Ethiopia,Bottle of Wine (Mid-Range),8.5,-20.0
Ethiopia,Domestic Beer (0.5 liter bottle),1.17,-20.0
Ethiopia,Imported Beer (0.33 liter bottle),2.05,-20.0
Ethiopia,Cigarettes 20 Pack (Marlboro),4.0,-20.0
Ethiopia,One-way Ticket (Local Transport),0.35,-20.0
Ethiopia,Monthly Pass (Regular Price),12.51,-20.0
Ethiopia,Taxi Start (Normal Tariff),1.46,-20.0
Ethiopia,Taxi 1km (Normal Tariff),0.3,-20.0
Ethiopia,Taxi 1hour Waiting (Normal Tariff),2.0,-20.0
Ethiopia,Gasoline (1 liter),1.31,-20.0
Ethiopia,Volkswagen Golf 1.4 90 KW Trendline (Or Equivalent New Car),26000.0,-20.0
Ethiopia,Toyota Corolla Sedan 1.6l 97kW Comfort (Or Equivalent New Car),51903.37,-20.0
Ethiopia,"Basic (Electricity, Heating, Cooling, Water, Garbage) for 85m2 Apartment",139.67,-20.0
Ethiopia,Mobile Phone Monthly Plan with Calls and 10GB+ Data,12.55,-20.0
Ethiopia,"Internet (60 Mbps or More, Unlimited Data, Cable/ADSL)",188.86,-20.0
Ethiopia,"Fitness Club, Monthly Fee for 1 Adult",73.03,-20.0
Ethiopia,Tennis Court Rent (1 Hour on Weekend),36.25,-20.0
Ethiopia,"Cinema, International Release, 1 Seat",6.0,-20.0
Ethiopia,"Preschool (or Kindergarten), Full Day, Private, Monthly for 1 Child",80.12,-20.0
Ethiopia,"International Primary School, Yearly for 1 Child",43916.67,-20.0
Ethiopia,1 Pair of Jeans (Levis 501 Or Similar),49.38,-20.0
Ethiopia,"1 Summer Dress in a Chain Store (Zara, H&M, ...)",83.79,-20.0
Ethiopia,1 Pair of Nike Running Shoes (Mid-Range),107.52,-20.0
Ethiopia,1 Pair of Men Leather Business Shoes,117.24,-20.0
Ethiopia,Apartment (1 bedroom) in City Centre,631.91,-20.0
Ethiopia,Apartment (1 bedroom) Outside of Centre,403.33,-20.0
Ethiopia,Apartment (3 bedrooms) in City Centre,1553.78,-20.0
Ethiopia,Apartment (3 bedrooms) Outside of Centre,797.22,-20.0
Ethiopia,Price per Square Meter to Buy Apartment in City Centre,2683.9,-20.0
Ethiopia,Price per Square Meter to Buy Apartment Outside of Centre,1928.71,-20.0
Ethiopia,Average Monthly Net Salary (After Tax),224.9,-20.0
Ethiopia,"Mortgage Interest Rate in Percentages (%), Yearly, for 20 Years Fixed-Rate",15.0,-20.0
Falkland Islands,"Meal, Inexpensive Restaurant",25.89,
Falkland Islands,"Meal for 2 People, Mid-range Restaurant, Three-course",77.68,
Falkland Islands,McMeal at McDonalds (or Equivalent Combo Meal),,
Falkland Islands,Domestic Beer (0.5 liter draught),4.27,
Falkland Islands,Imported Beer (0.33 liter bottle),3.24,
Falkland Islands,Cappuccino (regular),2.62,
Falkland Islands,Coke/Pepsi (0.33 liter bottle),1.76,
Falkland Islands,Water (0.33 liter bottle),1.29,
Falkland Islands,"Milk (regular), (1 liter)",2.17,
Falkland Islands,Loaf of Fresh White Bread (500g),3.24,
Falkland Islands,"Rice (white), (1kg)",,
Falkland Islands,Eggs (regular) (12),6.78,
Falkland Islands,Local Cheese (1kg),,
Falkland Islands,Chicken Fillets (1kg),7.77,
Falkland Islands,Beef Round (1kg) (or Equivalent Back Leg Red Meat),9.06,
Falkland Islands,Apples (1kg),,
Falkland Islands,Banana (1kg),,
Falkland Islands,Oranges (1kg),,
Falkland Islands,Tomato (1kg),,
Falkland Islands,Potato (1kg),,
Falkland Islands,Onion (1kg),,
Falkland Islands,Lettuce (1 head),4.73,
Falkland Islands,Water (1.5 liter bottle),,
Falkland Islands,Bottle of Wine (Mid-Range),12.95,
Falkland Islands,Domestic Beer (0.5 liter bottle),,
Falkland Islands,Imported Beer (0.33 liter bottle),1.15,
Falkland Islands,Cigarettes 20 Pack (Marlboro),17.98,
Falkland Islands,One-way Ticket (Local Transport),,
Falkland Islands,Monthly Pass (Regular Price),,
Falkland Islands,Taxi Start (Normal Tariff),,
Falkland Islands,Taxi 1km (Normal Tariff),,
Falkland Islands,Taxi 1hour Waiting (Normal Tariff),,
Falkland Islands,Gasoline (1 liter),,
Falkland Islands,Volkswagen Golf 1.4 90 KW Trendline (Or Equivalent New Car),2589.3,
Falkland Islands,Toyota Corolla Sedan 1.6l 97kW Comfort (Or Equivalent New Car),,
Falkland Islands,"Basic (Electricity, Heating, Cooling, Water, Garbage) for 85m2 Apartment",388.39,
Falkland Islands,Mobile Phone Monthly Plan with Calls and 10GB+ Data,84.15,
Falkland Islands,"Internet (60 Mbps or More, Unlimited Data, Cable/ADSL)",501.89,
Falkland Islands,"Fitness Club, Monthly Fee for 1 Adult",15.21,
Falkland Islands,Tennis Court Rent (1 Hour on Weekend),23.3,
Falkland Islands,"Cinema, International Release, 1 Seat",10.36,
Falkland Islands,"Preschool (or Kindergarten), Full Day, Private, Monthly for 1 Child",582.59,
Falkland Islands,"International Primary School, Yearly for 1 Child",,
Falkland Islands,1 Pair of Jeans (Levis 501 Or Similar),,
Falkland Islands,"1 Summer Dress in a Chain Store (Zara, H&M, ...)",,
Falkland Islands,1 Pair of Nike Running Shoes (Mid-Range),58.26,
Falkland Islands,1 Pair of Men Leather Business Shoes,,
Falkland Islands,Apartment (1 bedroom) in City Centre,1165.18,
Falkland Islands,Apartment (1 bedroom) Outside of Centre,647.32,
Falkland Islands,Apartment (3 bedrooms) in City Centre,2157.75,
Falkland Islands,Apartment (3 bedrooms) Outside of Centre,1294.65,
Falkland Islands,Price per Square Meter to Buy Apartment in City Centre,,
Falkland Islands,Price per Square Meter to Buy Apartment Outside of Centre,,
Falkland Islands,Average Monthly Net Salary (After Tax),3883.95,
Falkland Islands,"Mortgage Interest Rate in Percentages (%), Yearly, for 20 Years Fixed-Rate",,
Faroe Islands,"Meal, Inexpensive Restaurant",21.69,
Faroe Islands,"Meal for 2 People, Mid-range Restaurant, Three-course",144.58,
Faroe Islands,McMeal at McDonalds (or Equivalent Combo Meal),18.43,
Faroe Islands,Domestic Beer (0.5 liter draught),8.67,
Faroe Islands,Imported Beer (0.33 liter bottle),7.61,
Faroe Islands,Cappuccino (regular),5.72,
Faroe Islands,Coke/Pepsi (0.33 liter bottle),3.04,
Faroe Islands,Water (0.33 liter bottle),2.46,
Faroe Islands,"Milk (regular), (1 liter)",2.05,
Faroe Islands,Loaf of Fresh White Bread (500g),3.98,
Faroe Islands,"Rice (white), (1kg)",3.56,
Faroe Islands,Eggs (regular) (12),5.04,
Faroe Islands,Local Cheese (1kg),13.69,
Faroe Islands,Chicken Fillets (1kg),13.36,
Faroe Islands,Beef Round (1kg) (or Equivalent Back Leg Red Meat),26.02,
Faroe Islands,Apples (1kg),2.53,
Faroe Islands,Banana (1kg),2.39,
Faroe Islands,Oranges (1kg),2.89,
Faroe Islands,Tomato (1kg),2.31,
Faroe Islands,Potato (1kg),2.39,
Faroe Islands,Onion (1kg),3.04,
Faroe Islands,Lettuce (1 head),2.31,
Faroe Islands,Water (1.5 liter bottle),3.13,
Faroe Islands,Bottle of Wine (Mid-Range),11.57,
Faroe Islands,Domestic Beer (0.5 liter bottle),2.27,
Faroe Islands,Imported Beer (0.33 liter bottle),2.75,
Faroe Islands,Cigarettes 20 Pack (Marlboro),10.12,
Faroe Islands,One-way Ticket (Local Transport),0.0,
Faroe Islands,Monthly Pass (Regular Price),0.0,
Faroe Islands,Taxi Start (Normal Tariff),10.84,
Faroe Islands,Taxi 1km (Normal Tariff),,
Faroe Islands,Taxi 1hour Waiting (Normal Tariff),48.54,
Faroe Islands,Gasoline (1 liter),1.91,
Faroe Islands,Volkswagen Golf 1.4 90 KW Trendline (Or Equivalent New Car),37591.32,
Faroe Islands,Toyota Corolla Sedan 1.6l 97kW Comfort (Or Equivalent New Car),49157.88,
Faroe Islands,"Basic (Electricity, Heating, Cooling, Water, Garbage) for 85m2 Apartment",130.69,
Faroe Islands,Mobile Phone Monthly Plan with Calls and 10GB+ Data,37.59,
Faroe Islands,"Internet (60 Mbps or More, Unlimited Data, Cable/ADSL)",60.24,
Faroe Islands,"Fitness Club, Monthly Fee for 1 Adult",52.19,
Faroe Islands,Tennis Court Rent (1 Hour on Weekend),14.46,
Faroe Islands,"Cinema, International Release, 1 Seat",15.54,
Faroe Islands,"Preschool (or Kindergarten), Full Day, Private, Monthly for 1 Child",444.77,
Faroe Islands,"International Primary School, Yearly for 1 Child",,
Faroe Islands,1 Pair of Jeans (Levis 501 Or Similar),149.35,
Faroe Islands,"1 Summer Dress in a Chain Store (Zara, H&M, ...)",50.6,
Faroe Islands,1 Pair of Nike Running Shoes (Mid-Range),146.99,
Faroe Islands,1 Pair of Men Leather Business Shoes,173.5,
Faroe Islands,Apartment (1 bedroom) in City Centre,934.06,
Faroe Islands,Apartment (1 bedroom) Outside of Centre,751.83,
Faroe Islands,Apartment (3 bedrooms) in City Centre,1734.98,
Faroe Islands,Apartment (3 bedrooms) Outside of Centre,1288.26,
Faroe Islands,Price per Square Meter to Buy Apartment in City Centre,3611.26,
Faroe Islands,Price per Square Meter to Buy Apartment Outside of Centre,3646.65,
Faroe Islands,Average Monthly Net Salary (After Tax),2072.85,
Faroe Islands,"Mortgage Interest Rate in Percentages (%), Yearly, for 20 Years Fixed-Rate",3.1,
Fiji,"Meal, Inexpensive Restaurant",4.45,-21.7
Fiji,"Meal for 2 People, Mid-range Restaurant, Three-course",43.37,-21.7
Fiji,McMeal at McDonalds (or Equivalent Combo Meal),6.67,-21.7
Fiji,Domestic Beer (0.5 liter draught),2.67,-21.7
Fiji,Imported Beer (0.33 liter bottle),3.56,-21.7
Fiji,Cappuccino (regular),2.84,-21.7
Fiji,Coke/Pepsi (0.33 liter bottle),1.23,-21.7
Fiji,Water (0.33 liter bottle),1.01,-21.7
Fiji,"Milk (regular), (1 liter)",1.25,-21.7
Fiji,Loaf of Fresh White Bread (500g),0.5,-21.7
Fiji,"Rice (white), (1kg)",1.05,-21.7
Fiji,Eggs (regular) (12),2.89,-21.7
Fiji,Local Cheese (1kg),10.02,-21.7
Fiji,Chicken Fillets (1kg),7.14,-21.7
Fiji,Beef Round (1kg) (or Equivalent Back Leg Red Meat),6.83,-21.7
Fiji,Apples (1kg),2.77,-21.7
Fiji,Banana (1kg),2.16,-21.7
Fiji,Oranges (1kg),3.43,-21.7
Fiji,Tomato (1kg),2.71,-21.7
Fiji,Potato (1kg),1.31,-21.7
Fiji,Onion (1kg),1.25,-21.7
Fiji,Lettuce (1 head),1.0,-21.7
Fiji,Water (1.5 liter bottle),0.86,-21.7
Fiji,Bottle of Wine (Mid-Range),8.45,-21.7
Fiji,Domestic Beer (0.5 liter bottle),2.14,-21.7
Fiji,Imported Beer (0.33 liter bottle),3.53,-21.7
Fiji,Cigarettes 20 Pack (Marlboro),9.79,-21.7
Fiji,One-way Ticket (Local Transport),0.89,-21.7
Fiji,Monthly Pass (Regular Price),29.85,-21.7
Fiji,Taxi Start (Normal Tariff),0.89,-21.7
Fiji,Taxi 1km (Normal Tariff),0.44,-21.7
Fiji,Taxi 1hour Waiting (Normal Tariff),6.85,-21.7
Fiji,Gasoline (1 liter),1.31,-21.7
Fiji,Volkswagen Golf 1.4 90 KW Trendline (Or Equivalent New Car),22239.52,-21.7
Fiji,Toyota Corolla Sedan 1.6l 97kW Comfort (Or Equivalent New Car),22239.52,-21.7
Fiji,"Basic (Electricity, Heating, Cooling, Water, Garbage) for 85m2 Apartment",53.47,-21.7
Fiji,Mobile Phone Monthly Plan with Calls and 10GB+ Data,13.51,-21.7
Fiji,"Internet (60 Mbps or More, Unlimited Data, Cable/ADSL)",22.24,-21.7
Fiji,"Fitness Club, Monthly Fee for 1 Adult",29.1,-21.7
Fiji,Tennis Court Rent (1 Hour on Weekend),6.67,-21.7
Fiji,"Cinema, International Release, 1 Seat",4.45,-21.7
Fiji,"Preschool (or Kindergarten), Full Day, Private, Monthly for 1 Child",173.47,-21.7
Fiji,"International Primary School, Yearly for 1 Child",8339.82,-21.7
Fiji,1 Pair of Jeans (Levis 501 Or Similar),26.32,-21.7
Fiji,"1 Summer Dress in a Chain Store (Zara, H&M, ...)",30.02,-21.7
Fiji,1 Pair of Nike Running Shoes (Mid-Range),64.33,-21.7
Fiji,1 Pair of Men Leather Business Shoes,73.24,-21.7
Fiji,Apartment (1 bedroom) in City Centre,675.27,-21.7
Fiji,Apartment (1 bedroom) Outside of Centre,321.24,-21.7
Fiji,Apartment (3 bedrooms) in City Centre,1556.77,-21.7
Fiji,Apartment (3 bedrooms) Outside of Centre,761.66,-21.7
Fiji,Price per Square Meter to Buy Apartment in City Centre,1214.58,-21.7
Fiji,Price per Square Meter to Buy Apartment Outside of Centre,818.72,-21.7
Fiji,Average Monthly Net Salary (After Tax),784.24,-21.7
Fiji,"Mortgage Interest Rate in Percentages (%), Yearly, for 20 Years Fixed-Rate",6.5,-21.7
Finland,"Meal, Inexpensive Restaurant",15.1,-2.2
Finland,"Meal for 2 People, Mid-range Restaurant, Three-course",86.3,-2.2
Finland,McMeal at McDonalds (or Equivalent Combo Meal),10.79,-2.2
Finland,Domestic Beer (0.5 liter draught),7.55,-2.2
Finland,Imported Beer (0.33 liter bottle),7.82,-2.2
Finland,Cappuccino (regular),4.51,-2.2
Finland,Coke/Pepsi (0.33 liter bottle),2.76,-2.2
Finland,Water (0.33 liter bottle),1.83,-2.2
Finland,"Milk (regular), (1 liter)",1.19,-2.2
Finland,Loaf of Fresh White Bread (500g),2.57,-2.2
Finland,"Rice (white), (1kg)",2.65,-2.2
Finland,Eggs (regular) (12),3.14,-2.2
Finland,Local Cheese (1kg),8.27,-2.2
Finland,Chicken Fillets (1kg),13.07,-2.2
Finland,Beef Round (1kg) (or Equivalent Back Leg Red Meat),20.88,-2.2
Finland,Apples (1kg),2.48,-2.2
Finland,Banana (1kg),1.9,-2.2
Finland,Oranges (1kg),2.38,-2.2
Finland,Tomato (1kg),4.05,-2.2
Finland,Potato (1kg),1.32,-2.2
Finland,Onion (1kg),1.77,-2.2
Finland,Lettuce (1 head),2.06,-2.2
Finland,Water (1.5 liter bottle),1.82,-2.2
Finland,Bottle of Wine (Mid-Range),14.02,-2.2
Finland,Domestic Beer (0.5 liter bottle),3.13,-2.2
Finland,Imported Beer (0.33 liter bottle),3.54,-2.2
Finland,Cigarettes 20 Pack (Marlboro),10.79,-2.2
Finland,One-way Ticket (Local Transport),3.24,-2.2
Finland,Monthly Pass (Regular Price),64.73,-2.2
Finland,Taxi Start (Normal Tariff),7.55,-2.2
Finland,Taxi 1km (Normal Tariff),1.51,-2.2
Finland,Taxi 1hour Waiting (Normal Tariff),58.25,-2.2
Finland,Gasoline (1 liter),2.07,-2.2
Finland,Volkswagen Golf 1.4 90 KW Trendline (Or Equivalent New Car),31823.81,-2.2
Finland,Toyota Corolla Sedan 1.6l 97kW Comfort (Or Equivalent New Car),32633.9,-2.2
Finland,"Basic (Electricity, Heating, Cooling, Water, Garbage) for 85m2 Apartment",133.8,-2.2
Finland,Mobile Phone Monthly Plan with Calls and 10GB+ Data,28.21,-2.2
Finland,"Internet (60 Mbps or More, Unlimited Data, Cable/ADSL)",22.52,-2.2
Finland,"Fitness Club, Monthly Fee for 1 Adult",44.88,-2.2
Finland,Tennis Court Rent (1 Hour on Weekend),25.36,-2.2
Finland,"Cinema, International Release, 1 Seat",16.18,-2.2
Finland,"Preschool (or Kindergarten), Full Day, Private, Monthly for 1 Child",325.71,-2.2
Finland,"International Primary School, Yearly for 1 Child",9480.9,-2.2
Finland,1 Pair of Jeans (Levis 501 Or Similar),91.32,-2.2
Finland,"1 Summer Dress in a Chain Store (Zara, H&M, ...)",36.45,-2.2
Finland,1 Pair of Nike Running Shoes (Mid-Range),90.67,-2.2
Finland,1 Pair of Men Leather Business Shoes,123.03,-2.2
Finland,Apartment (1 bedroom) in City Centre,854.75,-2.2
Finland,Apartment (1 bedroom) Outside of Centre,692.0,-2.2
Finland,Apartment (3 bedrooms) in City Centre,1480.32,-2.2
Finland,Apartment (3 bedrooms) Outside of Centre,1116.53,-2.2
Finland,Price per Square Meter to Buy Apartment in City Centre,5672.1,-2.2
Finland,Price per Square Meter to Buy Apartment Outside of Centre,3594.09,-2.2
Finland,Average Monthly Net Salary (After Tax),2845.93,-2.2
Finland,"Mortgage Interest Rate in Percentages (%), Yearly, for 20 Years Fixed-Rate",3.67,-2.2
France,"Meal, Inexpensive Restaurant",16.18,-0.2
France,"Meal for 2 People, Mid-range Restaurant, Three-course",64.73,-0.2
France,McMeal at McDonalds (or Equivalent Combo Meal),10.79,-0.2
France,Domestic Beer (0.5 liter draught),6.47,-0.2
France,Imported Beer (0.33 liter bottle),5.39,-0.2
France,Cappuccino (regular),3.37,-0.2
France,Coke/Pepsi (0.33 liter bottle),3.01,-0.2
France,Water (0.33 liter bottle),2.1,-0.2
France,"Milk (regular), (1 liter)",1.24,-0.2
France,Loaf of Fresh White Bread (500g),1.93,-0.2
France,"Rice (white), (1kg)",2.42,-0.2
France,Eggs (regular) (12),4.08,-0.2
France,Local Cheese (1kg),18.49,-0.2
France,Chicken Fillets (1kg),13.57,-0.2
France,Beef Round (1kg) (or Equivalent Back Leg Red Meat),20.14,-0.2
France,Apples (1kg),3.0,-0.2
France,Banana (1kg),2.21,-0.2
France,Oranges (1kg),3.04,-0.2
France,Tomato (1kg),3.52,-0.2
France,Potato (1kg),2.23,-0.2
France,Onion (1kg),2.29,-0.2
France,Lettuce (1 head),1.48,-0.2
France,Water (1.5 liter bottle),0.73,-0.2
France,Bottle of Wine (Mid-Range),7.55,-0.2
France,Domestic Beer (0.5 liter bottle),2.32,-0.2
France,Imported Beer (0.33 liter bottle),2.99,-0.2
France,Cigarettes 20 Pack (Marlboro),12.41,-0.2
France,One-way Ticket (Local Transport),1.94,-0.2
France,Monthly Pass (Regular Price),70.12,-0.2
France,Taxi Start (Normal Tariff),3.24,-0.2
France,Taxi 1km (Normal Tariff),1.96,-0.2
France,Taxi 1hour Waiting (Normal Tariff),29.45,-0.2
France,Gasoline (1 liter),1.94,-0.2
France,Volkswagen Golf 1.4 90 KW Trendline (Or Equivalent New Car),34946.85,-0.2
France,Toyota Corolla Sedan 1.6l 97kW Comfort (Or Equivalent New Car),29594.53,-0.2
France,"Basic (Electricity, Heating, Cooling, Water, Garbage) for 85m2 Apartment",202.03,-0.2
France,Mobile Phone Monthly Plan with Calls and 10GB+ Data,26.25,-0.2
France,"Internet (60 Mbps or More, Unlimited Data, Cable/ADSL)",32.03,-0.2
France,"Fitness Club, Monthly Fee for 1 Adult",35.22,-0.2
France,Tennis Court Rent (1 Hour on Weekend),17.32,-0.2
France,"Cinema, International Release, 1 Seat",12.95,-0.2
France,"Preschool (or Kindergarten), Full Day, Private, Monthly for 1 Child",750.48,-0.2
France,"International Primary School, Yearly for 1 Child",10963.42,-0.2
France,1 Pair of Jeans (Levis 501 Or Similar),95.01,-0.2
France,"1 Summer Dress in a Chain Store (Zara, H&M, ...)",40.14,-0.2
France,1 Pair of Nike Running Shoes (Mid-Range),97.43,-0.2
France,1 Pair of Men Leather Business Shoes,129.77,-0.2
France,Apartment (1 bedroom) in City Centre,826.64,-0.2
France,Apartment (1 bedroom) Outside of Centre,648.88,-0.2
France,Apartment (3 bedrooms) in City Centre,1533.58,-0.2
France,Apartment (3 bedrooms) Outside of Centre,1216.32,-0.2
France,Price per Square Meter to Buy Apartment in City Centre,6364.0,-0.2
France,Price per Square Meter to Buy Apartment Outside of Centre,4256.51,-0.2
France,Average Monthly Net Salary (After Tax),2513.76,-0.2
France,"Mortgage Interest Rate in Percentages (%), Yearly, for 20 Years Fixed-Rate",3.66,-0.2
French Guiana,"Meal, Inexpensive Restaurant",10.25,
French Guiana,"Meal for 2 People, Mid-range Restaurant, Three-course",53.94,
French Guiana,McMeal at McDonalds (or Equivalent Combo Meal),9.03,
French Guiana,Domestic Beer (0.5 liter draught),3.24,
French Guiana,Imported Beer (0.33 liter bottle),4.32,
French Guiana,Cappuccino (regular),3.24,
French Guiana,Coke/Pepsi (0.33 liter bottle),2.59,
French Guiana,Water (0.33 liter bottle),2.3,
French Guiana,"Milk (regular), (1 liter)",1.4,
French Guiana,Loaf of Fresh White Bread (500g),3.0,
French Guiana,"Rice (white), (1kg)",2.97,
French Guiana,Eggs (regular) (12),5.37,
French Guiana,Local Cheese (1kg),30.57,
French Guiana,Chicken Fillets (1kg),11.87,
French Guiana,Beef Round (1kg) (or Equivalent Back Leg Red Meat),25.35,
French Guiana,Apples (1kg),4.23,
French Guiana,Banana (1kg),2.7,
French Guiana,Oranges (1kg),4.58,
French Guiana,Tomato (1kg),8.9,
French Guiana,Potato (1kg),3.01,
French Guiana,Onion (1kg),4.05,
French Guiana,Lettuce (1 head),2.16,
French Guiana,Water (1.5 liter bottle),1.25,
French Guiana,Bottle of Wine (Mid-Range),7.55,
French Guiana,Domestic Beer (0.5 liter bottle),2.15,
French Guiana,Imported Beer (0.33 liter bottle),2.16,
French Guiana,Cigarettes 20 Pack (Marlboro),7.23,
French Guiana,One-way Ticket (Local Transport),1.62,
French Guiana,Monthly Pass (Regular Price),,
French Guiana,Taxi Start (Normal Tariff),,
French Guiana,Taxi 1km (Normal Tariff),2.7,
French Guiana,Taxi 1hour Waiting (Normal Tariff),,
French Guiana,Gasoline (1 liter),1.78,
French Guiana,Volkswagen Golf 1.4 90 KW Trendline (Or Equivalent New Car),26969.33,
French Guiana,Toyota Corolla Sedan 1.6l 97kW Comfort (Or Equivalent New Car),,
French Guiana,"Basic (Electricity, Heating, Cooling, Water, Garbage) for 85m2 Apartment",182.85,
French Guiana,Mobile Phone Monthly Plan with Calls and 10GB+ Data,32.36,
French Guiana,"Internet (60 Mbps or More, Unlimited Data, Cable/ADSL)",63.83,
French Guiana,"Fitness Club, Monthly Fee for 1 Adult",34.72,
French Guiana,Tennis Court Rent (1 Hour on Weekend),,
French Guiana,"Cinema, International Release, 1 Seat",10.25,
French Guiana,"Preschool (or Kindergarten), Full Day, Private, Monthly for 1 Child",863.02,
French Guiana,"International Primary School, Yearly for 1 Child",1078.77,
French Guiana,1 Pair of Jeans (Levis 501 Or Similar),79.11,
French Guiana,"1 Summer Dress in a Chain Store (Zara, H&M, ...)",32.36,
French Guiana,1 Pair of Nike Running Shoes (Mid-Range),129.45,
French Guiana,1 Pair of Men Leather Business Shoes,,
French Guiana,Apartment (1 bedroom) in City Centre,768.63,
French Guiana,Apartment (1 bedroom) Outside of Centre,687.72,
French Guiana,Apartment (3 bedrooms) in City Centre,1294.53,
French Guiana,Apartment (3 bedrooms) Outside of Centre,1361.95,
French Guiana,Price per Square Meter to Buy Apartment in City Centre,3092.48,
French Guiana,Price per Square Meter to Buy Apartment Outside of Centre,2804.81,
French Guiana,Average Monthly Net Salary (After Tax),1833.91,
French Guiana,"Mortgage Interest Rate in Percentages (%), Yearly, for 20 Years Fixed-Rate",2.7,
French Polynesia,"Meal, Inexpensive Restaurant",16.27,
French Polynesia,"Meal for 2 People, Mid-range Restaurant, Three-course",63.28,
French Polynesia,McMeal at McDonalds (or Equivalent Combo Meal),13.0,
French Polynesia,Domestic Beer (0.5 liter draught),4.59,
French Polynesia,Imported Beer (0.33 liter bottle),4.52,
French Polynesia,Cappuccino (regular),3.8,
French Polynesia,Coke/Pepsi (0.33 liter bottle),3.37,
French Polynesia,Water (0.33 liter bottle),2.1,
French Polynesia,"Milk (regular), (1 liter)",1.57,
French Polynesia,Loaf of Fresh White Bread (500g),1.68,
French Polynesia,"Rice (white), (1kg)",1.36,
French Polynesia,Eggs (regular) (12),6.87,
French Polynesia,Local Cheese (1kg),11.3,
French Polynesia,Chicken Fillets (1kg),12.2,
French Polynesia,Beef Round (1kg) (or Equivalent Back Leg Red Meat),18.53,
French Polynesia,Apples (1kg),3.81,
French Polynesia,Banana (1kg),1.57,
French Polynesia,Oranges (1kg),10.85,
French Polynesia,Tomato (1kg),6.37,
French Polynesia,Potato (1kg),4.65,
French Polynesia,Onion (1kg),1.79,
French Polynesia,Lettuce (1 head),3.35,
French Polynesia,Water (1.5 liter bottle),1.0,
French Polynesia,Bottle of Wine (Mid-Range),9.04,
French Polynesia,Domestic Beer (0.5 liter bottle),2.26,
French Polynesia,Imported Beer (0.33 liter bottle),2.26,
French Polynesia,Cigarettes 20 Pack (Marlboro),11.21,
French Polynesia,One-way Ticket (Local Transport),1.81,
French Polynesia,Monthly Pass (Regular Price),,
French Polynesia,Taxi Start (Normal Tariff),9.04,
French Polynesia,Taxi 1km (Normal Tariff),13.56,
French Polynesia,Taxi 1hour Waiting (Normal Tariff),,
French Polynesia,Gasoline (1 liter),1.4,
French Polynesia,Volkswagen Golf 1.4 90 KW Trendline (Or Equivalent New Car),19888.25,
French Polynesia,Toyota Corolla Sedan 1.6l 97kW Comfort (Or Equivalent New Car),30736.39,
French Polynesia,"Basic (Electricity, Heating, Cooling, Water, Garbage) for 85m2 Apartment",102.52,
French Polynesia,Mobile Phone Monthly Plan with Calls and 10GB+ Data,27.12,
French Polynesia,"Internet (60 Mbps or More, Unlimited Data, Cable/ADSL)",87.09,
French Polynesia,"Fitness Club, Monthly Fee for 1 Adult",69.29,
French Polynesia,Tennis Court Rent (1 Hour on Weekend),16.54,
French Polynesia,"Cinema, International Release, 1 Seat",13.56,
French Polynesia,"Preschool (or Kindergarten), Full Day, Private, Monthly for 1 Child",452.01,
French Polynesia,"International Primary School, Yearly for 1 Child",9040.12,
French Polynesia,1 Pair of Jeans (Levis 501 Or Similar),118.97,
French Polynesia,"1 Summer Dress in a Chain Store (Zara, H&M, ...)",88.35,
French Polynesia,1 Pair of Nike Running Shoes (Mid-Range),139.67,
French Polynesia,1 Pair of Men Leather Business Shoes,118.97,
French Polynesia,Apartment (1 bedroom) in City Centre,1175.21,
French Polynesia,Apartment (1 bedroom) Outside of Centre,904.01,
French Polynesia,Apartment (3 bedrooms) in City Centre,1958.69,
French Polynesia,Apartment (3 bedrooms) Outside of Centre,1566.95,
French Polynesia,Price per Square Meter to Buy Apartment in City Centre,10589.95,
French Polynesia,Price per Square Meter to Buy Apartment Outside of Centre,7712.11,
French Polynesia,Average Monthly Net Salary (After Tax),1557.15,
French Polynesia,"Mortgage Interest Rate in Percentages (%), Yearly, for 20 Years Fixed-Rate",4.81,
French Southern Territories,"Meal, Inexpensive Restaurant",10.79,
French Southern Territories,"Meal for 2 People, Mid-range Restaurant, Three-course",53.94,
French Southern Territories,McMeal at McDonalds (or Equivalent Combo Meal),21.58,
French Southern Territories,Domestic Beer (0.5 liter draught),10.79,
French Southern Territories,Imported Beer (0.33 liter bottle),5.39,
French Southern Territories,Cappuccino (regular),2.16,
French Southern Territories,Coke/Pepsi (0.33 liter bottle),5.39,
French Southern Territories,Water (0.33 liter bottle),0.81,
French Southern Territories,"Milk (regular), (1 liter)",0.97,
French Southern Territories,Loaf of Fresh White Bread (500g),1.98,
French Southern Territories,"Rice (white), (1kg)",3.67,
French Southern Territories,Eggs (regular) (12),2.27,
French Southern Territories,Local Cheese (1kg),4.32,
French Southern Territories,Chicken Fillets (1kg),5.39,
French Southern Territories,Beef Round (1kg) (or Equivalent Back Leg Red Meat),8.63,
French Southern Territories,Apples (1kg),2.16,
French Southern Territories,Banana (1kg),1.62,
French Southern Territories,Oranges (1kg),,
French Southern Territories,Tomato (1kg),,
French Southern Territories,Potato (1kg),,
French Southern Territories,Onion (1kg),,
French Southern Territories,Lettuce (1 head),3.24,
French Southern Territories,Water (1.5 liter bottle),2.05,
French Southern Territories,Bottle of Wine (Mid-Range),8.09,
French Southern Territories,Domestic Beer (0.5 liter bottle),,
French Southern Territories,Imported Beer (0.33 liter bottle),,
French Southern Territories,Cigarettes 20 Pack (Marlboro),11.6,
French Southern Territories,One-way Ticket (Local Transport),2.21,
French Southern Territories,Monthly Pass (Regular Price),13.48,
French Southern Territories,Taxi Start (Normal Tariff),,
French Southern Territories,Taxi 1km (Normal Tariff),,
French Southern Territories,Taxi 1hour Waiting (Normal Tariff),,
French Southern Territories,Gasoline (1 liter),3.24,
French Southern Territories,Volkswagen Golf 1.4 90 KW Trendline (Or Equivalent New Car),,
French Southern Territories,Toyota Corolla Sedan 1.6l 97kW Comfort (Or Equivalent New Car),,
French Southern Territories,"Basic (Electricity, Heating, Cooling, Water, Garbage) for 85m2 Apartment",343.86,
French Southern Territories,Mobile Phone Monthly Plan with Calls and 10GB+ Data,10.79,
French Southern Territories,"Internet (60 Mbps or More, Unlimited Data, Cable/ADSL)",18.88,
French Southern Territories,"Fitness Club, Monthly Fee for 1 Adult",26.97,
French Southern Territories,Tennis Court Rent (1 Hour on Weekend),,
French Southern Territories,"Cinema, International Release, 1 Seat",12.95,
French Southern Territories,"Preschool (or Kindergarten), Full Day, Private, Monthly for 1 Child",,
French Southern Territories,"International Primary School, Yearly for 1 Child",10787.73,
French Southern Territories,1 Pair of Jeans (Levis 501 Or Similar),80.91,
French Southern Territories,"1 Summer Dress in a Chain Store (Zara, H&M, ...)",28.05,
French Southern Territories,1 Pair of Nike Running Shoes (Mid-Range),97.09,
French Southern Territories,1 Pair of Men Leather Business Shoes,161.82,
French Southern Territories,Apartment (1 bedroom) in City Centre,649.96,
French Southern Territories,Apartment (1 bedroom) Outside of Centre,431.51,
French Southern Territories,Apartment (3 bedrooms) in City Centre,1294.53,
French Southern Territories,Apartment (3 bedrooms) Outside of Centre,1078.77,
French Southern Territories,Price per Square Meter to Buy Apartment in City Centre,,
French Southern Territories,Price per Square Meter to Buy Apartment Outside of Centre,,
French Southern Territories,Average Monthly Net Salary (After Tax),2426.16,
French Southern Territories,"Mortgage Interest Rate in Percentages (%), Yearly, for 20 Years Fixed-Rate",4.0,
Gabon,"Meal, Inexpensive Restaurant",16.45,-0.3
Gabon,"Meal for 2 People, Mid-range Restaurant, Three-course",74.01,-0.3
Gabon,McMeal at McDonalds (or Equivalent Combo Meal),12.33,-0.3
Gabon,Domestic Beer (0.5 liter draught),0.99,-0.3
Gabon,Imported Beer (0.33 liter bottle),1.56,-0.3
Gabon,Cappuccino (regular),4.28,-0.3
Gabon,Coke/Pepsi (0.33 liter bottle),1.23,-0.3
Gabon,Water (0.33 liter bottle),1.32,-0.3
Gabon,"Milk (regular), (1 liter)",2.6,-0.3
Gabon,Loaf of Fresh White Bread (500g),1.43,-0.3
Gabon,"Rice (white), (1kg)",2.32,-0.3
Gabon,Eggs (regular) (12),3.41,-0.3
Gabon,Local Cheese (1kg),6.85,-0.3
Gabon,Chicken Fillets (1kg),6.91,-0.3
Gabon,Beef Round (1kg) (or Equivalent Back Leg Red Meat),13.81,-0.3
Gabon,Apples (1kg),3.18,-0.3
Gabon,Banana (1kg),2.58,-0.3
Gabon,Oranges (1kg),3.18,-0.3
Gabon,Tomato (1kg),2.08,-0.3
Gabon,Potato (1kg),2.3,-0.3
Gabon,Onion (1kg),2.47,-0.3
Gabon,Lettuce (1 head),2.26,-0.3
Gabon,Water (1.5 liter bottle),1.53,-0.3
Gabon,Bottle of Wine (Mid-Range),8.22,-0.3
Gabon,Domestic Beer (0.5 liter bottle),1.04,-0.3
Gabon,Imported Beer (0.33 liter bottle),1.48,-0.3
Gabon,Cigarettes 20 Pack (Marlboro),2.47,-0.3
Gabon,One-way Ticket (Local Transport),0.82,-0.3
Gabon,Monthly Pass (Regular Price),45.23,-0.3
Gabon,Taxi Start (Normal Tariff),0.82,-0.3
Gabon,Taxi 1km (Normal Tariff),0.75,-0.3
Gabon,Taxi 1hour Waiting (Normal Tariff),16.45,-0.3
Gabon,Gasoline (1 liter),1.03,-0.3
Gabon,Volkswagen Golf 1.4 90 KW Trendline (Or Equivalent New Car),27957.83,-0.3
Gabon,Toyota Corolla Sedan 1.6l 97kW Comfort (Or Equivalent New Car),21379.52,-0.3
Gabon,"Basic (Electricity, Heating, Cooling, Water, Garbage) for 85m2 Apartment",109.64,-0.3
Gabon,Mobile Phone Monthly Plan with Calls and 10GB+ Data,32.89,-0.3
Gabon,"Internet (60 Mbps or More, Unlimited Data, Cable/ADSL)",68.52,-0.3
Gabon,"Fitness Club, Monthly Fee for 1 Adult",57.56,-0.3
Gabon,Tennis Court Rent (1 Hour on Weekend),20.56,-0.3
Gabon,"Cinema, International Release, 1 Seat",4.5,-0.3
Gabon,"Preschool (or Kindergarten), Full Day, Private, Monthly for 1 Child",119.23,-0.3
Gabon,"International Primary School, Yearly for 1 Child",5344.88,-0.3
Gabon,1 Pair of Jeans (Levis 501 Or Similar),65.78,-0.3
Gabon,"1 Summer Dress in a Chain Store (Zara, H&M, ...)",74.01,-0.3
Gabon,1 Pair of Nike Running Shoes (Mid-Range),45.23,-0.3
Gabon,1 Pair of Men Leather Business Shoes,72.36,-0.3
Gabon,Apartment (1 bedroom) in City Centre,849.7,-0.3
Gabon,Apartment (1 bedroom) Outside of Centre,493.37,-0.3
Gabon,Apartment (3 bedrooms) in City Centre,2083.13,-0.3
Gabon,Apartment (3 bedrooms) Outside of Centre,794.88,-0.3
Gabon,Price per Square Meter to Buy Apartment in City Centre,8222.89,-0.3
Gabon,Price per Square Meter to Buy Apartment Outside of Centre,2629.54,-0.3
Gabon,Average Monthly Net Salary (After Tax),389.22,-0.3
Gabon,"Mortgage Interest Rate in Percentages (%), Yearly, for 20 Years Fixed-Rate",14.0,-0.3
Gambia,"Meal, Inexpensive Restaurant",4.66,-87.0
Gambia,"Meal for 2 People, Mid-range Restaurant, Three-course",53.94,-87.0
Gambia,McMeal at McDonalds (or Equivalent Combo Meal),6.03,-87.0
Gambia,Domestic Beer (0.5 liter draught),3.24,-87.0
Gambia,Imported Beer (0.33 liter bottle),3.24,-87.0
Gambia,Cappuccino (regular),2.38,-87.0
Gambia,Coke/Pepsi (0.33 liter bottle),1.31,-87.0
Gambia,Water (0.33 liter bottle),0.97,-87.0
Gambia,"Milk (regular), (1 liter)",1.56,-87.0
Gambia,Loaf of Fresh White Bread (500g),0.74,-87.0
Gambia,"Rice (white), (1kg)",1.41,-87.0
Gambia,Eggs (regular) (12),2.19,-87.0
Gambia,Local Cheese (1kg),5.77,-87.0
Gambia,Chicken Fillets (1kg),7.98,-87.0
Gambia,Beef Round (1kg) (or Equivalent Back Leg Red Meat),5.46,-87.0
Gambia,Apples (1kg),3.14,-87.0
Gambia,Banana (1kg),2.36,-87.0
Gambia,Oranges (1kg),2.15,-87.0
Gambia,Tomato (1kg),1.91,-87.0
Gambia,Potato (1kg),1.06,-87.0
Gambia,Onion (1kg),1.0,-87.0
Gambia,Lettuce (1 head),0.25,-87.0
Gambia,Water (1.5 liter bottle),0.41,-87.0
Gambia,Bottle of Wine (Mid-Range),6.47,-87.0
Gambia,Domestic Beer (0.5 liter bottle),2.18,-87.0
Gambia,Imported Beer (0.33 liter bottle),1.76,-87.0
Gambia,Cigarettes 20 Pack (Marlboro),1.79,-87.0
Gambia,One-way Ticket (Local Transport),0.21,-87.0
Gambia,Monthly Pass (Regular Price),6.55,-87.0
Gambia,Taxi Start (Normal Tariff),0.54,-87.0
Gambia,Taxi 1km (Normal Tariff),0.72,-87.0
Gambia,Taxi 1hour Waiting (Normal Tariff),4.3,-87.0
Gambia,Gasoline (1 liter),1.1,-87.0
Gambia,Volkswagen Golf 1.4 90 KW Trendline (Or Equivalent New Car),2651.08,-87.0
Gambia,Toyota Corolla Sedan 1.6l 97kW Comfort (Or Equivalent New Car),4012.45,-87.0
Gambia,"Basic (Electricity, Heating, Cooling, Water, Garbage) for 85m2 Apartment",33.3,-87.0
Gambia,Mobile Phone Monthly Plan with Calls and 10GB+ Data,15.05,-87.0
Gambia,"Internet (60 Mbps or More, Unlimited Data, Cable/ADSL)",47.77,-87.0
Gambia,"Fitness Club, Monthly Fee for 1 Adult",25.08,-87.0
Gambia,Tennis Court Rent (1 Hour on Weekend),14.33,-87.0
Gambia,"Cinema, International Release, 1 Seat",3.58,-87.0
Gambia,"Preschool (or Kindergarten), Full Day, Private, Monthly for 1 Child",7.17,-87.0
Gambia,"International Primary School, Yearly for 1 Child",143.3,-87.0
Gambia,1 Pair of Jeans (Levis 501 Or Similar),56.0,-87.0
Gambia,"1 Summer Dress in a Chain Store (Zara, H&M, ...)",42.17,-87.0
Gambia,1 Pair of Nike Running Shoes (Mid-Range),102.22,-87.0
Gambia,1 Pair of Men Leather Business Shoes,86.99,-87.0
Gambia,Apartment (1 bedroom) in City Centre,102.56,-87.0
Gambia,Apartment (1 bedroom) Outside of Centre,83.91,-87.0
Gambia,Apartment (3 bedrooms) in City Centre,257.94,-87.0
Gambia,Apartment (3 bedrooms) Outside of Centre,107.48,-87.0
Gambia,Price per Square Meter to Buy Apartment in City Centre,1534.29,-87.0
Gambia,Price per Square Meter to Buy Apartment Outside of Centre,1114.66,-87.0
Gambia,Average Monthly Net Salary (After Tax),64.49,-87.0
Gambia,"Mortgage Interest Rate in Percentages (%), Yearly, for 20 Years Fixed-Rate",10.12,-87.0
Georgia,"Meal, Inexpensive Restaurant",9.13,-36.1
Georgia,"Meal for 2 People, Mid-range Restaurant, Three-course",36.53,-36.1
Georgia,McMeal at McDonalds (or Equivalent Combo Meal),8.02,-36.1
Georgia,Domestic Beer (0.5 liter draught),1.83,-36.1
Georgia,Imported Beer (0.33 liter bottle),2.56,-36.1
Georgia,Cappuccino (regular),2.88,-36.1
Georgia,Coke/Pepsi (0.33 liter bottle),0.83,-36.1
Georgia,Water (0.33 liter bottle),0.42,-36.1
Georgia,"Milk (regular), (1 liter)",1.89,-36.1
Georgia,Loaf of Fresh White Bread (500g),0.62,-36.1
Georgia,"Rice (white), (1kg)",1.8,-36.1
Georgia,Eggs (regular) (12),2.39,-36.1
Georgia,Local Cheese (1kg),8.15,-36.1
Georgia,Chicken Fillets (1kg),6.12,-36.1
Georgia,Beef Round (1kg) (or Equivalent Back Leg Red Meat),9.73,-36.1
Georgia,Apples (1kg),1.27,-36.1
Georgia,Banana (1kg),1.61,-36.1
Georgia,Oranges (1kg),1.6,-36.1
Georgia,Tomato (1kg),1.59,-36.1
Georgia,Potato (1kg),0.68,-36.1
Georgia,Onion (1kg),0.76,-36.1
Georgia,Lettuce (1 head),1.17,-36.1
Georgia,Water (1.5 liter bottle),0.62,-36.1
Georgia,Bottle of Wine (Mid-Range),6.58,-36.1
Georgia,Domestic Beer (0.5 liter bottle),1.35,-36.1
Georgia,Imported Beer (0.33 liter bottle),2.24,-36.1
Georgia,Cigarettes 20 Pack (Marlboro),2.92,-36.1
Georgia,One-way Ticket (Local Transport),0.37,-36.1
Georgia,Monthly Pass (Regular Price),14.61,-36.1
Georgia,Taxi Start (Normal Tariff),1.28,-36.1
Georgia,Taxi 1km (Normal Tariff),0.73,-36.1
Georgia,Taxi 1hour Waiting (Normal Tariff),5.48,-36.1
Georgia,Gasoline (1 liter),1.18,-36.1
Georgia,Volkswagen Golf 1.4 90 KW Trendline (Or Equivalent New Car),21918.48,-36.1
Georgia,Toyota Corolla Sedan 1.6l 97kW Comfort (Or Equivalent New Car),23498.34,-36.1
Georgia,"Basic (Electricity, Heating, Cooling, Water, Garbage) for 85m2 Apartment",68.17,-36.1
Georgia,Mobile Phone Monthly Plan with Calls and 10GB+ Data,10.41,-36.1
Georgia,"Internet (60 Mbps or More, Unlimited Data, Cable/ADSL)",17.45,-36.1
Georgia,"Fitness Club, Monthly Fee for 1 Adult",45.94,-36.1
Georgia,Tennis Court Rent (1 Hour on Weekend),14.1,-36.1
Georgia,"Cinema, International Release, 1 Seat",6.21,-36.1
Georgia,"Preschool (or Kindergarten), Full Day, Private, Monthly for 1 Child",221.87,-36.1
Georgia,"International Primary School, Yearly for 1 Child",4222.29,-36.1
Georgia,1 Pair of Jeans (Levis 501 Or Similar),66.6,-36.1
Georgia,"1 Summer Dress in a Chain Store (Zara, H&M, ...)",43.92,-36.1
Georgia,1 Pair of Nike Running Shoes (Mid-Range),114.59,-36.1
Georgia,1 Pair of Men Leather Business Shoes,115.33,-36.1
Georgia,Apartment (1 bedroom) in City Centre,582.25,-36.1
Georgia,Apartment (1 bedroom) Outside of Centre,400.23,-36.1
Georgia,Apartment (3 bedrooms) in City Centre,1046.45,-36.1
Georgia,Apartment (3 bedrooms) Outside of Centre,676.93,-36.1
Georgia,Price per Square Meter to Buy Apartment in City Centre,1519.33,-36.1
Georgia,Price per Square Meter to Buy Apartment Outside of Centre,930.05,-36.1
Georgia,Average Monthly Net Salary (After Tax),495.22,-36.1
Georgia,"Mortgage Interest Rate in Percentages (%), Yearly, for 20 Years Fixed-Rate",11.58,-36.1
Germany,"Meal, Inexpensive Restaurant",15.1,15.1
Germany,"Meal for 2 People, Mid-range Restaurant, Three-course",70.12,15.1
Germany,McMeal at McDonalds (or Equivalent Combo Meal),10.79,15.1
Germany,Domestic Beer (0.5 liter draught),4.53,15.1
Germany,Imported Beer (0.33 liter bottle),4.32,15.1
Germany,Cappuccino (regular),3.68,15.1
Germany,Coke/Pepsi (0.33 liter bottle),2.98,15.1
Germany,Water (0.33 liter bottle),2.67,15.1
Germany,"Milk (regular), (1 liter)",1.18,15.1
Germany,Loaf of Fresh White Bread (500g),2.05,15.1
Germany,"Rice (white), (1kg)",3.2,15.1
Germany,Eggs (regular) (12),3.47,15.1
Germany,Local Cheese (1kg),13.7,15.1
Germany,Chicken Fillets (1kg),13.84,15.1
Germany,Beef Round (1kg) (or Equivalent Back Leg Red Meat),18.43,15.1
Germany,Apples (1kg),2.9,15.1
Germany,Banana (1kg),1.6,15.1
Germany,Oranges (1kg),2.16,15.1
Germany,Tomato (1kg),4.73,15.1
Germany,Potato (1kg),1.52,15.1
Germany,Onion (1kg),1.59,15.1
Germany,Lettuce (1 head),1.81,15.1
Germany,Water (1.5 liter bottle),0.9,15.1
Germany,Bottle of Wine (Mid-Range),6.46,15.1
Germany,Domestic Beer (0.5 liter bottle),0.98,15.1
Germany,Imported Beer (0.33 liter bottle),1.61,15.1
Germany,Cigarettes 20 Pack (Marlboro),8.85,15.1
Germany,One-way Ticket (Local Transport),3.24,15.1
Germany,Monthly Pass (Regular Price),52.86,15.1
Germany,Taxi Start (Normal Tariff),4.85,15.1
Germany,Taxi 1km (Normal Tariff),2.32,15.1
Germany,Taxi 1hour Waiting (Normal Tariff),32.36,15.1
Germany,Gasoline (1 liter),1.89,15.1
Germany,Volkswagen Golf 1.4 90 KW Trendline (Or Equivalent New Car),29321.05,15.1
Germany,Toyota Corolla Sedan 1.6l 97kW Comfort (Or Equivalent New Car),30409.66,15.1
Germany,"Basic (Electricity, Heating, Cooling, Water, Garbage) for 85m2 Apartment",328.99,15.1
Germany,Mobile Phone Monthly Plan with Calls and 10GB+ Data,28.68,15.1
Germany,"Internet (60 Mbps or More, Unlimited Data, Cable/ADSL)",49.17,15.1
Germany,"Fitness Club, Monthly Fee for 1 Adult",37.08,15.1
Germany,Tennis Court Rent (1 Hour on Weekend),22.79,15.1
Germany,"Cinema, International Release, 1 Seat",12.95,15.1
Germany,"Preschool (or Kindergarten), Full Day, Private, Monthly for 1 Child",448.05,15.1
Germany,"International Primary School, Yearly for 1 Child",12840.37,15.1
Germany,1 Pair of Jeans (Levis 501 Or Similar),85.86,15.1
Germany,"1 Summer Dress in a Chain Store (Zara, H&M, ...)",40.67,15.1
Germany,1 Pair of Nike Running Shoes (Mid-Range),93.3,15.1
Germany,1 Pair of Men Leather Business Shoes,124.32,15.1
Germany,Apartment (1 bedroom) in City Centre,964.47,15.1
Germany,Apartment (1 bedroom) Outside of Centre,729.83,15.1
Germany,Apartment (3 bedrooms) in City Centre,1803.58,15.1
Germany,Apartment (3 bedrooms) Outside of Centre,1378.98,15.1
Germany,Price per Square Meter to Buy Apartment in City Centre,6188.19,15.1
Germany,Price per Square Meter to Buy Apartment Outside of Centre,4949.26,15.1
Germany,Average Monthly Net Salary (After Tax),3043.86,15.1
Germany,"Mortgage Interest Rate in Percentages (%), Yearly, for 20 Years Fixed-Rate",3.98,15.1
Ghana,"Meal, Inexpensive Restaurant",3.77,-41.6
Ghana,"Meal for 2 People, Mid-range Restaurant, Three-course",43.54,-41.6
Ghana,McMeal at McDonalds (or Equivalent Combo Meal),7.08,-41.6
Ghana,Domestic Beer (0.5 liter draught),1.1,-41.6
Ghana,Imported Beer (0.33 liter bottle),2.12,-41.6
Ghana,Cappuccino (regular),2.49,-41.6
Ghana,Coke/Pepsi (0.33 liter bottle),0.7,-41.6
Ghana,Water (0.33 liter bottle),0.32,-41.6
Ghana,"Milk (regular), (1 liter)",2.73,-41.6
Ghana,Loaf of Fresh White Bread (500g),1.44,-41.6
Ghana,"Rice (white), (1kg)",2.13,-41.6
Ghana,Eggs (regular) (12),2.3,-41.6
Ghana,Local Cheese (1kg),6.85,-41.6
Ghana,Chicken Fillets (1kg),4.65,-41.6
Ghana,Beef Round (1kg) (or Equivalent Back Leg Red Meat),5.17,-41.6
Ghana,Apples (1kg),2.67,-41.6
Ghana,Banana (1kg),1.3,-41.6
Ghana,Oranges (1kg),1.75,-41.6
Ghana,Tomato (1kg),2.42,-41.6
Ghana,Potato (1kg),2.65,-41.6
Ghana,Onion (1kg),1.91,-41.6
Ghana,Lettuce (1 head),0.75,-41.6
Ghana,Water (1.5 liter bottle),0.53,-41.6
Ghana,Bottle of Wine (Mid-Range),5.53,-41.6
Ghana,Domestic Beer (0.5 liter bottle),1.17,-41.6
Ghana,Imported Beer (0.33 liter bottle),1.83,-41.6
Ghana,Cigarettes 20 Pack (Marlboro),1.54,-41.6
Ghana,One-way Ticket (Local Transport),1.0,-41.6
Ghana,Monthly Pass (Regular Price),32.03,-41.6
Ghana,Taxi Start (Normal Tariff),1.58,-41.6
Ghana,Taxi 1km (Normal Tariff),1.18,-41.6
Ghana,Taxi 1hour Waiting (Normal Tariff),5.74,-41.6
Ghana,Gasoline (1 liter),1.16,-41.6
Ghana,Volkswagen Golf 1.4 90 KW Trendline (Or Equivalent New Car),7786.99,-41.6
Ghana,Toyota Corolla Sedan 1.6l 97kW Comfort (Or Equivalent New Car),10160.67,-41.6
Ghana,"Basic (Electricity, Heating, Cooling, Water, Garbage) for 85m2 Apartment",46.79,-41.6
Ghana,Mobile Phone Monthly Plan with Calls and 10GB+ Data,12.8,-41.6
Ghana,"Internet (60 Mbps or More, Unlimited Data, Cable/ADSL)",45.6,-41.6
Ghana,"Fitness Club, Monthly Fee for 1 Adult",34.11,-41.6
Ghana,Tennis Court Rent (1 Hour on Weekend),14.35,-41.6
Ghana,"Cinema, International Release, 1 Seat",8.94,-41.6
Ghana,"Preschool (or Kindergarten), Full Day, Private, Monthly for 1 Child",59.56,-41.6
Ghana,"International Primary School, Yearly for 1 Child",6371.71,-41.6
Ghana,1 Pair of Jeans (Levis 501 Or Similar),15.28,-41.6
Ghana,"1 Summer Dress in a Chain Store (Zara, H&M, ...)",20.55,-41.6
Ghana,1 Pair of Nike Running Shoes (Mid-Range),33.98,-41.6
Ghana,1 Pair of Men Leather Business Shoes,37.09,-41.6
Ghana,Apartment (1 bedroom) in City Centre,625.26,-41.6
Ghana,Apartment (1 bedroom) Outside of Centre,121.24,-41.6
Ghana,Apartment (3 bedrooms) in City Centre,1361.5,-41.6
Ghana,Apartment (3 bedrooms) Outside of Centre,364.34,-41.6
Ghana,Price per Square Meter to Buy Apartment in City Centre,1625.4,-41.6
Ghana,Price per Square Meter to Buy Apartment Outside of Centre,33324.93,-41.6
Ghana,Average Monthly Net Salary (After Tax),204.34,-41.6
Ghana,"Mortgage Interest Rate in Percentages (%), Yearly, for 20 Years Fixed-Rate",23.67,-41.6
Gibraltar,"Meal, Inexpensive Restaurant",20.71,130.4
Gibraltar,"Meal for 2 People, Mid-range Restaurant, Three-course",97.1,130.4
Gibraltar,McMeal at McDonalds (or Equivalent Combo Meal),11.0,130.4
Gibraltar,Domestic Beer (0.5 liter draught),5.18,130.4
Gibraltar,Imported Beer (0.33 liter bottle),3.88,130.4
Gibraltar,Cappuccino (regular),3.15,130.4
Gibraltar,Coke/Pepsi (0.33 liter bottle),2.16,130.4
Gibraltar,Water (0.33 liter bottle),1.94,130.4
Gibraltar,"Milk (regular), (1 liter)",2.22,130.4
Gibraltar,Loaf of Fresh White Bread (500g),1.78,130.4
Gibraltar,"Rice (white), (1kg)",2.76,130.4
Gibraltar,Eggs (regular) (12),3.81,130.4
Gibraltar,Local Cheese (1kg),9.32,130.4
Gibraltar,Chicken Fillets (1kg),8.81,130.4
Gibraltar,Beef Round (1kg) (or Equivalent Back Leg Red Meat),12.36,130.4
Gibraltar,Apples (1kg),4.05,130.4
Gibraltar,Banana (1kg),3.56,130.4
Gibraltar,Oranges (1kg),4.1,130.4
Gibraltar,Tomato (1kg),3.88,130.4
Gibraltar,Potato (1kg),2.32,130.4
Gibraltar,Onion (1kg),1.95,130.4
Gibraltar,Lettuce (1 head),1.35,130.4
Gibraltar,Water (1.5 liter bottle),1.18,130.4
Gibraltar,Bottle of Wine (Mid-Range),8.74,130.4
Gibraltar,Domestic Beer (0.5 liter bottle),2.02,130.4
Gibraltar,Imported Beer (0.33 liter bottle),2.13,130.4
Gibraltar,Cigarettes 20 Pack (Marlboro),4.66,130.4
Gibraltar,One-way Ticket (Local Transport),1.62,130.4
Gibraltar,Monthly Pass (Regular Price),8.35,130.4
Gibraltar,Taxi Start (Normal Tariff),4.92,130.4
Gibraltar,Taxi 1km (Normal Tariff),2.59,130.4
Gibraltar,Taxi 1hour Waiting (Normal Tariff),8.09,130.4
Gibraltar,Gasoline (1 liter),1.58,130.4
Gibraltar,Volkswagen Golf 1.4 90 KW Trendline (Or Equivalent New Car),31880.74,130.4
Gibraltar,Toyota Corolla Sedan 1.6l 97kW Comfort (Or Equivalent New Car),29129.61,130.4
Gibraltar,"Basic (Electricity, Heating, Cooling, Water, Garbage) for 85m2 Apartment",114.42,130.4
Gibraltar,Mobile Phone Monthly Plan with Calls and 10GB+ Data,35.6,130.4
Gibraltar,"Internet (60 Mbps or More, Unlimited Data, Cable/ADSL)",54.91,130.4
Gibraltar,"Fitness Club, Monthly Fee for 1 Adult",77.14,130.4
Gibraltar,Tennis Court Rent (1 Hour on Weekend),9.71,130.4
Gibraltar,"Cinema, International Release, 1 Seat",11.0,130.4
Gibraltar,"Preschool (or Kindergarten), Full Day, Private, Monthly for 1 Child",827.14,130.4
Gibraltar,"International Primary School, Yearly for 1 Child",15535.79,130.4
Gibraltar,1 Pair of Jeans (Levis 501 Or Similar),128.66,130.4
Gibraltar,"1 Summer Dress in a Chain Store (Zara, H&M, ...)",42.89,130.4
Gibraltar,1 Pair of Nike Running Shoes (Mid-Range),131.26,130.4
Gibraltar,1 Pair of Men Leather Business Shoes,86.31,130.4
Gibraltar,Apartment (1 bedroom) in City Centre,1689.79,130.4
Gibraltar,Apartment (1 bedroom) Outside of Centre,1573.36,130.4
Gibraltar,Apartment (3 bedrooms) in City Centre,3448.23,130.4
Gibraltar,Apartment (3 bedrooms) Outside of Centre,3045.12,130.4
Gibraltar,Price per Square Meter to Buy Apartment in City Centre,10752.71,130.4
Gibraltar,Price per Square Meter to Buy Apartment Outside of Centre,8260.41,130.4
Gibraltar,Average Monthly Net Salary (After Tax),2969.01,130.4
Gibraltar,"Mortgage Interest Rate in Percentages (%), Yearly, for 20 Years Fixed-Rate",3.7,130.4
Greece,"Meal, Inexpensive Restaurant",16.18,-38.1
Greece,"Meal for 2 People, Mid-range Restaurant, Three-course",53.94,-38.1
Greece,McMeal at McDonalds (or Equivalent Combo Meal),9.71,-38.1
Greece,Domestic Beer (0.5 liter draught),4.85,-38.1
Greece,Imported Beer (0.33 liter bottle),5.39,-38.1
Greece,Cappuccino (regular),3.65,-38.1
Greece,Coke/Pepsi (0.33 liter bottle),2.19,-38.1
Greece,Water (0.33 liter bottle),0.54,-38.1
Greece,"Milk (regular), (1 liter)",1.61,-38.1
Greece,Loaf of Fresh White Bread (500g),1.36,-38.1
Greece,"Rice (white), (1kg)",2.4,-38.1
Greece,Eggs (regular) (12),4.26,-38.1
Greece,Local Cheese (1kg),13.15,-38.1
Greece,Chicken Fillets (1kg),10.14,-38.1
Greece,Beef Round (1kg) (or Equivalent Back Leg Red Meat),13.36,-38.1
Greece,Apples (1kg),1.96,-38.1
Greece,Banana (1kg),1.95,-38.1
Greece,Oranges (1kg),1.4,-38.1
Greece,Tomato (1kg),2.06,-38.1
Greece,Potato (1kg),1.2,-38.1
Greece,Onion (1kg),1.2,-38.1
Greece,Lettuce (1 head),1.02,-38.1
Greece,Water (1.5 liter bottle),0.83,-38.1
Greece,Bottle of Wine (Mid-Range),8.63,-38.1
Greece,Domestic Beer (0.5 liter bottle),1.81,-38.1
Greece,Imported Beer (0.33 liter bottle),2.66,-38.1
Greece,Cigarettes 20 Pack (Marlboro),4.96,-38.1
Greece,One-way Ticket (Local Transport),1.29,-38.1
Greece,Monthly Pass (Regular Price),32.36,-38.1
Greece,Taxi Start (Normal Tariff),4.32,-38.1
Greece,Taxi 1km (Normal Tariff),1.08,-38.1
Greece,Taxi 1hour Waiting (Normal Tariff),16.18,-38.1
Greece,Gasoline (1 liter),2.02,-38.1
Greece,Volkswagen Golf 1.4 90 KW Trendline (Or Equivalent New Car),29126.87,-38.1
Greece,Toyota Corolla Sedan 1.6l 97kW Comfort (Or Equivalent New Car),26871.32,-38.1
Greece,"Basic (Electricity, Heating, Cooling, Water, Garbage) for 85m2 Apartment",225.92,-38.1
Greece,Mobile Phone Monthly Plan with Calls and 10GB+ Data,22.86,-38.1
Greece,"Internet (60 Mbps or More, Unlimited Data, Cable/ADSL)",31.91,-38.1
Greece,"Fitness Club, Monthly Fee for 1 Adult",46.21,-38.1
Greece,Tennis Court Rent (1 Hour on Weekend),24.08,-38.1
Greece,"Cinema, International Release, 1 Seat",9.17,-38.1
Greece,"Preschool (or Kindergarten), Full Day, Private, Monthly for 1 Child",430.96,-38.1
Greece,"International Primary School, Yearly for 1 Child",9255.67,-38.1
Greece,1 Pair of Jeans (Levis 501 Or Similar),83.89,-38.1
Greece,"1 Summer Dress in a Chain Store (Zara, H&M, ...)",37.49,-38.1
Greece,1 Pair of Nike Running Shoes (Mid-Range),88.81,-38.1
Greece,1 Pair of Men Leather Business Shoes,108.35,-38.1
Greece,Apartment (1 bedroom) in City Centre,529.49,-38.1
Greece,Apartment (1 bedroom) Outside of Centre,435.94,-38.1
Greece,Apartment (3 bedrooms) in City Centre,899.04,-38.1
Greece,Apartment (3 bedrooms) Outside of Centre,757.58,-38.1
Greece,Price per Square Meter to Buy Apartment in City Centre,2873.32,-38.1
Greece,Price per Square Meter to Buy Apartment Outside of Centre,2355.4,-38.1
Greece,Average Monthly Net Salary (After Tax),1019.12,-38.1
Greece,"Mortgage Interest Rate in Percentages (%), Yearly, for 20 Years Fixed-Rate",4.51,-38.1
Greenland,"Meal, Inexpensive Restaurant",17.35,4.8
Greenland,"Meal for 2 People, Mid-range Restaurant, Three-course",101.21,4.8
Greenland,McMeal at McDonalds (or Equivalent Combo Meal),14.48,4.8
Greenland,Domestic Beer (0.5 liter draught),10.12,4.8
Greenland,Imported Beer (0.33 liter bottle),7.77,4.8
Greenland,Cappuccino (regular),5.65,4.8
Greenland,Coke/Pepsi (0.33 liter bottle),2.16,4.8
Greenland,Water (0.33 liter bottle),2.64,4.8
Greenland,"Milk (regular), (1 liter)",2.55,4.8
Greenland,Loaf of Fresh White Bread (500g),3.67,4.8
Greenland,"Rice (white), (1kg)",4.48,4.8
Greenland,Eggs (regular) (12),4.5,4.8
Greenland,Local Cheese (1kg),31.52,4.8
Greenland,Chicken Fillets (1kg),21.16,4.8
Greenland,Beef Round (1kg) (or Equivalent Back Leg Red Meat),23.4,4.8
Greenland,Apples (1kg),4.78,4.8
Greenland,Banana (1kg),4.06,4.8
Greenland,Oranges (1kg),5.04,4.8
Greenland,Tomato (1kg),4.07,4.8
Greenland,Potato (1kg),3.57,4.8
Greenland,Onion (1kg),4.14,4.8
Greenland,Lettuce (1 head),5.99,4.8
Greenland,Water (1.5 liter bottle),2.8,4.8
Greenland,Bottle of Wine (Mid-Range),21.69,4.8
Greenland,Domestic Beer (0.5 liter bottle),5.29,4.8
Greenland,Imported Beer (0.33 liter bottle),3.87,4.8
Greenland,Cigarettes 20 Pack (Marlboro),13.01,4.8
Greenland,One-way Ticket (Local Transport),3.04,4.8
Greenland,Monthly Pass (Regular Price),83.57,4.8
Greenland,Taxi Start (Normal Tariff),3.14,4.8
Greenland,Taxi 1km (Normal Tariff),5.78,4.8
Greenland,Taxi 1hour Waiting (Normal Tariff),7.23,4.8
Greenland,Gasoline (1 liter),0.91,4.8
Greenland,Volkswagen Golf 1.4 90 KW Trendline (Or Equivalent New Car),36145.5,4.8
Greenland,Toyota Corolla Sedan 1.6l 97kW Comfort (Or Equivalent New Car),11819.58,4.8
Greenland,"Basic (Electricity, Heating, Cooling, Water, Garbage) for 85m2 Apartment",267.48,4.8
Greenland,Mobile Phone Monthly Plan with Calls and 10GB+ Data,70.66,4.8
Greenland,"Internet (60 Mbps or More, Unlimited Data, Cable/ADSL)",140.5,4.8
Greenland,"Fitness Club, Monthly Fee for 1 Adult",42.48,4.8
Greenland,Tennis Court Rent (1 Hour on Weekend),0.0,4.8
Greenland,"Cinema, International Release, 1 Seat",20.24,4.8
Greenland,"Preschool (or Kindergarten), Full Day, Private, Monthly for 1 Child",607.24,4.8
Greenland,"International Primary School, Yearly for 1 Child",10361.71,4.8
Greenland,1 Pair of Jeans (Levis 501 Or Similar),143.53,4.8
Greenland,"1 Summer Dress in a Chain Store (Zara, H&M, ...)",42.47,4.8
Greenland,1 Pair of Nike Running Shoes (Mid-Range),126.15,4.8
Greenland,1 Pair of Men Leather Business Shoes,213.26,4.8
Greenland,Apartment (1 bedroom) in City Centre,821.78,4.8
Greenland,Apartment (1 bedroom) Outside of Centre,729.78,4.8
Greenland,Apartment (3 bedrooms) in City Centre,1500.41,4.8
Greenland,Apartment (3 bedrooms) Outside of Centre,1388.74,4.8
Greenland,Price per Square Meter to Buy Apartment in City Centre,3581.16,4.8
Greenland,Price per Square Meter to Buy Apartment Outside of Centre,4337.46,4.8
Greenland,Average Monthly Net Salary (After Tax),4169.21,4.8
Greenland,"Mortgage Interest Rate in Percentages (%), Yearly, for 20 Years Fixed-Rate",5.66,4.8
Grenada,"Meal, Inexpensive Restaurant",7.48,-32.5
Grenada,"Meal for 2 People, Mid-range Restaurant, Three-course",74.0,-32.5
Grenada,McMeal at McDonalds (or Equivalent Combo Meal),9.25,-32.5
Grenada,Domestic Beer (0.5 liter draught),2.22,-32.5
Grenada,Imported Beer (0.33 liter bottle),2.96,-32.5
Grenada,Cappuccino (regular),3.86,-32.5
Grenada,Coke/Pepsi (0.33 liter bottle),1.74,-32.5
Grenada,Water (0.33 liter bottle),1.28,-32.5
Grenada,"Milk (regular), (1 liter)",4.95,-32.5
Grenada,Loaf of Fresh White Bread (500g),1.59,-32.5
Grenada,"Rice (white), (1kg)",1.89,-32.5
Grenada,Eggs (regular) (12),3.84,-32.5
Grenada,Local Cheese (1kg),9.21,-32.5
Grenada,Chicken Fillets (1kg),7.24,-32.5
Grenada,Beef Round (1kg) (or Equivalent Back Leg Red Meat),8.44,-32.5
Grenada,Apples (1kg),9.99,-32.5
Grenada,Banana (1kg),2.48,-32.5
Grenada,Oranges (1kg),1.74,-32.5
Grenada,Tomato (1kg),5.71,-32.5
Grenada,Potato (1kg),2.19,-32.5
Grenada,Onion (1kg),2.21,-32.5
Grenada,Lettuce (1 head),1.7,-32.5
Grenada,Water (1.5 liter bottle),2.22,-32.5
Grenada,Bottle of Wine (Mid-Range),9.81,-32.5
Grenada,Domestic Beer (0.5 liter bottle),1.82,-32.5
Grenada,Imported Beer (0.33 liter bottle),2.22,-32.5
Grenada,Cigarettes 20 Pack (Marlboro),5.55,-32.5
Grenada,One-way Ticket (Local Transport),1.11,-32.5
Grenada,Monthly Pass (Regular Price),37.0,-32.5
Grenada,Taxi Start (Normal Tariff),14.8,-32.5
Grenada,Taxi 1km (Normal Tariff),17.58,-32.5
Grenada,Taxi 1hour Waiting (Normal Tariff),16.49,-32.5
Grenada,Gasoline (1 liter),1.39,-32.5
Grenada,Volkswagen Golf 1.4 90 KW Trendline (Or Equivalent New Car),25346.43,-32.5
Grenada,Toyota Corolla Sedan 1.6l 97kW Comfort (Or Equivalent New Car),30989.25,-32.5
Grenada,"Basic (Electricity, Heating, Cooling, Water, Garbage) for 85m2 Apartment",214.78,-32.5
Grenada,Mobile Phone Monthly Plan with Calls and 10GB+ Data,35.77,-32.5
Grenada,"Internet (60 Mbps or More, Unlimited Data, Cable/ADSL)",43.66,-32.5
Grenada,"Fitness Club, Monthly Fee for 1 Adult",38.54,-32.5
Grenada,Tennis Court Rent (1 Hour on Weekend),23.89,-32.5
Grenada,"Cinema, International Release, 1 Seat",11.1,-32.5
Grenada,"Preschool (or Kindergarten), Full Day, Private, Monthly for 1 Child",55.5,-32.5
Grenada,"International Primary School, Yearly for 1 Child",2146.12,-32.5
Grenada,1 Pair of Jeans (Levis 501 Or Similar),49.95,-32.5
Grenada,"1 Summer Dress in a Chain Store (Zara, H&M, ...)",76.47,-32.5
Grenada,1 Pair of Nike Running Shoes (Mid-Range),77.7,-32.5
Grenada,1 Pair of Men Leather Business Shoes,112.24,-32.5
Grenada,Apartment (1 bedroom) in City Centre,588.12,-32.5
Grenada,Apartment (1 bedroom) Outside of Centre,367.79,-32.5
Grenada,Apartment (3 bedrooms) in City Centre,1214.03,-32.5
Grenada,Apartment (3 bedrooms) Outside of Centre,689.1,-32.5
Grenada,Price per Square Meter to Buy Apartment in City Centre,754.17,-32.5
Grenada,Price per Square Meter to Buy Apartment Outside of Centre,55873.16,-32.5
Grenada,Average Monthly Net Salary (After Tax),807.88,-32.5
Grenada,"Mortgage Interest Rate in Percentages (%), Yearly, for 20 Years Fixed-Rate",7.2,-32.5
Guadeloupe,"Meal, Inexpensive Restaurant",21.58,23.5
Guadeloupe,"Meal for 2 People, Mid-range Restaurant, Three-course",64.73,23.5
Guadeloupe,McMeal at McDonalds (or Equivalent Combo Meal),11.87,23.5
Guadeloupe,Domestic Beer (0.5 liter draught),7.01,23.5
Guadeloupe,Imported Beer (0.33 liter bottle),6.47,23.5
Guadeloupe,Cappuccino (regular),3.24,23.5
Guadeloupe,Coke/Pepsi (0.33 liter bottle),2.02,23.5
Guadeloupe,Water (0.33 liter bottle),1.04,23.5
Guadeloupe,"Milk (regular), (1 liter)",1.34,23.5
Guadeloupe,Loaf of Fresh White Bread (500g),3.94,23.5
Guadeloupe,"Rice (white), (1kg)",4.07,23.5
Guadeloupe,Eggs (regular) (12),5.26,23.5
Guadeloupe,Local Cheese (1kg),11.63,23.5
Guadeloupe,Chicken Fillets (1kg),15.4,23.5
Guadeloupe,Beef Round (1kg) (or Equivalent Back Leg Red Meat),20.0,23.5
Guadeloupe,Apples (1kg),3.72,23.5
Guadeloupe,Banana (1kg),1.72,23.5
Guadeloupe,Oranges (1kg),3.93,23.5
Guadeloupe,Tomato (1kg),5.66,23.5
Guadeloupe,Potato (1kg),1.83,23.5
Guadeloupe,Onion (1kg),2.15,23.5
Guadeloupe,Lettuce (1 head),3.23,23.5
Guadeloupe,Water (1.5 liter bottle),0.54,23.5
Guadeloupe,Bottle of Wine (Mid-Range),9.71,23.5
Guadeloupe,Domestic Beer (0.5 liter bottle),2.58,23.5
Guadeloupe,Imported Beer (0.33 liter bottle),1.7,23.5
Guadeloupe,Cigarettes 20 Pack (Marlboro),11.33,23.5
Guadeloupe,One-way Ticket (Local Transport),1.29,23.5
Guadeloupe,Monthly Pass (Regular Price),38.84,23.5
Guadeloupe,Taxi Start (Normal Tariff),3.88,23.5
Guadeloupe,Taxi 1km (Normal Tariff),1.7,23.5
Guadeloupe,Taxi 1hour Waiting (Normal Tariff),24.6,23.5
Guadeloupe,Gasoline (1 liter),1.7,23.5
Guadeloupe,Volkswagen Golf 1.4 90 KW Trendline (Or Equivalent New Car),18339.14,23.5
Guadeloupe,Toyota Corolla Sedan 1.6l 97kW Comfort (Or Equivalent New Car),27179.69,23.5
Guadeloupe,"Basic (Electricity, Heating, Cooling, Water, Garbage) for 85m2 Apartment",73.93,23.5
Guadeloupe,Mobile Phone Monthly Plan with Calls and 10GB+ Data,10.79,23.5
Guadeloupe,"Internet (60 Mbps or More, Unlimited Data, Cable/ADSL)",59.28,23.5
Guadeloupe,"Fitness Club, Monthly Fee for 1 Adult",32.26,23.5
Guadeloupe,Tennis Court Rent (1 Hour on Weekend),16.18,23.5
Guadeloupe,"Cinema, International Release, 1 Seat",12.95,23.5
Guadeloupe,"Preschool (or Kindergarten), Full Day, Private, Monthly for 1 Child",53.94,23.5
Guadeloupe,"International Primary School, Yearly for 1 Child",6472.64,23.5
Guadeloupe,1 Pair of Jeans (Levis 501 Or Similar),86.3,23.5
Guadeloupe,"1 Summer Dress in a Chain Store (Zara, H&M, ...)",21.58,23.5
Guadeloupe,1 Pair of Nike Running Shoes (Mid-Range),107.88,23.5
Guadeloupe,1 Pair of Men Leather Business Shoes,97.09,23.5
Guadeloupe,Apartment (1 bedroom) in City Centre,970.9,23.5
Guadeloupe,Apartment (1 bedroom) Outside of Centre,755.14,23.5
Guadeloupe,Apartment (3 bedrooms) in City Centre,1941.79,23.5
Guadeloupe,Apartment (3 bedrooms) Outside of Centre,1564.22,23.5
Guadeloupe,Price per Square Meter to Buy Apartment in City Centre,5442.41,23.5
Guadeloupe,Price per Square Meter to Buy Apartment Outside of Centre,5412.74,23.5
Guadeloupe,Average Monthly Net Salary (After Tax),2812.36,23.5
Guadeloupe,"Mortgage Interest Rate in Percentages (%), Yearly, for 20 Years Fixed-Rate",4.95,23.5
Guam,"Meal, Inexpensive Restaurant",18.5,96.8
Guam,"Meal for 2 People, Mid-range Restaurant, Three-course",80.0,96.8
Guam,McMeal at McDonalds (or Equivalent Combo Meal),11.5,96.8
Guam,Domestic Beer (0.5 liter draught),5.0,96.8
Guam,Imported Beer (0.33 liter bottle),7.0,96.8
Guam,Cappuccino (regular),5.31,96.8
Guam,Coke/Pepsi (0.33 liter bottle),2.06,96.8
Guam,Water (0.33 liter bottle),1.5,96.8
Guam,"Milk (regular), (1 liter)",3.12,96.8
Guam,Loaf of Fresh White Bread (500g),4.96,96.8
Guam,"Rice (white), (1kg)",6.43,96.8
Guam,Eggs (regular) (12),5.02,96.8
Guam,Local Cheese (1kg),18.36,96.8
Guam,Chicken Fillets (1kg),10.54,96.8
Guam,Beef Round (1kg) (or Equivalent Back Leg Red Meat),13.7,96.8
Guam,Apples (1kg),8.07,96.8
Guam,Banana (1kg),2.88,96.8
Guam,Oranges (1kg),10.86,96.8
Guam,Tomato (1kg),7.86,96.8
Guam,Potato (1kg),3.87,96.8
Guam,Onion (1kg),2.98,96.8
Guam,Lettuce (1 head),3.15,96.8
Guam,Water (1.5 liter bottle),2.5,96.8
Guam,Bottle of Wine (Mid-Range),12.5,96.8
Guam,Domestic Beer (0.5 liter bottle),2.43,96.8
Guam,Imported Beer (0.33 liter bottle),2.42,96.8
Guam,Cigarettes 20 Pack (Marlboro),8.64,96.8
Guam,One-way Ticket (Local Transport),2.5,96.8
Guam,Monthly Pass (Regular Price),50.0,96.8
Guam,Taxi Start (Normal Tariff),17.5,96.8
Guam,Taxi 1km (Normal Tariff),1.17,96.8
Guam,Taxi 1hour Waiting (Normal Tariff),32.0,96.8
Guam,Gasoline (1 liter),1.42,96.8
Guam,Volkswagen Golf 1.4 90 KW Trendline (Or Equivalent New Car),19000.0,96.8
Guam,Toyota Corolla Sedan 1.6l 97kW Comfort (Or Equivalent New Car),25899.5,96.8
Guam,"Basic (Electricity, Heating, Cooling, Water, Garbage) for 85m2 Apartment",375.95,96.8
Guam,Mobile Phone Monthly Plan with Calls and 10GB+ Data,97.19,96.8
Guam,"Internet (60 Mbps or More, Unlimited Data, Cable/ADSL)",98.55,96.8
Guam,"Fitness Club, Monthly Fee for 1 Adult",134.17,96.8
Guam,Tennis Court Rent (1 Hour on Weekend),26.0,96.8
Guam,"Cinema, International Release, 1 Seat",11.5,96.8
Guam,"Preschool (or Kindergarten), Full Day, Private, Monthly for 1 Child",487.5,96.8
Guam,"International Primary School, Yearly for 1 Child",23666.67,96.8
Guam,1 Pair of Jeans (Levis 501 Or Similar),59.6,96.8
Guam,"1 Summer Dress in a Chain Store (Zara, H&M, ...)",45.8,96.8
Guam,1 Pair of Nike Running Shoes (Mid-Range),80.6,96.8
Guam,1 Pair of Men Leather Business Shoes,128.75,96.8
Guam,Apartment (1 bedroom) in City Centre,1705.0,96.8
Guam,Apartment (1 bedroom) Outside of Centre,1245.0,96.8
Guam,Apartment (3 bedrooms) in City Centre,2872.22,96.8
Guam,Apartment (3 bedrooms) Outside of Centre,2514.09,96.8
Guam,Price per Square Meter to Buy Apartment in City Centre,1614.59,96.8
Guam,Price per Square Meter to Buy Apartment Outside of Centre,553.65,96.8
Guam,Average Monthly Net Salary (After Tax),4180.15,96.8
Guam,"Mortgage Interest Rate in Percentages (%), Yearly, for 20 Years Fixed-Rate",4.32,96.8
Guatemala,"Meal, Inexpensive Restaurant",5.16,-39.8
Guatemala,"Meal for 2 People, Mid-range Restaurant, Three-course",49.67,-39.8
Guatemala,McMeal at McDonalds (or Equivalent Combo Meal),6.45,-39.8
Guatemala,Domestic Beer (0.5 liter draught),3.23,-39.8
Guatemala,Imported Beer (0.33 liter bottle),3.87,-39.8
Guatemala,Cappuccino (regular),3.17,-39.8
Guatemala,Coke/Pepsi (0.33 liter bottle),1.15,-39.8
Guatemala,Water (0.33 liter bottle),0.87,-39.8
Guatemala,"Milk (regular), (1 liter)",1.79,-39.8
Guatemala,Loaf of Fresh White Bread (500g),2.44,-39.8
Guatemala,"Rice (white), (1kg)",1.73,-39.8
Guatemala,Eggs (regular) (12),2.14,-39.8
Guatemala,Local Cheese (1kg),6.75,-39.8
Guatemala,Chicken Fillets (1kg),7.01,-39.8
Guatemala,Beef Round (1kg) (or Equivalent Back Leg Red Meat),8.94,-39.8
Guatemala,Apples (1kg),3.31,-39.8
Guatemala,Banana (1kg),1.36,-39.8
Guatemala,Oranges (1kg),2.83,-39.8
Guatemala,Tomato (1kg),1.62,-39.8
Guatemala,Potato (1kg),1.53,-39.8
Guatemala,Onion (1kg),1.89,-39.8
Guatemala,Lettuce (1 head),0.75,-39.8
Guatemala,Water (1.5 liter bottle),1.16,-39.8
Guatemala,Bottle of Wine (Mid-Range),7.74,-39.8
Guatemala,Domestic Beer (0.5 liter bottle),1.65,-39.8
Guatemala,Imported Beer (0.33 liter bottle),2.59,-39.8
Guatemala,Cigarettes 20 Pack (Marlboro),3.61,-39.8
Guatemala,One-way Ticket (Local Transport),0.65,-39.8
Guatemala,Monthly Pass (Regular Price),12.9,-39.8
Guatemala,Taxi Start (Normal Tariff),3.87,-39.8
Guatemala,Taxi 1km (Normal Tariff),0.84,-39.8
Guatemala,Taxi 1hour Waiting (Normal Tariff),10.0,-39.8
Guatemala,Gasoline (1 liter),1.09,-39.8
Guatemala,Volkswagen Golf 1.4 90 KW Trendline (Or Equivalent New Car),17737.88,-39.8
Guatemala,Toyota Corolla Sedan 1.6l 97kW Comfort (Or Equivalent New Car),21978.55,-39.8
Guatemala,"Basic (Electricity, Heating, Cooling, Water, Garbage) for 85m2 Apartment",60.69,-39.8
Guatemala,Mobile Phone Monthly Plan with Calls and 10GB+ Data,23.37,-39.8
Guatemala,"Internet (60 Mbps or More, Unlimited Data, Cable/ADSL)",46.5,-39.8
Guatemala,"Fitness Club, Monthly Fee for 1 Adult",41.92,-39.8
Guatemala,Tennis Court Rent (1 Hour on Weekend),24.6,-39.8
Guatemala,"Cinema, International Release, 1 Seat",7.74,-39.8
Guatemala,"Preschool (or Kindergarten), Full Day, Private, Monthly for 1 Child",203.18,-39.8
Guatemala,"International Primary School, Yearly for 1 Child",6190.29,-39.8
Guatemala,1 Pair of Jeans (Levis 501 Or Similar),49.16,-39.8
Guatemala,"1 Summer Dress in a Chain Store (Zara, H&M, ...)",55.18,-39.8
Guatemala,1 Pair of Nike Running Shoes (Mid-Range),100.23,-39.8
Guatemala,1 Pair of Men Leather Business Shoes,100.04,-39.8
Guatemala,Apartment (1 bedroom) in City Centre,538.8,-39.8
Guatemala,Apartment (1 bedroom) Outside of Centre,330.45,-39.8
Guatemala,Apartment (3 bedrooms) in City Centre,1128.43,-39.8
Guatemala,Apartment (3 bedrooms) Outside of Centre,550.68,-39.8
Guatemala,Price per Square Meter to Buy Apartment in City Centre,1433.75,-39.8
Guatemala,Price per Square Meter to Buy Apartment Outside of Centre,1077.77,-39.8
Guatemala,Average Monthly Net Salary (After Tax),522.02,-39.8
Guatemala,"Mortgage Interest Rate in Percentages (%), Yearly, for 20 Years Fixed-Rate",8.54,-39.8
Guernsey,"Meal, Inexpensive Restaurant",19.42,133.0
Guernsey,"Meal for 2 People, Mid-range Restaurant, Three-course",80.92,133.0
Guernsey,McMeal at McDonalds (or Equivalent Combo Meal),9.06,133.0
Guernsey,Domestic Beer (0.5 liter draught),5.83,133.0
Guernsey,Imported Beer (0.33 liter bottle),6.47,133.0
Guernsey,Cappuccino (regular),4.22,133.0
Guernsey,Coke/Pepsi (0.33 liter bottle),2.36,133.0
Guernsey,Water (0.33 liter bottle),1.86,133.0
Guernsey,"Milk (regular), (1 liter)",2.25,133.0
Guernsey,Loaf of Fresh White Bread (500g),2.36,133.0
Guernsey,"Rice (white), (1kg)",2.8,133.0
Guernsey,Eggs (regular) (12),5.01,133.0
Guernsey,Local Cheese (1kg),13.59,133.0
Guernsey,Chicken Fillets (1kg),10.55,133.0
Guernsey,Beef Round (1kg) (or Equivalent Back Leg Red Meat),22.01,133.0
Guernsey,Apples (1kg),4.25,133.0
Guernsey,Banana (1kg),3.64,133.0
Guernsey,Oranges (1kg),4.1,133.0
Guernsey,Tomato (1kg),5.07,133.0
Guernsey,Potato (1kg),2.76,133.0
Guernsey,Onion (1kg),2.79,133.0
Guernsey,Lettuce (1 head),2.15,133.0
Guernsey,Water (1.5 liter bottle),1.73,133.0
Guernsey,Bottle of Wine (Mid-Range),10.36,133.0
Guernsey,Domestic Beer (0.5 liter bottle),1.91,133.0
Guernsey,Imported Beer (0.33 liter bottle),1.73,133.0
Guernsey,Cigarettes 20 Pack (Marlboro),10.36,133.0
Guernsey,One-way Ticket (Local Transport),1.94,133.0
Guernsey,Monthly Pass (Regular Price),32.37,133.0
Guernsey,Taxi Start (Normal Tariff),6.8,133.0
Guernsey,Taxi 1km (Normal Tariff),2.1,133.0
Guernsey,Taxi 1hour Waiting (Normal Tariff),14.24,133.0
Guernsey,Gasoline (1 liter),2.09,133.0
Guernsey,Volkswagen Golf 1.4 90 KW Trendline (Or Equivalent New Car),31071.58,133.0
Guernsey,Toyota Corolla Sedan 1.6l 97kW Comfort (Or Equivalent New Car),44447.47,133.0
Guernsey,"Basic (Electricity, Heating, Cooling, Water, Garbage) for 85m2 Apartment",218.46,133.0
Guernsey,Mobile Phone Monthly Plan with Calls and 10GB+ Data,20.7,133.0
Guernsey,"Internet (60 Mbps or More, Unlimited Data, Cable/ADSL)",66.48,133.0
Guernsey,"Fitness Club, Monthly Fee for 1 Adult",75.23,133.0
Guernsey,Tennis Court Rent (1 Hour on Weekend),15.79,133.0
Guernsey,"Cinema, International Release, 1 Seat",9.55,133.0
Guernsey,"Preschool (or Kindergarten), Full Day, Private, Monthly for 1 Child",2103.8,133.0
Guernsey,"International Primary School, Yearly for 1 Child",15535.79,133.0
Guernsey,1 Pair of Jeans (Levis 501 Or Similar),88.78,133.0
Guernsey,"1 Summer Dress in a Chain Store (Zara, H&M, ...)",35.6,133.0
Guernsey,1 Pair of Nike Running Shoes (Mid-Range),77.68,133.0
Guernsey,1 Pair of Men Leather Business Shoes,89.01,133.0
Guernsey,Apartment (1 bedroom) in City Centre,1912.1,133.0
Guernsey,Apartment (1 bedroom) Outside of Centre,1844.88,133.0
Guernsey,Apartment (3 bedrooms) in City Centre,3191.31,133.0
Guernsey,Apartment (3 bedrooms) Outside of Centre,2921.05,133.0
Guernsey,Price per Square Meter to Buy Apartment in City Centre,10141.42,133.0
Guernsey,Price per Square Meter to Buy Apartment Outside of Centre,6904.8,133.0
Guernsey,Average Monthly Net Salary (After Tax),4094.93,133.0
Guernsey,"Mortgage Interest Rate in Percentages (%), Yearly, for 20 Years Fixed-Rate",4.37,133.0
Guinea,"Meal, Inexpensive Restaurant",6.43,-5.9
Guinea,"Meal for 2 People, Mid-range Restaurant, Three-course",29.04,-5.9
Guinea,McMeal at McDonalds (or Equivalent Combo Meal),10.77,-5.9
Guinea,Domestic Beer (0.5 liter draught),2.37,-5.9
Guinea,Imported Beer (0.33 liter bottle),4.19,-5.9
Guinea,Cappuccino (regular),2.0,-5.9
Guinea,Coke/Pepsi (0.33 liter bottle),1.56,-5.9
Guinea,Water (0.33 liter bottle),1.2,-5.9
Guinea,"Milk (regular), (1 liter)",2.26,-5.9
Guinea,Loaf of Fresh White Bread (500g),0.85,-5.9
Guinea,"Rice (white), (1kg)",0.75,-5.9
Guinea,Eggs (regular) (12),2.27,-5.9
Guinea,Local Cheese (1kg),18.56,-5.9
Guinea,Chicken Fillets (1kg),7.75,-5.9
Guinea,Beef Round (1kg) (or Equivalent Back Leg Red Meat),10.36,-5.9
Guinea,Apples (1kg),2.54,-5.9
Guinea,Banana (1kg),2.34,-5.9
Guinea,Oranges (1kg),1.76,-5.9
Guinea,Tomato (1kg),2.73,-5.9
Guinea,Potato (1kg),1.83,-5.9
Guinea,Onion (1kg),1.83,-5.9
Guinea,Lettuce (1 head),1.05,-5.9
Guinea,Water (1.5 liter bottle),0.86,-5.9
Guinea,Bottle of Wine (Mid-Range),11.0,-5.9
Guinea,Domestic Beer (0.5 liter bottle),1.21,-5.9
Guinea,Imported Beer (0.33 liter bottle),2.0,-5.9
Guinea,Cigarettes 20 Pack (Marlboro),1.0,-5.9
Guinea,One-way Ticket (Local Transport),1.43,-5.9
Guinea,Monthly Pass (Regular Price),28.49,-5.9
Guinea,Taxi Start (Normal Tariff),1.55,-5.9
Guinea,Taxi 1km (Normal Tariff),1.25,-5.9
Guinea,Taxi 1hour Waiting (Normal Tariff),38.99,-5.9
Guinea,Gasoline (1 liter),1.34,-5.9
Guinea,Volkswagen Golf 1.4 90 KW Trendline (Or Equivalent New Car),25250.0,-5.9
Guinea,Toyota Corolla Sedan 1.6l 97kW Comfort (Or Equivalent New Car),23587.5,-5.9
Guinea,"Basic (Electricity, Heating, Cooling, Water, Garbage) for 85m2 Apartment",80.0,-5.9
Guinea,Mobile Phone Monthly Plan with Calls and 10GB+ Data,115.58,-5.9
Guinea,"Internet (60 Mbps or More, Unlimited Data, Cable/ADSL)",90.45,-5.9
Guinea,"Fitness Club, Monthly Fee for 1 Adult",55.02,-5.9
Guinea,Tennis Court Rent (1 Hour on Weekend),29.0,-5.9
Guinea,"Cinema, International Release, 1 Seat",4.63,-5.9
Guinea,"Preschool (or Kindergarten), Full Day, Private, Monthly for 1 Child",1500.0,-5.9
Guinea,"International Primary School, Yearly for 1 Child",6389.6,-5.9
Guinea,1 Pair of Jeans (Levis 501 Or Similar),20.0,-5.9
Guinea,"1 Summer Dress in a Chain Store (Zara, H&M, ...)",25.0,-5.9
Guinea,1 Pair of Nike Running Shoes (Mid-Range),30.0,-5.9
Guinea,1 Pair of Men Leather Business Shoes,50.0,-5.9
Guinea,Apartment (1 bedroom) in City Centre,523.54,-5.9
Guinea,Apartment (1 bedroom) Outside of Centre,387.45,-5.9
Guinea,Apartment (3 bedrooms) in City Centre,1942.09,-5.9
Guinea,Apartment (3 bedrooms) Outside of Centre,1132.86,-5.9
Guinea,Price per Square Meter to Buy Apartment in City Centre,278.5,-5.9
Guinea,Price per Square Meter to Buy Apartment Outside of Centre,400.0,-5.9
Guinea,Average Monthly Net Salary (After Tax),2512.5,-5.9
Guinea,"Mortgage Interest Rate in Percentages (%), Yearly, for 20 Years Fixed-Rate",8.18,-5.9
Guinea-Bissau,"Meal, Inexpensive Restaurant",4.93,-55.4
Guinea-Bissau,"Meal for 2 People, Mid-range Restaurant, Three-course",28.78,-55.4
Guinea-Bissau,McMeal at McDonalds (or Equivalent Combo Meal),9.42,-55.4
Guinea-Bissau,Domestic Beer (0.5 liter draught),1.56,-55.4
Guinea-Bissau,Imported Beer (0.33 liter bottle),3.29,-55.4
Guinea-Bissau,Cappuccino (regular),2.06,-55.4
Guinea-Bissau,Coke/Pepsi (0.33 liter bottle),1.32,-55.4
Guinea-Bissau,Water (0.33 liter bottle),1.64,-55.4
Guinea-Bissau,"Milk (regular), (1 liter)",1.64,-55.4
Guinea-Bissau,Loaf of Fresh White Bread (500g),0.91,-55.4
Guinea-Bissau,"Rice (white), (1kg)",1.97,-55.4
Guinea-Bissau,Eggs (regular) (12),4.93,-55.4
Guinea-Bissau,Local Cheese (1kg),14.54,-55.4
Guinea-Bissau,Chicken Fillets (1kg),13.16,-55.4
Guinea-Bissau,Beef Round (1kg) (or Equivalent Back Leg Red Meat),13.16,-55.4
Guinea-Bissau,Apples (1kg),4.11,-55.4
Guinea-Bissau,Banana (1kg),0.99,-55.4
Guinea-Bissau,Oranges (1kg),4.11,-55.4
Guinea-Bissau,Tomato (1kg),0.16,-55.4
Guinea-Bissau,Potato (1kg),1.32,-55.4
Guinea-Bissau,Onion (1kg),1.32,-55.4
Guinea-Bissau,Lettuce (1 head),0.82,-55.4
Guinea-Bissau,Water (1.5 liter bottle),1.23,-55.4
Guinea-Bissau,Bottle of Wine (Mid-Range),6.17,-55.4
Guinea-Bissau,Domestic Beer (0.5 liter bottle),1.25,-55.4
Guinea-Bissau,Imported Beer (0.33 liter bottle),0.95,-55.4
Guinea-Bissau,Cigarettes 20 Pack (Marlboro),1.64,-55.4
Guinea-Bissau,One-way Ticket (Local Transport),0.49,-55.4
Guinea-Bissau,Monthly Pass (Regular Price),25.55,-55.4
Guinea-Bissau,Taxi Start (Normal Tariff),0.41,-55.4
Guinea-Bissau,Taxi 1km (Normal Tariff),0.82,-55.4
Guinea-Bissau,Taxi 1hour Waiting (Normal Tariff),6.58,-55.4
Guinea-Bissau,Gasoline (1 liter),1.2,-55.4
Guinea-Bissau,Volkswagen Golf 1.4 90 KW Trendline (Or Equivalent New Car),32000.0,-55.4
Guinea-Bissau,Toyota Corolla Sedan 1.6l 97kW Comfort (Or Equivalent New Car),29000.0,-55.4
Guinea-Bissau,"Basic (Electricity, Heating, Cooling, Water, Garbage) for 85m2 Apartment",99.85,-55.4
Guinea-Bissau,Mobile Phone Monthly Plan with Calls and 10GB+ Data,34.75,-55.4
Guinea-Bissau,"Internet (60 Mbps or More, Unlimited Data, Cable/ADSL)",45.23,-55.4
Guinea-Bissau,"Fitness Club, Monthly Fee for 1 Adult",57.56,-55.4
Guinea-Bissau,Tennis Court Rent (1 Hour on Weekend),4.11,-55.4
Guinea-Bissau,"Cinema, International Release, 1 Seat",1.64,-55.4
Guinea-Bissau,"Preschool (or Kindergarten), Full Day, Private, Monthly for 1 Child",765.0,-55.4
Guinea-Bissau,"International Primary School, Yearly for 1 Child",2305.55,-55.4
Guinea-Bissau,1 Pair of Jeans (Levis 501 Or Similar),90.45,-55.4
Guinea-Bissau,"1 Summer Dress in a Chain Store (Zara, H&M, ...)",57.56,-55.4
Guinea-Bissau,1 Pair of Nike Running Shoes (Mid-Range),82.23,-55.4
Guinea-Bissau,1 Pair of Men Leather Business Shoes,106.9,-55.4
Guinea-Bissau,Apartment (1 bedroom) in City Centre,436.79,-55.4
Guinea-Bissau,Apartment (1 bedroom) Outside of Centre,226.95,-55.4
Guinea-Bissau,Apartment (3 bedrooms) in City Centre,680.84,-55.4
Guinea-Bissau,Apartment (3 bedrooms) Outside of Centre,545.55,-55.4
Guinea-Bissau,Price per Square Meter to Buy Apartment in City Centre,1644.58,-55.4
Guinea-Bissau,Price per Square Meter to Buy Apartment Outside of Centre,1397.89,-55.4
Guinea-Bissau,Average Monthly Net Salary (After Tax),1043.0,-55.4
Guinea-Bissau,"Mortgage Interest Rate in Percentages (%), Yearly, for 20 Years Fixed-Rate",,-55.4
Guyana,"Meal, Inexpensive Restaurant",11.92,-24.7
Guyana,"Meal for 2 People, Mid-range Restaurant, Three-course",71.55,-24.7
Guyana,McMeal at McDonalds (or Equivalent Combo Meal),8.59,-24.7
Guyana,Domestic Beer (0.5 liter draught),2.17,-24.7
Guyana,Imported Beer (0.33 liter bottle),2.38,-24.7
Guyana,Cappuccino (regular),4.18,-24.7
Guyana,Coke/Pepsi (0.33 liter bottle),1.18,-24.7
Guyana,Water (0.33 liter bottle),0.69,-24.7
Guyana,"Milk (regular), (1 liter)",3.5,-24.7
Guyana,Loaf of Fresh White Bread (500g),1.99,-24.7
Guyana,"Rice (white), (1kg)",1.99,-24.7
Guyana,Eggs (regular) (12),3.42,-24.7
Guyana,Local Cheese (1kg),10.54,-24.7
Guyana,Chicken Fillets (1kg),6.36,-24.7
Guyana,Beef Round (1kg) (or Equivalent Back Leg Red Meat),9.01,-24.7
Guyana,Apples (1kg),4.42,-24.7
Guyana,Banana (1kg),2.58,-24.7
Guyana,Oranges (1kg),2.67,-24.7
Guyana,Tomato (1kg),4.32,-24.7
Guyana,Potato (1kg),1.35,-24.7
Guyana,Onion (1kg),2.03,-24.7
Guyana,Lettuce (1 head),1.6,-24.7
Guyana,Water (1.5 liter bottle),1.64,-24.7
Guyana,Bottle of Wine (Mid-Range),14.31,-24.7
Guyana,Domestic Beer (0.5 liter bottle),1.66,-24.7
Guyana,Imported Beer (0.33 liter bottle),2.45,-24.7
Guyana,Cigarettes 20 Pack (Marlboro),2.19,-24.7
Guyana,One-way Ticket (Local Transport),0.57,-24.7
Guyana,Monthly Pass (Regular Price),29.57,-24.7
Guyana,Taxi Start (Normal Tariff),2.38,-24.7
Guyana,Taxi 1km (Normal Tariff),3.34,-24.7
Guyana,Taxi 1hour Waiting (Normal Tariff),9.54,-24.7
Guyana,Gasoline (1 liter),1.06,-24.7
Guyana,Volkswagen Golf 1.4 90 KW Trendline (Or Equivalent New Car),15739.92,-24.7
Guyana,Toyota Corolla Sedan 1.6l 97kW Comfort (Or Equivalent New Car),18307.59,-24.7
Guyana,"Basic (Electricity, Heating, Cooling, Water, Garbage) for 85m2 Apartment",83.67,-24.7
Guyana,Mobile Phone Monthly Plan with Calls and 10GB+ Data,27.37,-24.7
Guyana,"Internet (60 Mbps or More, Unlimited Data, Cable/ADSL)",67.57,-24.7
Guyana,"Fitness Club, Monthly Fee for 1 Adult",39.95,-24.7
Guyana,Tennis Court Rent (1 Hour on Weekend),3.18,-24.7
Guyana,"Cinema, International Release, 1 Seat",5.96,-24.7
Guyana,"Preschool (or Kindergarten), Full Day, Private, Monthly for 1 Child",984.73,-24.7
Guyana,"International Primary School, Yearly for 1 Child",25483.92,-24.7
Guyana,1 Pair of Jeans (Levis 501 Or Similar),32.8,-24.7
Guyana,"1 Summer Dress in a Chain Store (Zara, H&M, ...)",47.78,-24.7
Guyana,1 Pair of Nike Running Shoes (Mid-Range),86.39,-24.7
Guyana,1 Pair of Men Leather Business Shoes,84.46,-24.7
Guyana,Apartment (1 bedroom) in City Centre,549.48,-24.7
Guyana,Apartment (1 bedroom) Outside of Centre,393.39,-24.7
Guyana,Apartment (3 bedrooms) in City Centre,1485.51,-24.7
Guyana,Apartment (3 bedrooms) Outside of Centre,762.88,-24.7
Guyana,Price per Square Meter to Buy Apartment in City Centre,3736.41,-24.7
Guyana,Price per Square Meter to Buy Apartment Outside of Centre,862.08,-24.7
Guyana,Average Monthly Net Salary (After Tax),583.04,-24.7
Guyana,"Mortgage Interest Rate in Percentages (%), Yearly, for 20 Years Fixed-Rate",6.5,-24.7
Haiti,"Meal, Inexpensive Restaurant",12.5,-17.1
Haiti,"Meal for 2 People, Mid-range Restaurant, Three-course",90.0,-17.1
Haiti,McMeal at McDonalds (or Equivalent Combo Meal),11.39,-17.1
Haiti,Domestic Beer (0.5 liter draught),5.0,-17.1
Haiti,Imported Beer (0.33 liter bottle),7.0,-17.1
Haiti,Cappuccino (regular),1.65,-17.1
Haiti,Coke/Pepsi (0.33 liter bottle),1.56,-17.1
Haiti,Water (0.33 liter bottle),1.5,-17.1
Haiti,"Milk (regular), (1 liter)",1.95,-17.1
Haiti,Loaf of Fresh White Bread (500g),1.73,-17.1
Haiti,"Rice (white), (1kg)",3.46,-17.1
Haiti,Eggs (regular) (12),2.68,-17.1
Haiti,Local Cheese (1kg),9.0,-17.1
Haiti,Chicken Fillets (1kg),10.62,-17.1
Haiti,Beef Round (1kg) (or Equivalent Back Leg Red Meat),11.9,-17.1
Haiti,Apples (1kg),3.42,-17.1
Haiti,Banana (1kg),2.07,-17.1
Haiti,Oranges (1kg),2.5,-17.1
Haiti,Tomato (1kg),2.33,-17.1
Haiti,Potato (1kg),4.5,-17.1
Haiti,Onion (1kg),1.9,-17.1
Haiti,Lettuce (1 head),0.78,-17.1
Haiti,Water (1.5 liter bottle),1.03,-17.1
Haiti,Bottle of Wine (Mid-Range),7.5,-17.1
Haiti,Domestic Beer (0.5 liter bottle),1.2,-17.1
Haiti,Imported Beer (0.33 liter bottle),1.48,-17.1
Haiti,Cigarettes 20 Pack (Marlboro),3.0,-17.1
Haiti,One-way Ticket (Local Transport),0.43,-17.1
Haiti,Monthly Pass (Regular Price),20.0,-17.1
Haiti,Taxi Start (Normal Tariff),0.38,-17.1
Haiti,Taxi 1km (Normal Tariff),0.4,-17.1
Haiti,Taxi 1hour Waiting (Normal Tariff),20.0,-17.1
Haiti,Gasoline (1 liter),1.32,-17.1
Haiti,Volkswagen Golf 1.4 90 KW Trendline (Or Equivalent New Car),37500.0,-17.1
Haiti,Toyota Corolla Sedan 1.6l 97kW Comfort (Or Equivalent New Car),45000.0,-17.1
Haiti,"Basic (Electricity, Heating, Cooling, Water, Garbage) for 85m2 Apartment",83.81,-17.1
Haiti,Mobile Phone Monthly Plan with Calls and 10GB+ Data,50.0,-17.1
Haiti,"Internet (60 Mbps or More, Unlimited Data, Cable/ADSL)",110.28,-17.1
Haiti,"Fitness Club, Monthly Fee for 1 Adult",67.27,-17.1
Haiti,Tennis Court Rent (1 Hour on Weekend),20.0,-17.1
Haiti,"Cinema, International Release, 1 Seat",10.0,-17.1
Haiti,"Preschool (or Kindergarten), Full Day, Private, Monthly for 1 Child",100.0,-17.1
Haiti,"International Primary School, Yearly for 1 Child",6911.87,-17.1
Haiti,1 Pair of Jeans (Levis 501 Or Similar),80.0,-17.1
Haiti,"1 Summer Dress in a Chain Store (Zara, H&M, ...)",75.0,-17.1
Haiti,1 Pair of Nike Running Shoes (Mid-Range),120.0,-17.1
Haiti,1 Pair of Men Leather Business Shoes,150.0,-17.1
Haiti,Apartment (1 bedroom) in City Centre,896.66,-17.1
Haiti,Apartment (1 bedroom) Outside of Centre,808.0,-17.1
Haiti,Apartment (3 bedrooms) in City Centre,1008.48,-17.1
Haiti,Apartment (3 bedrooms) Outside of Centre,800.0,-17.1
Haiti,Price per Square Meter to Buy Apartment in City Centre,2203.62,-17.1
Haiti,Price per Square Meter to Buy Apartment Outside of Centre,1050.0,-17.1
Haiti,Average Monthly Net Salary (After Tax),1480.0,-17.1
Haiti,"Mortgage Interest Rate in Percentages (%), Yearly, for 20 Years Fixed-Rate",13.5,-17.1
Honduras,"Meal, Inexpensive Restaurant",7.5,-53.9
Honduras,"Meal for 2 People, Mid-range Restaurant, Three-course",30.0,-53.9
Honduras,McMeal at McDonalds (or Equivalent Combo Meal),7.19,-53.9
Honduras,Domestic Beer (0.5 liter draught),1.98,-53.9
Honduras,Imported Beer (0.33 liter bottle),3.17,-53.9
Honduras,Cappuccino (regular),2.29,-53.9
Honduras,Coke/Pepsi (0.33 liter bottle),1.08,-53.9
Honduras,Water (0.33 liter bottle),0.9,-53.9
Honduras,"Milk (regular), (1 liter)",1.52,-53.9
Honduras,Loaf of Fresh White Bread (500g),1.95,-53.9
Honduras,"Rice (white), (1kg)",1.42,-53.9
Honduras,Eggs (regular) (12),2.14,-53.9
Honduras,Local Cheese (1kg),6.33,-53.9
Honduras,Chicken Fillets (1kg),5.17,-53.9
Honduras,Beef Round (1kg) (or Equivalent Back Leg Red Meat),9.98,-53.9
Honduras,Apples (1kg),3.01,-53.9
Honduras,Banana (1kg),1.26,-53.9
Honduras,Oranges (1kg),2.81,-53.9
Honduras,Tomato (1kg),1.59,-53.9
Honduras,Potato (1kg),1.75,-53.9
Honduras,Onion (1kg),2.06,-53.9
Honduras,Lettuce (1 head),0.87,-53.9
Honduras,Water (1.5 liter bottle),1.29,-53.9
Honduras,Bottle of Wine (Mid-Range),9.9,-53.9
Honduras,Domestic Beer (0.5 liter bottle),1.22,-53.9
Honduras,Imported Beer (0.33 liter bottle),1.72,-53.9
Honduras,Cigarettes 20 Pack (Marlboro),2.71,-53.9
Honduras,One-way Ticket (Local Transport),0.67,-53.9
Honduras,Monthly Pass (Regular Price),38.0,-53.9
Honduras,Taxi Start (Normal Tariff),3.56,-53.9
Honduras,Taxi 1km (Normal Tariff),1.48,-53.9
Honduras,Taxi 1hour Waiting (Normal Tariff),7.0,-53.9
Honduras,Gasoline (1 liter),1.09,-53.9
Honduras,Volkswagen Golf 1.4 90 KW Trendline (Or Equivalent New Car),19791.48,-53.9
Honduras,Toyota Corolla Sedan 1.6l 97kW Comfort (Or Equivalent New Car),19399.78,-53.9
Honduras,"Basic (Electricity, Heating, Cooling, Water, Garbage) for 85m2 Apartment",126.12,-53.9
Honduras,Mobile Phone Monthly Plan with Calls and 10GB+ Data,8.22,-53.9
Honduras,"Internet (60 Mbps or More, Unlimited Data, Cable/ADSL)",60.01,-53.9
Honduras,"Fitness Club, Monthly Fee for 1 Adult",43.18,-53.9
Honduras,Tennis Court Rent (1 Hour on Weekend),17.5,-53.9
Honduras,"Cinema, International Release, 1 Seat",5.94,-53.9
Honduras,"Preschool (or Kindergarten), Full Day, Private, Monthly for 1 Child",240.24,-53.9
Honduras,"International Primary School, Yearly for 1 Child",3535.74,-53.9
Honduras,1 Pair of Jeans (Levis 501 Or Similar),39.51,-53.9
Honduras,"1 Summer Dress in a Chain Store (Zara, H&M, ...)",35.11,-53.9
Honduras,1 Pair of Nike Running Shoes (Mid-Range),70.51,-53.9
Honduras,1 Pair of Men Leather Business Shoes,70.69,-53.9
Honduras,Apartment (1 bedroom) in City Centre,412.77,-53.9
Honduras,Apartment (1 bedroom) Outside of Centre,309.6,-53.9
Honduras,Apartment (3 bedrooms) in City Centre,688.69,-53.9
Honduras,Apartment (3 bedrooms) Outside of Centre,540.57,-53.9
Honduras,Price per Square Meter to Buy Apartment in City Centre,660.36,-53.9
Honduras,Price per Square Meter to Buy Apartment Outside of Centre,713.46,-53.9
Honduras,Average Monthly Net Salary (After Tax),545.15,-53.9
Honduras,"Mortgage Interest Rate in Percentages (%), Yearly, for 20 Years Fixed-Rate",12.2,-53.9
Hong Kong (China),"Meal, Inexpensive Restaurant",7.72,180.9
Hong Kong (China),"Meal for 2 People, Mid-range Restaurant, Three-course",64.34,180.9
Hong Kong (China),McMeal at McDonalds (or Equivalent Combo Meal),6.43,180.9
Hong Kong (China),Domestic Beer (0.5 liter draught),7.72,180.9
Hong Kong (China),Imported Beer (0.33 liter bottle),7.08,180.9
Hong Kong (China),Cappuccino (regular),5.33,180.9
Hong Kong (China),Coke/Pepsi (0.33 liter bottle),1.36,180.9
Hong Kong (China),Water (0.33 liter bottle),1.12,180.9
Hong Kong (China),"Milk (regular), (1 liter)",3.2,180.9
Hong Kong (China),Loaf of Fresh White Bread (500g),2.44,180.9
Hong Kong (China),"Rice (white), (1kg)",2.32,180.9
Hong Kong (China),Eggs (regular) (12),3.64,180.9
Hong Kong (China),Local Cheese (1kg),27.64,180.9
Hong Kong (China),Chicken Fillets (1kg),9.35,180.9
Hong Kong (China),Beef Round (1kg) (or Equivalent Back Leg Red Meat),21.01,180.9
Hong Kong (China),Apples (1kg),3.58,180.9
Hong Kong (China),Banana (1kg),2.6,180.9
Hong Kong (China),Oranges (1kg),3.66,180.9
Hong Kong (China),Tomato (1kg),3.43,180.9
Hong Kong (China),Potato (1kg),2.62,180.9
Hong Kong (China),Onion (1kg),2.59,180.9
Hong Kong (China),Lettuce (1 head),1.82,180.9
Hong Kong (China),Water (1.5 liter bottle),1.55,180.9
Hong Kong (China),Bottle of Wine (Mid-Range),15.44,180.9
Hong Kong (China),Domestic Beer (0.5 liter bottle),1.96,180.9
Hong Kong (China),Imported Beer (0.33 liter bottle),2.68,180.9
Hong Kong (China),Cigarettes 20 Pack (Marlboro),13.12,180.9
Hong Kong (China),One-way Ticket (Local Transport),1.54,180.9
Hong Kong (China),Monthly Pass (Regular Price),64.34,180.9
Hong Kong (China),Taxi Start (Normal Tariff),3.47,180.9
Hong Kong (China),Taxi 1km (Normal Tariff),1.35,180.9
Hong Kong (China),Taxi 1hour Waiting (Normal Tariff),14.67,180.9
Hong Kong (China),Gasoline (1 liter),3.02,180.9
Hong Kong (China),Volkswagen Golf 1.4 90 KW Trendline (Or Equivalent New Car),33428.76,180.9
Hong Kong (China),Toyota Corolla Sedan 1.6l 97kW Comfort (Or Equivalent New Car),32266.88,180.9
Hong Kong (China),"Basic (Electricity, Heating, Cooling, Water, Garbage) for 85m2 Apartment",252.65,180.9
Hong Kong (China),Mobile Phone Monthly Plan with Calls and 10GB+ Data,17.88,180.9
Hong Kong (China),"Internet (60 Mbps or More, Unlimited Data, Cable/ADSL)",22.51,180.9
Hong Kong (China),"Fitness Club, Monthly Fee for 1 Adult",89.59,180.9
Hong Kong (China),Tennis Court Rent (1 Hour on Weekend),8.77,180.9
Hong Kong (China),"Cinema, International Release, 1 Seat",12.87,180.9
Hong Kong (China),"Preschool (or Kindergarten), Full Day, Private, Monthly for 1 Child",1024.33,180.9
Hong Kong (China),"International Primary School, Yearly for 1 Child",22067.1,180.9
Hong Kong (China),1 Pair of Jeans (Levis 501 Or Similar),73.34,180.9
Hong Kong (China),"1 Summer Dress in a Chain Store (Zara, H&M, ...)",41.31,180.9
Hong Kong (China),1 Pair of Nike Running Shoes (Mid-Range),92.68,180.9
Hong Kong (China),1 Pair of Men Leather Business Shoes,147.42,180.9
Hong Kong (China),Apartment (1 bedroom) in City Centre,2223.32,180.9
Hong Kong (China),Apartment (1 bedroom) Outside of Centre,1547.05,180.9
Hong Kong (China),Apartment (3 bedrooms) in City Centre,4856.47,180.9
Hong Kong (China),Apartment (3 bedrooms) Outside of Centre,3268.25,180.9
Hong Kong (China),Price per Square Meter to Buy Apartment in City Centre,27680.38,180.9
Hong Kong (China),Price per Square Meter to Buy Apartment Outside of Centre,17519.04,180.9
Hong Kong (China),Average Monthly Net Salary (After Tax),3815.21,180.9
Hong Kong (China),"Mortgage Interest Rate in Percentages (%), Yearly, for 20 Years Fixed-Rate",3.93,180.9
Hungary,"Meal, Inexpensive Restaurant",10.68,-44.0
Hungary,"Meal for 2 People, Mid-range Restaurant, Three-course",48.05,-44.0
Hungary,McMeal at McDonalds (or Equivalent Combo Meal),8.01,-44.0
Hungary,Domestic Beer (0.5 liter draught),2.14,-44.0
Hungary,Imported Beer (0.33 liter bottle),2.4,-44.0
Hungary,Cappuccino (regular),2.01,-44.0
Hungary,Coke/Pepsi (0.33 liter bottle),1.37,-44.0
Hungary,Water (0.33 liter bottle),1.05,-44.0
Hungary,"Milk (regular), (1 liter)",1.07,-44.0
Hungary,Loaf of Fresh White Bread (500g),1.41,-44.0
Hungary,"Rice (white), (1kg)",1.81,-44.0
Hungary,Eggs (regular) (12),2.63,-44.0
Hungary,Local Cheese (1kg),9.59,-44.0
Hungary,Chicken Fillets (1kg),5.22,-44.0
Hungary,Beef Round (1kg) (or Equivalent Back Leg Red Meat),11.15,-44.0
Hungary,Apples (1kg),1.49,-44.0
Hungary,Banana (1kg),1.72,-44.0
Hungary,Oranges (1kg),1.75,-44.0
Hungary,Tomato (1kg),2.84,-44.0
Hungary,Potato (1kg),1.09,-44.0
Hungary,Onion (1kg),1.22,-44.0
Hungary,Lettuce (1 head),1.21,-44.0
Hungary,Water (1.5 liter bottle),0.46,-44.0
Hungary,Bottle of Wine (Mid-Range),4.8,-44.0
Hungary,Domestic Beer (0.5 liter bottle),0.99,-44.0
Hungary,Imported Beer (0.33 liter bottle),1.31,-44.0
Hungary,Cigarettes 20 Pack (Marlboro),5.87,-44.0
Hungary,One-way Ticket (Local Transport),1.2,-44.0
Hungary,Monthly Pass (Regular Price),23.89,-44.0
Hungary,Taxi Start (Normal Tariff),2.94,-44.0
Hungary,Taxi 1km (Normal Tariff),1.17,-44.0
Hungary,Taxi 1hour Waiting (Normal Tariff),17.62,-44.0
Hungary,Gasoline (1 liter),1.63,-44.0
Hungary,Volkswagen Golf 1.4 90 KW Trendline (Or Equivalent New Car),26694.43,-44.0
Hungary,Toyota Corolla Sedan 1.6l 97kW Comfort (Or Equivalent New Car),26867.88,-44.0
Hungary,"Basic (Electricity, Heating, Cooling, Water, Garbage) for 85m2 Apartment",139.19,-44.0
Hungary,Mobile Phone Monthly Plan with Calls and 10GB+ Data,24.94,-44.0
Hungary,"Internet (60 Mbps or More, Unlimited Data, Cable/ADSL)",17.62,-44.0
Hungary,"Fitness Club, Monthly Fee for 1 Adult",42.92,-44.0
Hungary,Tennis Court Rent (1 Hour on Weekend),14.91,-44.0
Hungary,"Cinema, International Release, 1 Seat",6.94,-44.0
Hungary,"Preschool (or Kindergarten), Full Day, Private, Monthly for 1 Child",356.25,-44.0
Hungary,"International Primary School, Yearly for 1 Child",9224.01,-44.0
Hungary,1 Pair of Jeans (Levis 501 Or Similar),70.82,-44.0
Hungary,"1 Summer Dress in a Chain Store (Zara, H&M, ...)",30.3,-44.0
Hungary,1 Pair of Nike Running Shoes (Mid-Range),80.09,-44.0
Hungary,1 Pair of Men Leather Business Shoes,85.98,-44.0
Hungary,Apartment (1 bedroom) in City Centre,503.55,-44.0
Hungary,Apartment (1 bedroom) Outside of Centre,382.79,-44.0
Hungary,Apartment (3 bedrooms) in City Centre,823.54,-44.0
Hungary,Apartment (3 bedrooms) Outside of Centre,663.25,-44.0
Hungary,Price per Square Meter to Buy Apartment in City Centre,3021.86,-44.0
Hungary,Price per Square Meter to Buy Apartment Outside of Centre,2205.67,-44.0
Hungary,Average Monthly Net Salary (After Tax),1010.79,-44.0
Hungary,"Mortgage Interest Rate in Percentages (%), Yearly, for 20 Years Fixed-Rate",7.96,-44.0
Iceland,"Meal, Inexpensive Restaurant",21.7,102.9
Iceland,"Meal for 2 People, Mid-range Restaurant, Three-course",117.88,102.9
Iceland,McMeal at McDonalds (or Equivalent Combo Meal),17.36,102.9
Iceland,Domestic Beer (0.5 liter draught),10.49,102.9
Iceland,Imported Beer (0.33 liter bottle),8.68,102.9
Iceland,Cappuccino (regular),5.04,102.9
Iceland,Coke/Pepsi (0.33 liter bottle),3.03,102.9
Iceland,Water (0.33 liter bottle),2.24,102.9
Iceland,"Milk (regular), (1 liter)",1.67,102.9
Iceland,Loaf of Fresh White Bread (500g),3.43,102.9
Iceland,"Rice (white), (1kg)",3.08,102.9
Iceland,Eggs (regular) (12),5.71,102.9
Iceland,Local Cheese (1kg),15.31,102.9
Iceland,Chicken Fillets (1kg),20.05,102.9
Iceland,Beef Round (1kg) (or Equivalent Back Leg Red Meat),35.01,102.9
Iceland,Apples (1kg),2.96,102.9
Iceland,Banana (1kg),2.24,102.9
Iceland,Oranges (1kg),2.65,102.9
Iceland,Tomato (1kg),4.57,102.9
Iceland,Potato (1kg),3.18,102.9
Iceland,Onion (1kg),1.97,102.9
Iceland,Lettuce (1 head),3.21,102.9
Iceland,Water (1.5 liter bottle),2.1,102.9
Iceland,Bottle of Wine (Mid-Range),21.7,102.9
Iceland,Domestic Beer (0.5 liter bottle),3.22,102.9
Iceland,Imported Beer (0.33 liter bottle),2.69,102.9
Iceland,Cigarettes 20 Pack (Marlboro),12.0,102.9
Iceland,One-way Ticket (Local Transport),4.56,102.9
Iceland,Monthly Pass (Regular Price),75.24,102.9
Iceland,Taxi Start (Normal Tariff),5.43,102.9
Iceland,Taxi 1km (Normal Tariff),2.34,102.9
Iceland,Taxi 1hour Waiting (Normal Tariff),74.23,102.9
Iceland,Gasoline (1 liter),2.25,102.9
Iceland,Volkswagen Golf 1.4 90 KW Trendline (Or Equivalent New Car),41889.74,102.9
Iceland,Toyota Corolla Sedan 1.6l 97kW Comfort (Or Equivalent New Car),45160.69,102.9
Iceland,"Basic (Electricity, Heating, Cooling, Water, Garbage) for 85m2 Apartment",89.47,102.9
Iceland,Mobile Phone Monthly Plan with Calls and 10GB+ Data,25.05,102.9
Iceland,"Internet (60 Mbps or More, Unlimited Data, Cable/ADSL)",71.14,102.9
Iceland,"Fitness Club, Monthly Fee for 1 Adult",69.0,102.9
Iceland,Tennis Court Rent (1 Hour on Weekend),32.75,102.9
Iceland,"Cinema, International Release, 1 Seat",14.8,102.9
Iceland,"Preschool (or Kindergarten), Full Day, Private, Monthly for 1 Child",274.37,102.9
Iceland,"International Primary School, Yearly for 1 Child",6016.98,102.9
Iceland,1 Pair of Jeans (Levis 501 Or Similar),115.69,102.9
Iceland,"1 Summer Dress in a Chain Store (Zara, H&M, ...)",52.13,102.9
Iceland,1 Pair of Nike Running Shoes (Mid-Range),153.85,102.9
Iceland,1 Pair of Men Leather Business Shoes,191.89,102.9
Iceland,Apartment (1 bedroom) in City Centre,1889.53,102.9
Iceland,Apartment (1 bedroom) Outside of Centre,1672.53,102.9
Iceland,Apartment (3 bedrooms) in City Centre,2669.88,102.9
Iceland,Apartment (3 bedrooms) Outside of Centre,2361.5,102.9
Iceland,Price per Square Meter to Buy Apartment in City Centre,6027.94,102.9
Iceland,Price per Square Meter to Buy Apartment Outside of Centre,4929.54,102.9
Iceland,Average Monthly Net Salary (After Tax),4296.57,102.9
Iceland,"Mortgage Interest Rate in Percentages (%), Yearly, for 20 Years Fixed-Rate",8.13,102.9
India,"Meal, Inexpensive Restaurant",2.97,-74.1
India,"Meal for 2 People, Mid-range Restaurant, Three-course",14.27,-74.1
India,McMeal at McDonalds (or Equivalent Combo Meal),4.16,-74.1
India,Domestic Beer (0.5 liter draught),2.01,-74.1
India,Imported Beer (0.33 liter bottle),3.57,-74.1
India,Cappuccino (regular),1.89,-74.1
India,Coke/Pepsi (0.33 liter bottle),0.43,-74.1
India,Water (0.33 liter bottle),0.18,-74.1
India,"Milk (regular), (1 liter)",0.71,-74.1
India,Loaf of Fresh White Bread (500g),0.5,-74.1
India,"Rice (white), (1kg)",0.72,-74.1
India,Eggs (regular) (12),0.98,-74.1
India,Local Cheese (1kg),5.33,-74.1
India,Chicken Fillets (1kg),3.19,-74.1
India,Buffalo Round (1kg) (or Equivalent Back Leg Red Meat),5.77,-74.1
India,Apples (1kg),2.17,-74.1
India,Banana (1kg),0.74,-74.1
India,Oranges (1kg),1.11,-74.1
India,Tomato (1kg),0.56,-74.1
India,Potato (1kg),0.39,-74.1
India,Onion (1kg),0.44,-74.1
India,Lettuce (1 head),0.54,-74.1
India,Water (1.5 liter bottle),0.35,-74.1
India,Bottle of Wine (Mid-Range),8.92,-74.1
India,Domestic Beer (0.5 liter bottle),1.9,-74.1
India,Imported Beer (0.33 liter bottle),3.06,-74.1
India,Cigarettes 20 Pack (Marlboro),4.16,-74.1
India,One-way Ticket (Local Transport),0.36,-74.1
India,Monthly Pass (Regular Price),11.89,-74.1
India,Taxi Start (Normal Tariff),0.89,-74.1
India,Taxi 1km (Normal Tariff),0.3,-74.1
India,Taxi 1hour Waiting (Normal Tariff),1.37,-74.1
India,Gasoline (1 liter),1.23,-74.1
India,Volkswagen Golf 1.4 90 KW Trendline (Or Equivalent New Car),14272.21,-74.1
India,Toyota Corolla Sedan 1.6l 97kW Comfort (Or Equivalent New Car),23016.51,-74.1
India,"Basic (Electricity, Heating, Cooling, Water, Garbage) for 85m2 Apartment",41.81,-74.1
India,Mobile Phone Monthly Plan with Calls and 10GB+ Data,3.87,-74.1
India,"Internet (60 Mbps or More, Unlimited Data, Cable/ADSL)",8.25,-74.1
India,"Fitness Club, Monthly Fee for 1 Adult",16.99,-74.1
India,Tennis Court Rent (1 Hour on Weekend),7.43,-74.1
India,"Cinema, International Release, 1 Seat",3.57,-74.1
India,"Preschool (or Kindergarten), Full Day, Private, Monthly for 1 Child",73.91,-74.1
India,"International Primary School, Yearly for 1 Child",1806.11,-74.1
India,1 Pair of Jeans (Levis 501 Or Similar),26.67,-74.1
India,"1 Summer Dress in a Chain Store (Zara, H&M, ...)",27.7,-74.1
India,1 Pair of Nike Running Shoes (Mid-Range),46.67,-74.1
India,1 Pair of Men Leather Business Shoes,33.87,-74.1
India,Apartment (1 bedroom) in City Centre,201.56,-74.1
India,Apartment (1 bedroom) Outside of Centre,125.66,-74.1
India,Apartment (3 bedrooms) in City Centre,476.38,-74.1
India,Apartment (3 bedrooms) Outside of Centre,293.55,-74.1
India,Price per Square Meter to Buy Apartment in City Centre,1791.05,-74.1
India,Price per Square Meter to Buy Apartment Outside of Centre,973.17,-74.1
India,Average Monthly Net Salary (After Tax),621.35,-74.1
India,"Mortgage Interest Rate in Percentages (%), Yearly, for 20 Years Fixed-Rate",8.94,-74.1
Indonesia,"Meal, Inexpensive Restaurant",1.91,-58.9
Indonesia,"Meal for 2 People, Mid-range Restaurant, Three-course",15.88,-58.9
Indonesia,McMeal at McDonalds (or Equivalent Combo Meal),3.18,-58.9
Indonesia,Domestic Beer (0.5 liter draught),2.54,-58.9
Indonesia,Imported Beer (0.33 liter bottle),3.81,-58.9
Indonesia,Cappuccino (regular),1.93,-58.9
Indonesia,Coke/Pepsi (0.33 liter bottle),0.57,-58.9
Indonesia,Water (0.33 liter bottle),0.32,-58.9
Indonesia,"Milk (regular), (1 liter)",1.29,-58.9
Indonesia,Loaf of Fresh White Bread (500g),1.18,-58.9
Indonesia,"Rice (white), (1kg)",0.91,-58.9
Indonesia,Eggs (regular) (12),1.61,-58.9
Indonesia,Local Cheese (1kg),7.7,-58.9
Indonesia,Chicken Fillets (1kg),3.31,-58.9
Indonesia,Beef Round (1kg) (or Equivalent Back Leg Red Meat),7.98,-58.9
Indonesia,Apples (1kg),2.68,-58.9
Indonesia,Banana (1kg),1.46,-58.9
Indonesia,Oranges (1kg),1.89,-58.9
Indonesia,Tomato (1kg),1.29,-58.9
Indonesia,Potato (1kg),1.34,-58.9
Indonesia,Onion (1kg),2.15,-58.9
Indonesia,Lettuce (1 head),0.91,-58.9
Indonesia,Water (1.5 liter bottle),0.44,-58.9
Indonesia,Bottle of Wine (Mid-Range),19.06,-58.9
Indonesia,Domestic Beer (0.5 liter bottle),2.22,-58.9
Indonesia,Imported Beer (0.33 liter bottle),3.11,-58.9
Indonesia,Cigarettes 20 Pack (Marlboro),2.41,-58.9
Indonesia,One-way Ticket (Local Transport),0.32,-58.9
Indonesia,Monthly Pass (Regular Price),9.69,-58.9
Indonesia,Taxi Start (Normal Tariff),0.57,-58.9
Indonesia,Taxi 1km (Normal Tariff),0.34,-58.9
Indonesia,Taxi 1hour Waiting (Normal Tariff),3.18,-58.9
Indonesia,Gasoline (1 liter),0.85,-58.9
Indonesia,Volkswagen Golf 1.4 90 KW Trendline (Or Equivalent New Car),25414.17,-58.9
Indonesia,Toyota Corolla Sedan 1.6l 97kW Comfort (Or Equivalent New Car),31057.82,-58.9
Indonesia,"Basic (Electricity, Heating, Cooling, Water, Garbage) for 85m2 Apartment",68.4,-58.9
Indonesia,Mobile Phone Monthly Plan with Calls and 10GB+ Data,4.66,-58.9
Indonesia,"Internet (60 Mbps or More, Unlimited Data, Cable/ADSL)",26.09,-58.9
Indonesia,"Fitness Club, Monthly Fee for 1 Adult",25.07,-58.9
Indonesia,Tennis Court Rent (1 Hour on Weekend),8.04,-58.9
Indonesia,"Cinema, International Release, 1 Seat",3.18,-58.9
Indonesia,"Preschool (or Kindergarten), Full Day, Private, Monthly for 1 Child",112.36,-58.9
Indonesia,"International Primary School, Yearly for 1 Child",6221.45,-58.9
Indonesia,1 Pair of Jeans (Levis 501 Or Similar),42.91,-58.9
Indonesia,"1 Summer Dress in a Chain Store (Zara, H&M, ...)",28.71,-58.9
Indonesia,1 Pair of Nike Running Shoes (Mid-Range),72.5,-58.9
Indonesia,1 Pair of Men Leather Business Shoes,64.62,-58.9
Indonesia,Apartment (1 bedroom) in City Centre,298.98,-58.9
Indonesia,Apartment (1 bedroom) Outside of Centre,171.04,-58.9
Indonesia,Apartment (3 bedrooms) in City Centre,820.52,-58.9
Indonesia,Apartment (3 bedrooms) Outside of Centre,449.25,-58.9
Indonesia,Price per Square Meter to Buy Apartment in City Centre,1330.84,-58.9
Indonesia,Price per Square Meter to Buy Apartment Outside of Centre,745.43,-58.9
Indonesia,Average Monthly Net Salary (After Tax),317.0,-58.9
Indonesia,"Mortgage Interest Rate in Percentages (%), Yearly, for 20 Years Fixed-Rate",9.25,-58.9
Iran,"Meal, Inexpensive Restaurant",3.5,-58.7
Iran,"Meal for 2 People, Mid-range Restaurant, Three-course",20.0,-58.7
Iran,McMeal at McDonalds (or Equivalent Combo Meal),4.0,-58.7
Iran,Domestic Non-Alcoholic Beer (0.5 liter draught),0.7,-58.7
Iran,Imported Non-Alcoholic Beer (0.33 liter bottle),1.3,-58.7
Iran,Cappuccino (regular),1.22,-58.7
Iran,Coke/Pepsi (0.33 liter bottle),0.55,-58.7
Iran,Water (0.33 liter bottle),0.82,-58.7
Iran,"Milk (regular), (1 liter)",0.63,-58.7
Iran,Loaf of Fresh White Bread (500g),0.53,-58.7
Iran,"Rice (white), (1kg)",2.3,-58.7
Iran,Eggs (regular) (12),1.17,-58.7
Iran,Local Cheese (1kg),3.58,-58.7
Iran,Chicken Fillets (1kg),3.33,-58.7
Iran,Beef Round (1kg) (or Equivalent Back Leg Red Meat),9.29,-58.7
Iran,Apples (1kg),0.92,-58.7
Iran,Banana (1kg),1.48,-58.7
Iran,Oranges (1kg),0.93,-58.7
Iran,Tomato (1kg),0.6,-58.7
Iran,Potato (1kg),0.52,-58.7
Iran,Onion (1kg),0.52,-58.7
Iran,Lettuce (1 head),0.54,-58.7
Iran,Water (1.5 liter bottle),0.26,-58.7
Iran,Bottle of Non-Alcoholic Wine (Mid-Range),0.8,-58.7
Iran,Domestic Non-Alcoholic Beer (0.5 liter bottle),0.57,-58.7
Iran,Imported Non-Alcoholic Beer (0.33 liter bottle),1.31,-58.7
Iran,Cigarettes 20 Pack (Marlboro),2.1,-58.7
Iran,One-way Ticket (Local Transport),0.25,-58.7
Iran,Monthly Pass (Regular Price),10.14,-58.7
Iran,Taxi Start (Normal Tariff),0.5,-58.7
Iran,Taxi 1km (Normal Tariff),0.3,-58.7
Iran,Taxi 1hour Waiting (Normal Tariff),2.37,-58.7
Iran,Gasoline (1 liter),0.7,-58.7
Iran,Volkswagen Golf 1.4 90 KW Trendline (Or Equivalent New Car),77649.0,-58.7
Iran,Toyota Corolla Sedan 1.6l 97kW Comfort (Or Equivalent New Car),63828.71,-58.7
Iran,"Basic (Electricity, Heating, Cooling, Water, Garbage) for 85m2 Apartment",15.93,-58.7
Iran,Mobile Phone Monthly Plan with Calls and 10GB+ Data,2.33,-58.7
Iran,"Internet (60 Mbps or More, Unlimited Data, Cable/ADSL)",9.04,-58.7
Iran,"Fitness Club, Monthly Fee for 1 Adult",16.24,-58.7
Iran,Tennis Court Rent (1 Hour on Weekend),11.3,-58.7
Iran,"Cinema, International Release, 1 Seat",1.5,-58.7
Iran,"Preschool (or Kindergarten), Full Day, Private, Monthly for 1 Child",96.59,-58.7
Iran,"International Primary School, Yearly for 1 Child",1238.01,-58.7
Iran,1 Pair of Jeans (Levis 501 Or Similar),30.41,-58.7
Iran,"1 Summer Dress in a Chain Store (Zara, H&M, ...)",28.83,-58.7
Iran,1 Pair of Nike Running Shoes (Mid-Range),116.87,-58.7
Iran,1 Pair of Men Leather Business Shoes,68.25,-58.7
Iran,Apartment (1 bedroom) in City Centre,335.79,-58.7
Iran,Apartment (1 bedroom) Outside of Centre,234.88,-58.7
Iran,Apartment (3 bedrooms) in City Centre,713.46,-58.7
Iran,Apartment (3 bedrooms) Outside of Centre,466.88,-58.7
Iran,Price per Square Meter to Buy Apartment in City Centre,1362.05,-58.7
Iran,Price per Square Meter to Buy Apartment Outside of Centre,850.76,-58.7
Iran,Average Monthly Net Salary (After Tax),269.52,-58.7
Iran,"Mortgage Interest Rate in Percentages (%), Yearly, for 20 Years Fixed-Rate",22.69,-58.7
Iraq,"Meal, Inexpensive Restaurant",4.95,-64.2
Iraq,"Meal for 2 People, Mid-range Restaurant, Three-course",22.85,-64.2
Iraq,McMeal at McDonalds (or Equivalent Combo Meal),6.09,-64.2
Iraq,Domestic Beer (0.5 liter draught),2.0,-64.2
Iraq,Imported Beer (0.33 liter bottle),2.5,-64.2
Iraq,Cappuccino (regular),2.18,-64.2
Iraq,Coke/Pepsi (0.33 liter bottle),0.42,-64.2
Iraq,Water (0.33 liter bottle),0.19,-64.2
Iraq,"Milk (regular), (1 liter)",1.26,-64.2
Iraq,Loaf of Fresh White Bread (500g),0.85,-64.2
Iraq,"Rice (white), (1kg)",1.55,-64.2
Iraq,Eggs (regular) (12),1.77,-64.2
Iraq,Local Cheese (1kg),5.0,-64.2
Iraq,Chicken Fillets (1kg),4.17,-64.2
Iraq,Beef Round (1kg) (or Equivalent Back Leg Red Meat),11.7,-64.2
Iraq,Apples (1kg),1.02,-64.2
Iraq,Banana (1kg),1.12,-64.2
Iraq,Oranges (1kg),1.0,-64.2
Iraq,Tomato (1kg),0.67,-64.2
Iraq,Potato (1kg),0.64,-64.2
Iraq,Onion (1kg),0.62,-64.2
Iraq,Lettuce (1 head),0.62,-64.2
Iraq,Water (1.5 liter bottle),0.54,-64.2
Iraq,Bottle of Wine (Mid-Range),11.43,-64.2
Iraq,Domestic Beer (0.5 liter bottle),1.84,-64.2
Iraq,Imported Beer (0.33 liter bottle),2.44,-64.2
Iraq,Cigarettes 20 Pack (Marlboro),2.0,-64.2
Iraq,One-way Ticket (Local Transport),0.38,-64.2
Iraq,Monthly Pass (Regular Price),33.12,-64.2
Iraq,Taxi Start (Normal Tariff),2.29,-64.2
Iraq,Taxi 1km (Normal Tariff),1.52,-64.2
Iraq,Taxi 1hour Waiting (Normal Tariff),5.33,-64.2
Iraq,Gasoline (1 liter),0.58,-64.2
Iraq,Volkswagen Golf 1.4 90 KW Trendline (Or Equivalent New Car),18140.81,-64.2
Iraq,Toyota Corolla Sedan 1.6l 97kW Comfort (Or Equivalent New Car),19450.07,-64.2
Iraq,"Basic (Electricity, Heating, Cooling, Water, Garbage) for 85m2 Apartment",95.08,-64.2
Iraq,Mobile Phone Monthly Plan with Calls and 10GB+ Data,21.34,-64.2
Iraq,"Internet (60 Mbps or More, Unlimited Data, Cable/ADSL)",32.26,-64.2
Iraq,"Fitness Club, Monthly Fee for 1 Adult",32.01,-64.2
Iraq,Tennis Court Rent (1 Hour on Weekend),13.38,-64.2
Iraq,"Cinema, International Release, 1 Seat",7.62,-64.2
Iraq,"Preschool (or Kindergarten), Full Day, Private, Monthly for 1 Child",141.02,-64.2
Iraq,"International Primary School, Yearly for 1 Child",2307.88,-64.2
Iraq,1 Pair of Jeans (Levis 501 Or Similar),23.23,-64.2
Iraq,"1 Summer Dress in a Chain Store (Zara, H&M, ...)",27.37,-64.2
Iraq,1 Pair of Nike Running Shoes (Mid-Range),57.36,-64.2
Iraq,1 Pair of Men Leather Business Shoes,40.65,-64.2
Iraq,Apartment (1 bedroom) in City Centre,326.58,-64.2
Iraq,Apartment (1 bedroom) Outside of Centre,205.61,-64.2
Iraq,Apartment (3 bedrooms) in City Centre,590.68,-64.2
Iraq,Apartment (3 bedrooms) Outside of Centre,392.35,-64.2
Iraq,Price per Square Meter to Buy Apartment in City Centre,1130.12,-64.2
Iraq,Price per Square Meter to Buy Apartment Outside of Centre,594.79,-64.2
Iraq,Average Monthly Net Salary (After Tax),521.35,-64.2
Iraq,"Mortgage Interest Rate in Percentages (%), Yearly, for 20 Years Fixed-Rate",9.32,-64.2
Ireland,"Meal, Inexpensive Restaurant",19.42,101.9
Ireland,"Meal for 2 People, Mid-range Restaurant, Three-course",86.3,101.9
Ireland,McMeal at McDonalds (or Equivalent Combo Meal),10.25,101.9
Ireland,Domestic Beer (0.5 liter draught),6.47,101.9
Ireland,Imported Beer (0.33 liter bottle),5.93,101.9
Ireland,Cappuccino (regular),3.95,101.9
Ireland,Coke/Pepsi (0.33 liter bottle),2.43,101.9
Ireland,Water (0.33 liter bottle),1.9,101.9
Ireland,"Milk (regular), (1 liter)",1.38,101.9
Ireland,Loaf of Fresh White Bread (500g),1.92,101.9
Ireland,"Rice (white), (1kg)",1.72,101.9
Ireland,Eggs (regular) (12),3.97,101.9
Ireland,Local Cheese (1kg),9.08,101.9
Ireland,Chicken Fillets (1kg),10.37,101.9
Ireland,Beef Round (1kg) (or Equivalent Back Leg Red Meat),11.45,101.9
Ireland,Apples (1kg),2.67,101.9
Ireland,Banana (1kg),2.03,101.9
Ireland,Oranges (1kg),2.78,101.9
Ireland,Tomato (1kg),3.62,101.9
Ireland,Potato (1kg),1.93,101.9
Ireland,Onion (1kg),1.44,101.9
Ireland,Lettuce (1 head),1.23,101.9
Ireland,Water (1.5 liter bottle),1.77,101.9
Ireland,Bottle of Wine (Mid-Range),12.95,101.9
Ireland,Domestic Beer (0.5 liter bottle),3.04,101.9
Ireland,Imported Beer (0.33 liter bottle),3.58,101.9
Ireland,Cigarettes 20 Pack (Marlboro),17.26,101.9
Ireland,One-way Ticket (Local Transport),2.16,101.9
Ireland,Monthly Pass (Regular Price),107.88,101.9
Ireland,Taxi Start (Normal Tariff),5.29,101.9
Ireland,Taxi 1km (Normal Tariff),2.16,101.9
Ireland,Taxi 1hour Waiting (Normal Tariff),30.53,101.9
Ireland,Gasoline (1 liter),1.9,101.9
Ireland,Volkswagen Golf 1.4 90 KW Trendline (Or Equivalent New Car),39564.0,101.9
Ireland,Toyota Corolla Sedan 1.6l 97kW Comfort (Or Equivalent New Car),35926.2,101.9
Ireland,"Basic (Electricity, Heating, Cooling, Water, Garbage) for 85m2 Apartment",233.91,101.9
Ireland,Mobile Phone Monthly Plan with Calls and 10GB+ Data,22.36,101.9
Ireland,"Internet (60 Mbps or More, Unlimited Data, Cable/ADSL)",50.69,101.9
Ireland,"Fitness Club, Monthly Fee for 1 Adult",53.75,101.9
Ireland,Tennis Court Rent (1 Hour on Weekend),21.75,101.9
Ireland,"Cinema, International Release, 1 Seat",12.95,101.9
Ireland,"Preschool (or Kindergarten), Full Day, Private, Monthly for 1 Child",1154.79,101.9
Ireland,"International Primary School, Yearly for 1 Child",9199.88,101.9
Ireland,1 Pair of Jeans (Levis 501 Or Similar),90.7,101.9
Ireland,"1 Summer Dress in a Chain Store (Zara, H&M, ...)",41.5,101.9
Ireland,1 Pair of Nike Running Shoes (Mid-Range),90.07,101.9
Ireland,1 Pair of Men Leather Business Shoes,102.34,101.9
Ireland,Apartment (1 bedroom) in City Centre,1733.1,101.9
Ireland,Apartment (1 bedroom) Outside of Centre,1498.75,101.9
Ireland,Apartment (3 bedrooms) in City Centre,2921.61,101.9
Ireland,Apartment (3 bedrooms) Outside of Centre,2396.02,101.9
Ireland,Price per Square Meter to Buy Apartment in City Centre,4696.9,101.9
Ireland,Price per Square Meter to Buy Apartment Outside of Centre,3841.28,101.9
Ireland,Average Monthly Net Salary (After Tax),3162.16,101.9
Ireland,"Mortgage Interest Rate in Percentages (%), Yearly, for 20 Years Fixed-Rate",4.5,101.9
Isle Of Man,"Meal, Inexpensive Restaurant",25.89,36.7
Isle Of Man,"Meal for 2 People, Mid-range Restaurant, Three-course",116.52,36.7
Isle Of Man,McMeal at McDonalds (or Equivalent Combo Meal),9.06,36.7
Isle Of Man,Domestic Beer (0.5 liter draught),6.34,36.7
Isle Of Man,Imported Beer (0.33 liter bottle),6.41,36.7
Isle Of Man,Cappuccino (regular),4.95,36.7
Isle Of Man,Coke/Pepsi (0.33 liter bottle),2.54,36.7
Isle Of Man,Water (0.33 liter bottle),1.83,36.7
Isle Of Man,"Milk (regular), (1 liter)",1.83,36.7
Isle Of Man,Loaf of Fresh White Bread (500g),1.84,36.7
Isle Of Man,"Rice (white), (1kg)",2.11,36.7
Isle Of Man,Eggs (regular) (12),3.98,36.7
Isle Of Man,Local Cheese (1kg),6.64,36.7
Isle Of Man,Chicken Fillets (1kg),7.96,36.7
Isle Of Man,Beef Round (1kg) (or Equivalent Back Leg Red Meat),11.91,36.7
Isle Of Man,Apples (1kg),2.79,36.7
Isle Of Man,Banana (1kg),1.89,36.7
Isle Of Man,Oranges (1kg),2.37,36.7
Isle Of Man,Tomato (1kg),2.84,36.7
Isle Of Man,Potato (1kg),1.64,36.7
Isle Of Man,Onion (1kg),2.46,36.7
Isle Of Man,Lettuce (1 head),1.42,36.7
Isle Of Man,Water (1.5 liter bottle),1.46,36.7
Isle Of Man,Bottle of Wine (Mid-Range),10.36,36.7
Isle Of Man,Domestic Beer (0.5 liter bottle),3.22,36.7
Isle Of Man,Imported Beer (0.33 liter bottle),3.01,36.7
Isle Of Man,Cigarettes 20 Pack (Marlboro),22.01,36.7
Isle Of Man,One-way Ticket (Local Transport),2.59,36.7
Isle Of Man,Monthly Pass (Regular Price),58.26,36.7
Isle Of Man,Taxi Start (Normal Tariff),4.34,36.7
Isle Of Man,Taxi 1km (Normal Tariff),1.42,36.7
Isle Of Man,Taxi 1hour Waiting (Normal Tariff),64.73,36.7
Isle Of Man,Gasoline (1 liter),1.96,36.7
Isle Of Man,Volkswagen Golf 1.4 90 KW Trendline (Or Equivalent New Car),32366.23,36.7
Isle Of Man,Toyota Corolla Sedan 1.6l 97kW Comfort (Or Equivalent New Car),33643.08,36.7
Isle Of Man,"Basic (Electricity, Heating, Cooling, Water, Garbage) for 85m2 Apartment",274.22,36.7
Isle Of Man,Mobile Phone Monthly Plan with Calls and 10GB+ Data,34.24,36.7
Isle Of Man,"Internet (60 Mbps or More, Unlimited Data, Cable/ADSL)",67.32,36.7
Isle Of Man,"Fitness Club, Monthly Fee for 1 Adult",52.27,36.7
Isle Of Man,Tennis Court Rent (1 Hour on Weekend),18.13,36.7
Isle Of Man,"Cinema, International Release, 1 Seat",12.62,36.7
Isle Of Man,"Preschool (or Kindergarten), Full Day, Private, Monthly for 1 Child",1177.7,36.7
Isle Of Man,"International Primary School, Yearly for 1 Child",18556.64,36.7
Isle Of Man,1 Pair of Jeans (Levis 501 Or Similar),80.7,36.7
Isle Of Man,"1 Summer Dress in a Chain Store (Zara, H&M, ...)",39.81,36.7
Isle Of Man,1 Pair of Nike Running Shoes (Mid-Range),91.06,36.7
Isle Of Man,1 Pair of Men Leather Business Shoes,70.34,36.7
Isle Of Man,Apartment (1 bedroom) in City Centre,1181.37,36.7
Isle Of Man,Apartment (1 bedroom) Outside of Centre,938.62,36.7
Isle Of Man,Apartment (3 bedrooms) in City Centre,1960.47,36.7
Isle Of Man,Apartment (3 bedrooms) Outside of Centre,1710.79,36.7
Isle Of Man,Price per Square Meter to Buy Apartment in City Centre,2805.07,36.7
Isle Of Man,Price per Square Meter to Buy Apartment Outside of Centre,2373.52,36.7
Isle Of Man,Average Monthly Net Salary (After Tax),4130.58,36.7
Isle Of Man,"Mortgage Interest Rate in Percentages (%), Yearly, for 20 Years Fixed-Rate",3.61,36.7
Israel,"Meal, Inexpensive Restaurant",19.79,29.8
Israel,"Meal for 2 People, Mid-range Restaurant, Three-course",79.18,29.8
Israel,McMeal at McDonalds (or Equivalent Combo Meal),14.65,29.8
Israel,Domestic Beer (0.5 liter draught),7.92,29.8
Israel,Imported Beer (0.33 liter bottle),7.92,29.8
Israel,Cappuccino (regular),3.7,29.8
Israel,Coke/Pepsi (0.33 liter bottle),2.65,29.8
Israel,Water (0.33 liter bottle),2.18,29.8
Israel,"Milk (regular), (1 liter)",1.79,29.8
Israel,Loaf of Fresh White Bread (500g),2.46,29.8
Israel,"Rice (white), (1kg)",2.66,29.8
Israel,Eggs (regular) (12),3.76,29.8
Israel,Local Cheese (1kg),13.76,29.8
Israel,Chicken Fillets (1kg),10.21,29.8
Israel,Beef Round (1kg) (or Equivalent Back Leg Red Meat),17.97,29.8
Israel,Apples (1kg),3.1,29.8
Israel,Banana (1kg),2.05,29.8
Israel,Oranges (1kg),1.77,29.8
Israel,Tomato (1kg),1.94,29.8
Israel,Potato (1kg),1.35,29.8
Israel,Onion (1kg),1.39,29.8
Israel,Lettuce (1 head),1.78,29.8
Israel,Water (1.5 liter bottle),1.28,29.8
Israel,Bottle of Wine (Mid-Range),10.56,29.8
Israel,Domestic Beer (0.5 liter bottle),2.5,29.8
Israel,Imported Beer (0.33 liter bottle),2.95,29.8
Israel,Cigarettes 20 Pack (Marlboro),9.76,29.8
Israel,One-way Ticket (Local Transport),1.58,29.8
Israel,Monthly Pass (Regular Price),59.38,29.8
Israel,Taxi Start (Normal Tariff),4.38,29.8
Israel,Taxi 1km (Normal Tariff),0.94,29.8
Israel,Taxi 1hour Waiting (Normal Tariff),27.55,29.8
Israel,Gasoline (1 liter),1.89,29.8
Israel,Volkswagen Golf 1.4 90 KW Trendline (Or Equivalent New Car),39587.76,29.8
Israel,Toyota Corolla Sedan 1.6l 97kW Comfort (Or Equivalent New Car),39693.86,29.8
Israel,"Basic (Electricity, Heating, Cooling, Water, Garbage) for 85m2 Apartment",222.99,29.8
Israel,Mobile Phone Monthly Plan with Calls and 10GB+ Data,10.89,29.8
Israel,"Internet (60 Mbps or More, Unlimited Data, Cable/ADSL)",26.96,29.8
Israel,"Fitness Club, Monthly Fee for 1 Adult",67.21,29.8
Israel,Tennis Court Rent (1 Hour on Weekend),19.17,29.8
Israel,"Cinema, International Release, 1 Seat",11.88,29.8
Israel,"Preschool (or Kindergarten), Full Day, Private, Monthly for 1 Child",954.03,29.8
Israel,"International Primary School, Yearly for 1 Child",10900.77,29.8
Israel,1 Pair of Jeans (Levis 501 Or Similar),83.59,29.8
Israel,"1 Summer Dress in a Chain Store (Zara, H&M, ...)",54.42,29.8
Israel,1 Pair of Nike Running Shoes (Mid-Range),110.67,29.8
Israel,1 Pair of Men Leather Business Shoes,123.7,29.8
Israel,Apartment (1 bedroom) in City Centre,1195.96,29.8
Israel,Apartment (1 bedroom) Outside of Centre,929.33,29.8
Israel,Apartment (3 bedrooms) in City Centre,1844.77,29.8
Israel,Apartment (3 bedrooms) Outside of Centre,1526.92,29.8
Israel,Price per Square Meter to Buy Apartment in City Centre,8127.6,29.8
Israel,Price per Square Meter to Buy Apartment Outside of Centre,6721.35,29.8
Israel,Average Monthly Net Salary (After Tax),2664.01,29.8
Israel,"Mortgage Interest Rate in Percentages (%), Yearly, for 20 Years Fixed-Rate",4.52,29.8
Italy,"Meal, Inexpensive Restaurant",16.18,-8.6
Italy,"Meal for 2 People, Mid-range Restaurant, Three-course",66.88,-8.6
Italy,McMeal at McDonalds (or Equivalent Combo Meal),10.79,-8.6
Italy,Domestic Beer (0.5 liter draught),5.39,-8.6
Italy,Imported Beer (0.33 liter bottle),4.85,-8.6
Italy,Cappuccino (regular),1.76,-8.6
Italy,Coke/Pepsi (0.33 liter bottle),2.66,-8.6
Italy,Water (0.33 liter bottle),1.22,-8.6
Italy,"Milk (regular), (1 liter)",1.56,-8.6
Italy,Loaf of Fresh White Bread (500g),2.14,-8.6
Italy,"Rice (white), (1kg)",2.75,-8.6
Italy,Eggs (regular) (12),3.65,-8.6
Italy,Local Cheese (1kg),14.46,-8.6
Italy,Chicken Fillets (1kg),11.41,-8.6
Italy,Beef Round (1kg) (or Equivalent Back Leg Red Meat),18.26,-8.6
Italy,Apples (1kg),2.27,-8.6
Italy,Banana (1kg),2.0,-8.6
Italy,Oranges (1kg),2.44,-8.6
Italy,Tomato (1kg),3.01,-8.6
Italy,Potato (1kg),1.75,-8.6
Italy,Onion (1kg),1.67,-8.6
Italy,Lettuce (1 head),1.38,-8.6
Italy,Water (1.5 liter bottle),0.47,-8.6
Italy,Bottle of Wine (Mid-Range),6.47,-8.6
Italy,Domestic Beer (0.5 liter bottle),1.64,-8.6
Italy,Imported Beer (0.33 liter bottle),2.25,-8.6
Italy,Cigarettes 20 Pack (Marlboro),6.47,-8.6
Italy,One-way Ticket (Local Transport),1.73,-8.6
Italy,Monthly Pass (Regular Price),37.76,-8.6
Italy,Taxi Start (Normal Tariff),5.39,-8.6
Italy,Taxi 1km (Normal Tariff),1.68,-8.6
Italy,Taxi 1hour Waiting (Normal Tariff),32.36,-8.6
Italy,Gasoline (1 liter),1.94,-8.6
Italy,Volkswagen Golf 1.4 90 KW Trendline (Or Equivalent New Car),28048.1,-8.6
Italy,Toyota Corolla Sedan 1.6l 97kW Comfort (Or Equivalent New Car),30062.38,-8.6
Italy,"Basic (Electricity, Heating, Cooling, Water, Garbage) for 85m2 Apartment",214.24,-8.6
Italy,Mobile Phone Monthly Plan with Calls and 10GB+ Data,12.94,-8.6
Italy,"Internet (60 Mbps or More, Unlimited Data, Cable/ADSL)",29.52,-8.6
Italy,"Fitness Club, Monthly Fee for 1 Adult",52.31,-8.6
Italy,Tennis Court Rent (1 Hour on Weekend),22.42,-8.6
Italy,"Cinema, International Release, 1 Seat",9.71,-8.6
Italy,"Preschool (or Kindergarten), Full Day, Private, Monthly for 1 Child",542.17,-8.6
Italy,"International Primary School, Yearly for 1 Child",10221.65,-8.6
Italy,1 Pair of Jeans (Levis 501 Or Similar),83.91,-8.6
Italy,"1 Summer Dress in a Chain Store (Zara, H&M, ...)",35.97,-8.6
Italy,1 Pair of Nike Running Shoes (Mid-Range),90.6,-8.6
Italy,1 Pair of Men Leather Business Shoes,119.89,-8.6
Italy,Apartment (1 bedroom) in City Centre,804.42,-8.6
Italy,Apartment (1 bedroom) Outside of Centre,614.45,-8.6
Italy,Apartment (3 bedrooms) in City Centre,1435.26,-8.6
Italy,Apartment (3 bedrooms) Outside of Centre,1018.15,-8.6
Italy,Price per Square Meter to Buy Apartment in City Centre,4011.97,-8.6
Italy,Price per Square Meter to Buy Apartment Outside of Centre,2556.45,-8.6
Italy,Average Monthly Net Salary (After Tax),1741.55,-8.6
Italy,"Mortgage Interest Rate in Percentages (%), Yearly, for 20 Years Fixed-Rate",4.63,-8.6
Ivory Coast,"Meal, Inexpensive Restaurant",3.7,-20.0
Ivory Coast,"Meal for 2 People, Mid-range Restaurant, Three-course",49.34,-20.0
Ivory Coast,McMeal at McDonalds (or Equivalent Combo Meal),9.87,-20.0
Ivory Coast,Domestic Beer (0.5 liter draught),0.99,-20.0
Ivory Coast,Imported Beer (0.33 liter bottle),1.97,-20.0
Ivory Coast,Cappuccino (regular),2.47,-20.0
Ivory Coast,Coke/Pepsi (0.33 liter bottle),0.75,-20.0
Ivory Coast,Water (0.33 liter bottle),0.76,-20.0
Ivory Coast,"Milk (regular), (1 liter)",2.47,-20.0
Ivory Coast,Loaf of Fresh White Bread (500g),0.6,-20.0
Ivory Coast,"Rice (white), (1kg)",1.05,-20.0
Ivory Coast,Eggs (regular) (12),2.14,-20.0
Ivory Coast,Local Cheese (1kg),13.98,-20.0
Ivory Coast,Chicken Fillets (1kg),6.7,-20.0
Ivory Coast,Beef Round (1kg) (or Equivalent Back Leg Red Meat),7.11,-20.0
Ivory Coast,Apples (1kg),2.61,-20.0
Ivory Coast,Banana (1kg),0.93,-20.0
Ivory Coast,Oranges (1kg),1.0,-20.0
Ivory Coast,Tomato (1kg),1.3,-20.0
Ivory Coast,Potato (1kg),1.27,-20.0
Ivory Coast,Onion (1kg),1.64,-20.0
Ivory Coast,Lettuce (1 head),0.83,-20.0
Ivory Coast,Water (1.5 liter bottle),0.82,-20.0
Ivory Coast,Bottle of Wine (Mid-Range),8.22,-20.0
Ivory Coast,Domestic Beer (0.5 liter bottle),0.94,-20.0
Ivory Coast,Imported Beer (0.33 liter bottle),1.33,-20.0
Ivory Coast,Cigarettes 20 Pack (Marlboro),1.19,-20.0
Ivory Coast,One-way Ticket (Local Transport),0.82,-20.0
Ivory Coast,Monthly Pass (Regular Price),45.23,-20.0
Ivory Coast,Taxi Start (Normal Tariff),1.32,-20.0
Ivory Coast,Taxi 1km (Normal Tariff),1.64,-20.0
Ivory Coast,Taxi 1hour Waiting (Normal Tariff),18.09,-20.0
Ivory Coast,Gasoline (1 liter),1.4,-20.0
Ivory Coast,Volkswagen Golf 1.4 90 KW Trendline (Or Equivalent New Car),29602.41,-20.0
Ivory Coast,Toyota Corolla Sedan 1.6l 97kW Comfort (Or Equivalent New Car),28094.88,-20.0
Ivory Coast,"Basic (Electricity, Heating, Cooling, Water, Garbage) for 85m2 Apartment",180.9,-20.0
Ivory Coast,Mobile Phone Monthly Plan with Calls and 10GB+ Data,38.2,-20.0
Ivory Coast,"Internet (60 Mbps or More, Unlimited Data, Cable/ADSL)",51.87,-20.0
Ivory Coast,"Fitness Club, Monthly Fee for 1 Adult",69.02,-20.0
Ivory Coast,Tennis Court Rent (1 Hour on Weekend),19.73,-20.0
Ivory Coast,"Cinema, International Release, 1 Seat",8.22,-20.0
Ivory Coast,"Preschool (or Kindergarten), Full Day, Private, Monthly for 1 Child",172.68,-20.0
Ivory Coast,"International Primary School, Yearly for 1 Child",2713.55,-20.0
Ivory Coast,1 Pair of Jeans (Levis 501 Or Similar),82.23,-20.0
Ivory Coast,"1 Summer Dress in a Chain Store (Zara, H&M, ...)",52.08,-20.0
Ivory Coast,1 Pair of Nike Running Shoes (Mid-Range),80.8,-20.0
Ivory Coast,1 Pair of Men Leather Business Shoes,119.82,-20.0
Ivory Coast,Apartment (1 bedroom) in City Centre,783.13,-20.0
Ivory Coast,Apartment (1 bedroom) Outside of Centre,293.28,-20.0
Ivory Coast,Apartment (3 bedrooms) in City Centre,1521.24,-20.0
Ivory Coast,Apartment (3 bedrooms) Outside of Centre,792.14,-20.0
Ivory Coast,Price per Square Meter to Buy Apartment in City Centre,2137.95,-20.0
Ivory Coast,Price per Square Meter to Buy Apartment Outside of Centre,1274.55,-20.0
Ivory Coast,Average Monthly Net Salary (After Tax),204.2,-20.0
Ivory Coast,"Mortgage Interest Rate in Percentages (%), Yearly, for 20 Years Fixed-Rate",12.83,-20.0
Jamaica,"Meal, Inexpensive Restaurant",7.56,-24.1
Jamaica,"Meal for 2 People, Mid-range Restaurant, Three-course",62.99,-24.1
Jamaica,McMeal at McDonalds (or Equivalent Combo Meal),7.56,-24.1
Jamaica,Domestic Beer (0.5 liter draught),2.76,-24.1
Jamaica,Imported Beer (0.33 liter bottle),3.78,-24.1
Jamaica,Cappuccino (regular),3.53,-24.1
Jamaica,Coke/Pepsi (0.33 liter bottle),1.32,-24.1
Jamaica,Water (0.33 liter bottle),0.84,-24.1
Jamaica,"Milk (regular), (1 liter)",3.53,-24.1
Jamaica,Loaf of Fresh White Bread (500g),2.74,-24.1
Jamaica,"Rice (white), (1kg)",1.33,-24.1
Jamaica,Eggs (regular) (12),3.54,-24.1
Jamaica,Local Cheese (1kg),11.43,-24.1
Jamaica,Chicken Fillets (1kg),7.42,-24.1
Jamaica,Beef Round (1kg) (or Equivalent Back Leg Red Meat),8.42,-24.1
Jamaica,Apples (1kg),5.52,-24.1
Jamaica,Banana (1kg),3.02,-24.1
Jamaica,Oranges (1kg),3.68,-24.1
Jamaica,Tomato (1kg),2.65,-24.1
Jamaica,Potato (1kg),2.43,-24.1
Jamaica,Onion (1kg),2.18,-24.1
Jamaica,Lettuce (1 head),2.08,-24.1
Jamaica,Water (1.5 liter bottle),1.16,-24.1
Jamaica,Bottle of Wine (Mid-Range),9.45,-24.1
Jamaica,Domestic Beer (0.5 liter bottle),2.55,-24.1
Jamaica,Imported Beer (0.33 liter bottle),3.02,-24.1
Jamaica,Cigarettes 20 Pack (Marlboro),9.13,-24.1
Jamaica,One-way Ticket (Local Transport),0.94,-24.1
Jamaica,Monthly Pass (Regular Price),44.1,-24.1
Jamaica,Taxi Start (Normal Tariff),0.94,-24.1
Jamaica,Taxi 1km (Normal Tariff),3.15,-24.1
Jamaica,Taxi 1hour Waiting (Normal Tariff),7.56,-24.1
Jamaica,Gasoline (1 liter),1.3,-24.1
Jamaica,Volkswagen Golf 1.4 90 KW Trendline (Or Equivalent New Car),40000.51,-24.1
Jamaica,Toyota Corolla Sedan 1.6l 97kW Comfort (Or Equivalent New Car),33566.23,-24.1
Jamaica,"Basic (Electricity, Heating, Cooling, Water, Garbage) for 85m2 Apartment",131.64,-24.1
Jamaica,Mobile Phone Monthly Plan with Calls and 10GB+ Data,21.84,-24.1
Jamaica,"Internet (60 Mbps or More, Unlimited Data, Cable/ADSL)",46.88,-24.1
Jamaica,"Fitness Club, Monthly Fee for 1 Adult",60.7,-24.1
Jamaica,Tennis Court Rent (1 Hour on Weekend),12.79,-24.1
Jamaica,"Cinema, International Release, 1 Seat",10.87,-24.1
Jamaica,"Preschool (or Kindergarten), Full Day, Private, Monthly for 1 Child",199.74,-24.1
Jamaica,"International Primary School, Yearly for 1 Child",3131.65,-24.1
Jamaica,1 Pair of Jeans (Levis 501 Or Similar),30.18,-24.1
Jamaica,"1 Summer Dress in a Chain Store (Zara, H&M, ...)",24.62,-24.1
Jamaica,1 Pair of Nike Running Shoes (Mid-Range),66.14,-24.1
Jamaica,1 Pair of Men Leather Business Shoes,67.19,-24.1
Jamaica,Apartment (1 bedroom) in City Centre,616.4,-24.1
Jamaica,Apartment (1 bedroom) Outside of Centre,325.46,-24.1
Jamaica,Apartment (3 bedrooms) in City Centre,1426.3,-24.1
Jamaica,Apartment (3 bedrooms) Outside of Centre,845.23,-24.1
Jamaica,Price per Square Meter to Buy Apartment in City Centre,2174.36,-24.1
Jamaica,Price per Square Meter to Buy Apartment Outside of Centre,3327.8,-24.1
Jamaica,Average Monthly Net Salary (After Tax),671.63,-24.1
Jamaica,"Mortgage Interest Rate in Percentages (%), Yearly, for 20 Years Fixed-Rate",9.13,-24.1
Japan,"Meal, Inexpensive Restaurant",6.51,-30.4
Japan,"Meal for 2 People, Mid-range Restaurant, Three-course",38.28,-30.4
Japan,McMeal at McDonalds (or Equivalent Combo Meal),5.14,-30.4
Japan,Domestic Beer (0.5 liter draught),2.77,-30.4
Japan,Imported Beer (0.33 liter bottle),3.88,-30.4
Japan,Cappuccino (regular),3.01,-30.4
Japan,Coke/Pepsi (0.33 liter bottle),1.01,-30.4
Japan,Water (0.33 liter bottle),0.74,-30.4
Japan,"Milk (regular), (1 liter)",1.42,-30.4
Japan,Loaf of Fresh White Bread (500g),1.5,-30.4
Japan,"Rice (white), (1kg)",3.63,-30.4
Japan,Eggs (regular) (12),2.1,-30.4
Japan,Local Cheese (1kg),11.15,-30.4
Japan,Chicken Fillets (1kg),6.25,-30.4
Japan,Beef Round (1kg) (or Equivalent Back Leg Red Meat),16.82,-30.4
Japan,Apples (1kg),4.83,-30.4
Japan,Banana (1kg),2.3,-30.4
Japan,Oranges (1kg),4.29,-30.4
Japan,Tomato (1kg),4.43,-30.4
Japan,Potato (1kg),2.64,-30.4
Japan,Onion (1kg),2.35,-30.4
Japan,Lettuce (1 head),1.26,-30.4
Japan,Water (1.5 liter bottle),0.84,-30.4
Japan,Bottle of Wine (Mid-Range),7.81,-30.4
Japan,Domestic Beer (0.5 liter bottle),1.99,-30.4
Japan,Imported Beer (0.33 liter bottle),2.67,-30.4
Japan,Cigarettes 20 Pack (Marlboro),3.91,-30.4
Japan,One-way Ticket (Local Transport),1.43,-30.4
Japan,Monthly Pass (Regular Price),52.07,-30.4
Japan,Taxi Start (Normal Tariff),3.91,-30.4
Japan,Taxi 1km (Normal Tariff),2.9,-30.4
Japan,Taxi 1hour Waiting (Normal Tariff),22.78,-30.4
Japan,Gasoline (1 liter),1.11,-30.4
Japan,Volkswagen Golf 1.4 90 KW Trendline (Or Equivalent New Car),21751.13,-30.4
Japan,Toyota Corolla Sedan 1.6l 97kW Comfort (Or Equivalent New Car),16540.38,-30.4
Japan,"Basic (Electricity, Heating, Cooling, Water, Garbage) for 85m2 Apartment",169.27,-30.4
Japan,Mobile Phone Monthly Plan with Calls and 10GB+ Data,25.41,-30.4
Japan,"Internet (60 Mbps or More, Unlimited Data, Cable/ADSL)",32.81,-30.4
Japan,"Fitness Club, Monthly Fee for 1 Adult",56.73,-30.4
Japan,Tennis Court Rent (1 Hour on Weekend),16.07,-30.4
Japan,"Cinema, International Release, 1 Seat",12.37,-30.4
Japan,"Preschool (or Kindergarten), Full Day, Private, Monthly for 1 Child",356.66,-30.4
Japan,"International Primary School, Yearly for 1 Child",12608.99,-30.4
Japan,1 Pair of Jeans (Levis 501 Or Similar),43.14,-30.4
Japan,"1 Summer Dress in a Chain Store (Zara, H&M, ...)",31.21,-30.4
Japan,1 Pair of Nike Running Shoes (Mid-Range),56.57,-30.4
Japan,1 Pair of Men Leather Business Shoes,78.57,-30.4
Japan,Apartment (1 bedroom) in City Centre,581.13,-30.4
Japan,Apartment (1 bedroom) Outside of Centre,382.3,-30.4
Japan,Apartment (3 bedrooms) in City Centre,1231.62,-30.4
Japan,Apartment (3 bedrooms) Outside of Centre,753.86,-30.4
Japan,Price per Square Meter to Buy Apartment in City Centre,6465.94,-30.4
Japan,Price per Square Meter to Buy Apartment Outside of Centre,3772.01,-30.4
Japan,Average Monthly Net Salary (After Tax),2063.66,-30.4
Japan,"Mortgage Interest Rate in Percentages (%), Yearly, for 20 Years Fixed-Rate",1.85,-30.4
Jersey,"Meal, Inexpensive Restaurant",32.37,143.8
Jersey,"Meal for 2 People, Mid-range Restaurant, Three-course",116.52,143.8
Jersey,McMeal at McDonalds (or Equivalent Combo Meal),10.36,143.8
Jersey,Domestic Beer (0.5 liter draught),7.12,143.8
Jersey,Imported Beer (0.33 liter bottle),6.47,143.8
Jersey,Cappuccino (regular),4.82,143.8
Jersey,Coke/Pepsi (0.33 liter bottle),2.72,143.8
Jersey,Water (0.33 liter bottle),2.2,143.8
Jersey,"Milk (regular), (1 liter)",2.06,143.8
Jersey,Loaf of Fresh White Bread (500g),2.18,143.8
Jersey,"Rice (white), (1kg)",3.66,143.8
Jersey,Eggs (regular) (12),5.05,143.8
Jersey,Local Cheese (1kg),9.79,143.8
Jersey,Chicken Fillets (1kg),12.91,143.8
Jersey,Beef Round (1kg) (or Equivalent Back Leg Red Meat),17.91,143.8
Jersey,Apples (1kg),4.11,143.8
Jersey,Banana (1kg),1.94,143.8
Jersey,Oranges (1kg),3.91,143.8
Jersey,Tomato (1kg),3.56,143.8
Jersey,Potato (1kg),2.79,143.8
Jersey,Onion (1kg),2.22,143.8
Jersey,Lettuce (1 head),1.9,143.8
Jersey,Water (1.5 liter bottle),2.33,143.8
Jersey,Bottle of Wine (Mid-Range),10.36,143.8
Jersey,Domestic Beer (0.5 liter bottle),3.5,143.8
Jersey,Imported Beer (0.33 liter bottle),5.99,143.8
Jersey,Cigarettes 20 Pack (Marlboro),15.54,143.8
Jersey,One-way Ticket (Local Transport),3.04,143.8
Jersey,Monthly Pass (Regular Price),67.32,143.8
Jersey,Taxi Start (Normal Tariff),5.18,143.8
Jersey,Taxi 1km (Normal Tariff),5.81,143.8
Jersey,Taxi 1hour Waiting (Normal Tariff),17.48,143.8
Jersey,Gasoline (1 liter),2.07,143.8
Jersey,Volkswagen Golf 1.4 90 KW Trendline (Or Equivalent New Car),35628.75,143.8
Jersey,Toyota Corolla Sedan 1.6l 97kW Comfort (Or Equivalent New Car),34523.98,143.8
Jersey,"Basic (Electricity, Heating, Cooling, Water, Garbage) for 85m2 Apartment",223.19,143.8
Jersey,Mobile Phone Monthly Plan with Calls and 10GB+ Data,24.13,143.8
Jersey,"Internet (60 Mbps or More, Unlimited Data, Cable/ADSL)",75.27,143.8
Jersey,"Fitness Club, Monthly Fee for 1 Adult",73.94,143.8
Jersey,Tennis Court Rent (1 Hour on Weekend),19.85,143.8
Jersey,"Cinema, International Release, 1 Seat",15.54,143.8
Jersey,"Preschool (or Kindergarten), Full Day, Private, Monthly for 1 Child",2220.05,143.8
Jersey,"International Primary School, Yearly for 1 Child",16412.27,143.8
Jersey,1 Pair of Jeans (Levis 501 Or Similar),94.94,143.8
Jersey,"1 Summer Dress in a Chain Store (Zara, H&M, ...)",52.04,143.8
Jersey,1 Pair of Nike Running Shoes (Mid-Range),122.99,143.8
Jersey,1 Pair of Men Leather Business Shoes,145.65,143.8
Jersey,Apartment (1 bedroom) in City Centre,1739.68,143.8
Jersey,Apartment (1 bedroom) Outside of Centre,1733.39,143.8
Jersey,Apartment (3 bedrooms) in City Centre,3440.07,143.8
Jersey,Apartment (3 bedrooms) Outside of Centre,3412.33,143.8
Jersey,Price per Square Meter to Buy Apartment in City Centre,9363.93,143.8
Jersey,Price per Square Meter to Buy Apartment Outside of Centre,9962.83,143.8
Jersey,Average Monthly Net Salary (After Tax),3625.02,143.8
Jersey,"Mortgage Interest Rate in Percentages (%), Yearly, for 20 Years Fixed-Rate",2.8,143.8
Jordan,"Meal, Inexpensive Restaurant",7.05,-63.5
Jordan,"Meal for 2 People, Mid-range Restaurant, Three-course",42.32,-63.5
Jordan,McMeal at McDonalds (or Equivalent Combo Meal),7.05,-63.5
Jordan,Domestic Beer (0.5 liter draught),6.35,-63.5
Jordan,Imported Beer (0.33 liter bottle),7.05,-63.5
Jordan,Cappuccino (regular),3.35,-63.5
Jordan,Coke/Pepsi (0.33 liter bottle),0.48,-63.5
Jordan,Water (0.33 liter bottle),0.38,-63.5
Jordan,"Milk (regular), (1 liter)",1.46,-63.5
Jordan,Loaf of Fresh White Bread (500g),0.51,-63.5
Jordan,"Rice (white), (1kg)",1.66,-63.5
Jordan,Eggs (regular) (12),2.01,-63.5
Jordan,Local Cheese (1kg),6.94,-63.5
Jordan,Chicken Fillets (1kg),5.28,-63.5
Jordan,Beef Round (1kg) (or Equivalent Back Leg Red Meat),11.04,-63.5
Jordan,Apples (1kg),1.81,-63.5
Jordan,Banana (1kg),1.52,-63.5
Jordan,Oranges (1kg),1.42,-63.5
Jordan,Tomato (1kg),0.75,-63.5
Jordan,Potato (1kg),0.85,-63.5
Jordan,Onion (1kg),0.76,-63.5
Jordan,Lettuce (1 head),0.65,-63.5
Jordan,Water (1.5 liter bottle),0.57,-63.5
Jordan,Bottle of Wine (Mid-Range),21.16,-63.5
Jordan,Domestic Beer (0.5 liter bottle),4.98,-63.5
Jordan,Imported Beer (0.33 liter bottle),6.08,-63.5
Jordan,Cigarettes 20 Pack (Marlboro),3.53,-63.5
Jordan,One-way Ticket (Local Transport),0.71,-63.5
Jordan,Monthly Pass (Regular Price),36.8,-63.5
Jordan,Taxi Start (Normal Tariff),0.6,-63.5
Jordan,Taxi 1km (Normal Tariff),1.41,-63.5
Jordan,Taxi 1hour Waiting (Normal Tariff),7.05,-63.5
Jordan,Gasoline (1 liter),1.41,-63.5
Jordan,Volkswagen Golf 1.4 90 KW Trendline (Or Equivalent New Car),26096.77,-63.5
Jordan,Toyota Corolla Sedan 1.6l 97kW Comfort (Or Equivalent New Car),31088.25,-63.5
Jordan,"Basic (Electricity, Heating, Cooling, Water, Garbage) for 85m2 Apartment",92.51,-63.5
Jordan,Mobile Phone Monthly Plan with Calls and 10GB+ Data,16.29,-63.5
Jordan,"Internet (60 Mbps or More, Unlimited Data, Cable/ADSL)",33.93,-63.5
Jordan,"Fitness Club, Monthly Fee for 1 Adult",51.19,-63.5
Jordan,Tennis Court Rent (1 Hour on Weekend),39.28,-63.5
Jordan,"Cinema, International Release, 1 Seat",11.29,-63.5
Jordan,"Preschool (or Kindergarten), Full Day, Private, Monthly for 1 Child",175.52,-63.5
Jordan,"International Primary School, Yearly for 1 Child",4780.73,-63.5
Jordan,1 Pair of Jeans (Levis 501 Or Similar),53.7,-63.5
Jordan,"1 Summer Dress in a Chain Store (Zara, H&M, ...)",48.15,-63.5
Jordan,1 Pair of Nike Running Shoes (Mid-Range),100.37,-63.5
Jordan,1 Pair of Men Leather Business Shoes,75.35,-63.5
Jordan,Apartment (1 bedroom) in City Centre,330.87,-63.5
Jordan,Apartment (1 bedroom) Outside of Centre,227.58,-63.5
Jordan,Apartment (3 bedrooms) in City Centre,585.27,-63.5
Jordan,Apartment (3 bedrooms) Outside of Centre,402.8,-63.5
Jordan,Price per Square Meter to Buy Apartment in City Centre,1108.25,-63.5
Jordan,Price per Square Meter to Buy Apartment Outside of Centre,714.12,-63.5
Jordan,Average Monthly Net Salary (After Tax),663.32,-63.5
Jordan,"Mortgage Interest Rate in Percentages (%), Yearly, for 20 Years Fixed-Rate",7.38,-63.5
Kazakhstan,"Meal, Inexpensive Restaurant",8.21,-43.4
Kazakhstan,"Meal for 2 People, Mid-range Restaurant, Three-course",30.77,-43.4
Kazakhstan,McMeal at McDonalds (or Equivalent Combo Meal),6.15,-43.4
Kazakhstan,Domestic Beer (0.5 liter draught),1.23,-43.4
Kazakhstan,Imported Beer (0.33 liter bottle),2.46,-43.4
Kazakhstan,Cappuccino (regular),2.13,-43.4
Kazakhstan,Coke/Pepsi (0.33 liter bottle),0.87,-43.4
Kazakhstan,Water (0.33 liter bottle),0.48,-43.4
Kazakhstan,"Milk (regular), (1 liter)",1.16,-43.4
Kazakhstan,Loaf of Fresh White Bread (500g),0.48,-43.4
Kazakhstan,"Rice (white), (1kg)",1.54,-43.4
Kazakhstan,Eggs (regular) (12),1.66,-43.4
Kazakhstan,Local Cheese (1kg),9.51,-43.4
Kazakhstan,Chicken Fillets (1kg),4.93,-43.4
Kazakhstan,Beef Round (1kg) (or Equivalent Back Leg Red Meat),7.43,-43.4
Kazakhstan,Apples (1kg),1.3,-43.4
Kazakhstan,Banana (1kg),1.96,-43.4
Kazakhstan,Oranges (1kg),2.11,-43.4
Kazakhstan,Tomato (1kg),1.91,-43.4
Kazakhstan,Potato (1kg),0.53,-43.4
Kazakhstan,Onion (1kg),0.44,-43.4
Kazakhstan,Lettuce (1 head),1.05,-43.4
Kazakhstan,Water (1.5 liter bottle),0.69,-43.4
Kazakhstan,Bottle of Wine (Mid-Range),7.18,-43.4
Kazakhstan,Domestic Beer (0.5 liter bottle),0.91,-43.4
Kazakhstan,Imported Beer (0.33 liter bottle),1.92,-43.4
Kazakhstan,Cigarettes 20 Pack (Marlboro),1.8,-43.4
Kazakhstan,One-way Ticket (Local Transport),0.23,-43.4
Kazakhstan,Monthly Pass (Regular Price),14.77,-43.4
Kazakhstan,Taxi Start (Normal Tariff),1.23,-43.4
Kazakhstan,Taxi 1km (Normal Tariff),0.62,-43.4
Kazakhstan,Taxi 1hour Waiting (Normal Tariff),4.92,-43.4
Kazakhstan,Gasoline (1 liter),0.49,-43.4
Kazakhstan,Volkswagen Golf 1.4 90 KW Trendline (Or Equivalent New Car),22566.19,-43.4
Kazakhstan,Toyota Corolla Sedan 1.6l 97kW Comfort (Or Equivalent New Car),26452.71,-43.4
Kazakhstan,"Basic (Electricity, Heating, Cooling, Water, Garbage) for 85m2 Apartment",57.27,-43.4
Kazakhstan,Mobile Phone Monthly Plan with Calls and 10GB+ Data,8.96,-43.4
Kazakhstan,"Internet (60 Mbps or More, Unlimited Data, Cable/ADSL)",12.9,-43.4
Kazakhstan,"Fitness Club, Monthly Fee for 1 Adult",46.09,-43.4
Kazakhstan,Tennis Court Rent (1 Hour on Weekend),15.78,-43.4
Kazakhstan,"Cinema, International Release, 1 Seat",5.13,-43.4
Kazakhstan,"Preschool (or Kindergarten), Full Day, Private, Monthly for 1 Child",236.38,-43.4
Kazakhstan,"International Primary School, Yearly for 1 Child",7869.81,-43.4
Kazakhstan,1 Pair of Jeans (Levis 501 Or Similar),76.46,-43.4
Kazakhstan,"1 Summer Dress in a Chain Store (Zara, H&M, ...)",43.86,-43.4
Kazakhstan,1 Pair of Nike Running Shoes (Mid-Range),103.48,-43.4
Kazakhstan,1 Pair of Men Leather Business Shoes,100.31,-43.4
Kazakhstan,Apartment (1 bedroom) in City Centre,502.07,-43.4
Kazakhstan,Apartment (1 bedroom) Outside of Centre,340.41,-43.4
Kazakhstan,Apartment (3 bedrooms) in City Centre,912.39,-43.4
Kazakhstan,Apartment (3 bedrooms) Outside of Centre,640.84,-43.4
Kazakhstan,Price per Square Meter to Buy Apartment in City Centre,1409.86,-43.4
Kazakhstan,Price per Square Meter to Buy Apartment Outside of Centre,904.9,-43.4
Kazakhstan,Average Monthly Net Salary (After Tax),583.8,-43.4
Kazakhstan,"Mortgage Interest Rate in Percentages (%), Yearly, for 20 Years Fixed-Rate",17.25,-43.4
Kenya,"Meal, Inexpensive Restaurant",3.87,-61.9
Kenya,"Meal for 2 People, Mid-range Restaurant, Three-course",30.94,-61.9
Kenya,McMeal at McDonalds (or Equivalent Combo Meal),6.19,-61.9
Kenya,Domestic Beer (0.5 liter draught),2.32,-61.9
Kenya,Imported Beer (0.33 liter bottle),3.09,-61.9
Kenya,Cappuccino (regular),2.28,-61.9
Kenya,Coke/Pepsi (0.33 liter bottle),0.66,-61.9
Kenya,Water (0.33 liter bottle),0.53,-61.9
Kenya,"Milk (regular), (1 liter)",0.81,-61.9
Kenya,Loaf of Fresh White Bread (500g),0.53,-61.9
Kenya,"Rice (white), (1kg)",1.47,-61.9
Kenya,Eggs (regular) (12),1.62,-61.9
Kenya,Local Cheese (1kg),10.45,-61.9
Kenya,Chicken Fillets (1kg),5.99,-61.9
Kenya,Beef Round (1kg) (or Equivalent Back Leg Red Meat),4.81,-61.9
Kenya,Apples (1kg),2.59,-61.9
Kenya,Banana (1kg),1.04,-61.9
Kenya,Oranges (1kg),1.75,-61.9
Kenya,Tomato (1kg),0.85,-61.9
Kenya,Potato (1kg),0.86,-61.9
Kenya,Onion (1kg),1.08,-61.9
Kenya,Lettuce (1 head),0.66,-61.9
Kenya,Water (1.5 liter bottle),0.66,-61.9
Kenya,Bottle of Wine (Mid-Range),11.6,-61.9
Kenya,Domestic Beer (0.5 liter bottle),2.0,-61.9
Kenya,Imported Beer (0.33 liter bottle),2.47,-61.9
Kenya,Cigarettes 20 Pack (Marlboro),2.9,-61.9
Kenya,One-way Ticket (Local Transport),0.77,-61.9
Kenya,Monthly Pass (Regular Price),32.29,-61.9
Kenya,Taxi Start (Normal Tariff),1.55,-61.9
Kenya,Taxi 1km (Normal Tariff),1.55,-61.9
Kenya,Taxi 1hour Waiting (Normal Tariff),3.09,-61.9
Kenya,Gasoline (1 liter),1.56,-61.9
Kenya,Volkswagen Golf 1.4 90 KW Trendline (Or Equivalent New Car),15471.39,-61.9
Kenya,Toyota Corolla Sedan 1.6l 97kW Comfort (Or Equivalent New Car),17184.29,-61.9
Kenya,"Basic (Electricity, Heating, Cooling, Water, Garbage) for 85m2 Apartment",27.91,-61.9
Kenya,Mobile Phone Monthly Plan with Calls and 10GB+ Data,14.66,-61.9
Kenya,"Internet (60 Mbps or More, Unlimited Data, Cable/ADSL)",41.98,-61.9
Kenya,"Fitness Club, Monthly Fee for 1 Adult",39.96,-61.9
Kenya,Tennis Court Rent (1 Hour on Weekend),17.2,-61.9
Kenya,"Cinema, International Release, 1 Seat",6.19,-61.9
Kenya,"Preschool (or Kindergarten), Full Day, Private, Monthly for 1 Child",147.62,-61.9
Kenya,"International Primary School, Yearly for 1 Child",7520.13,-61.9
Kenya,1 Pair of Jeans (Levis 501 Or Similar),14.91,-61.9
Kenya,"1 Summer Dress in a Chain Store (Zara, H&M, ...)",21.89,-61.9
Kenya,1 Pair of Nike Running Shoes (Mid-Range),50.02,-61.9
Kenya,1 Pair of Men Leather Business Shoes,45.83,-61.9
Kenya,Apartment (1 bedroom) in City Centre,276.3,-61.9
Kenya,Apartment (1 bedroom) Outside of Centre,137.86,-61.9
Kenya,Apartment (3 bedrooms) in City Centre,856.66,-61.9
Kenya,Apartment (3 bedrooms) Outside of Centre,343.94,-61.9
Kenya,Price per Square Meter to Buy Apartment in City Centre,1318.02,-61.9
Kenya,Price per Square Meter to Buy Apartment Outside of Centre,1385.83,-61.9
Kenya,Average Monthly Net Salary (After Tax),357.47,-61.9
Kenya,"Mortgage Interest Rate in Percentages (%), Yearly, for 20 Years Fixed-Rate",13.29,-61.9
Kiribati,"Meal, Inexpensive Restaurant",3.3,-5.9
Kiribati,"Meal for 2 People, Mid-range Restaurant, Three-course",26.36,-5.9
Kiribati,McMeal at McDonalds (or Equivalent Combo Meal),9.89,-5.9
Kiribati,Domestic Beer (0.5 liter draught),3.56,-5.9
Kiribati,Imported Beer (0.33 liter bottle),5.93,-5.9
Kiribati,Cappuccino (regular),2.97,-5.9
Kiribati,Coke/Pepsi (0.33 liter bottle),0.99,-5.9
Kiribati,Water (0.33 liter bottle),0.72,-5.9
Kiribati,"Milk (regular), (1 liter)",2.17,-5.9
Kiribati,Loaf of Fresh White Bread (500g),1.91,-5.9
Kiribati,"Rice (white), (1kg)",1.38,-5.9
Kiribati,Eggs (regular) (12),6.33,-5.9
Kiribati,Local Cheese (1kg),16.48,-5.9
Kiribati,Chicken Fillets (1kg),5.6,-5.9
Kiribati,Beef Round (1kg) (or Equivalent Back Leg Red Meat),18.45,-5.9
Kiribati,Apples (1kg),6.39,-5.9
Kiribati,Banana (1kg),3.3,-5.9
Kiribati,Oranges (1kg),6.92,-5.9
Kiribati,Tomato (1kg),7.91,-5.9
Kiribati,Potato (1kg),4.48,-5.9
Kiribati,Onion (1kg),4.94,-5.9
Kiribati,Lettuce (1 head),7.91,-5.9
Kiribati,Water (1.5 liter bottle),1.85,-5.9
Kiribati,Bottle of Wine (Mid-Range),12.52,-5.9
Kiribati,Domestic Beer (0.5 liter bottle),1.65,-5.9
Kiribati,Imported Beer (0.33 liter bottle),3.3,-5.9
Kiribati,Cigarettes 20 Pack (Marlboro),5.93,-5.9
Kiribati,One-way Ticket (Local Transport),1.65,-5.9
Kiribati,Monthly Pass (Regular Price),71.63,-5.9
Kiribati,Taxi Start (Normal Tariff),1.98,-5.9
Kiribati,Taxi 1km (Normal Tariff),7.91,-5.9
Kiribati,Taxi 1hour Waiting (Normal Tariff),39.18,-5.9
Kiribati,Gasoline (1 liter),1.91,-5.9
Kiribati,Volkswagen Golf 1.4 90 KW Trendline (Or Equivalent New Car),26361.21,-5.9
Kiribati,Toyota Corolla Sedan 1.6l 97kW Comfort (Or Equivalent New Car),23066.06,-5.9
Kiribati,"Basic (Electricity, Heating, Cooling, Water, Garbage) for 85m2 Apartment",296.56,-5.9
Kiribati,Mobile Phone Monthly Plan with Calls and 10GB+ Data,49.43,-5.9
Kiribati,"Internet (60 Mbps or More, Unlimited Data, Cable/ADSL)",3.3,-5.9
Kiribati,"Fitness Club, Monthly Fee for 1 Adult",0.0,-5.9
Kiribati,Tennis Court Rent (1 Hour on Weekend),0.0,-5.9
Kiribati,"Cinema, International Release, 1 Seat",0.0,-5.9
Kiribati,"Preschool (or Kindergarten), Full Day, Private, Monthly for 1 Child",257.02,-5.9
Kiribati,"International Primary School, Yearly for 1 Child",362.47,-5.9
Kiribati,1 Pair of Jeans (Levis 501 Or Similar),49.43,-5.9
Kiribati,"1 Summer Dress in a Chain Store (Zara, H&M, ...)",49.43,-5.9
Kiribati,1 Pair of Nike Running Shoes (Mid-Range),79.08,-5.9
Kiribati,1 Pair of Men Leather Business Shoes,59.31,-5.9
Kiribati,Apartment (1 bedroom) in City Centre,790.84,-5.9
Kiribati,Apartment (1 bedroom) Outside of Centre,560.18,-5.9
Kiribati,Apartment (3 bedrooms) in City Centre,1383.96,-5.9
Kiribati,Apartment (3 bedrooms) Outside of Centre,1252.16,-5.9
Kiribati,Price per Square Meter to Buy Apartment in City Centre,0.0,-5.9
Kiribati,Price per Square Meter to Buy Apartment Outside of Centre,0.0,-5.9
Kiribati,Average Monthly Net Salary (After Tax),5931.27,-5.9
Kiribati,"Mortgage Interest Rate in Percentages (%), Yearly, for 20 Years Fixed-Rate",13.0,-5.9
Kosovo (Disputed Territory),"Meal, Inexpensive Restaurant",5.39,-64.6
Kosovo (Disputed Territory),"Meal for 2 People, Mid-range Restaurant, Three-course",21.58,-64.6
Kosovo (Disputed Territory),McMeal at McDonalds (or Equivalent Combo Meal),6.04,-64.6
Kosovo (Disputed Territory),Domestic Beer (0.5 liter draught),2.16,-64.6
Kosovo (Disputed Territory),Imported Beer (0.33 liter bottle),2.16,-64.6
Kosovo (Disputed Territory),Cappuccino (regular),1.3,-64.6
Kosovo (Disputed Territory),Coke/Pepsi (0.33 liter bottle),1.16,-64.6
Kosovo (Disputed Territory),Water (0.33 liter bottle),0.96,-64.6
Kosovo (Disputed Territory),"Milk (regular), (1 liter)",1.28,-64.6
Kosovo (Disputed Territory),Loaf of Fresh White Bread (500g),0.59,-64.6
Kosovo (Disputed Territory),"Rice (white), (1kg)",1.37,-64.6
Kosovo (Disputed Territory),Eggs (regular) (12),1.6,-64.6
Kosovo (Disputed Territory),Local Cheese (1kg),5.82,-64.6
Kosovo (Disputed Territory),Chicken Fillets (1kg),4.92,-64.6
Kosovo (Disputed Territory),Beef Round (1kg) (or Equivalent Back Leg Red Meat),9.61,-64.6
Kosovo (Disputed Territory),Apples (1kg),1.16,-64.6
Kosovo (Disputed Territory),Banana (1kg),1.57,-64.6
Kosovo (Disputed Territory),Oranges (1kg),1.26,-64.6
Kosovo (Disputed Territory),Tomato (1kg),1.16,-64.6
Kosovo (Disputed Territory),Potato (1kg),0.87,-64.6
Kosovo (Disputed Territory),Onion (1kg),0.85,-64.6
Kosovo (Disputed Territory),Lettuce (1 head),0.76,-64.6
Kosovo (Disputed Territory),Water (1.5 liter bottle),0.54,-64.6
Kosovo (Disputed Territory),Bottle of Wine (Mid-Range),5.39,-64.6
Kosovo (Disputed Territory),Domestic Beer (0.5 liter bottle),0.97,-64.6
Kosovo (Disputed Territory),Imported Beer (0.33 liter bottle),1.44,-64.6
Kosovo (Disputed Territory),Cigarettes 20 Pack (Marlboro),3.24,-64.6
Kosovo (Disputed Territory),One-way Ticket (Local Transport),0.54,-64.6
Kosovo (Disputed Territory),Monthly Pass (Regular Price),15.1,-64.6
Kosovo (Disputed Territory),Taxi Start (Normal Tariff),2.16,-64.6
Kosovo (Disputed Territory),Taxi 1km (Normal Tariff),0.92,-64.6
Kosovo (Disputed Territory),Taxi 1hour Waiting (Normal Tariff),6.47,-64.6
Kosovo (Disputed Territory),Gasoline (1 liter),1.56,-64.6
Kosovo (Disputed Territory),Volkswagen Golf 1.4 90 KW Trendline (Or Equivalent New Car),21575.46,-64.6
Kosovo (Disputed Territory),Toyota Corolla Sedan 1.6l 97kW Comfort (Or Equivalent New Car),21215.69,-64.6
Kosovo (Disputed Territory),"Basic (Electricity, Heating, Cooling, Water, Garbage) for 85m2 Apartment",89.71,-64.6
Kosovo (Disputed Territory),Mobile Phone Monthly Plan with Calls and 10GB+ Data,10.24,-64.6
Kosovo (Disputed Territory),"Internet (60 Mbps or More, Unlimited Data, Cable/ADSL)",21.01,-64.6
Kosovo (Disputed Territory),"Fitness Club, Monthly Fee for 1 Adult",22.75,-64.6
Kosovo (Disputed Territory),Tennis Court Rent (1 Hour on Weekend),9.71,-64.6
Kosovo (Disputed Territory),"Cinema, International Release, 1 Seat",4.32,-64.6
Kosovo (Disputed Territory),"Preschool (or Kindergarten), Full Day, Private, Monthly for 1 Child",142.94,-64.6
Kosovo (Disputed Territory),"International Primary School, Yearly for 1 Child",3452.07,-64.6
Kosovo (Disputed Territory),1 Pair of Jeans (Levis 501 Or Similar),47.33,-64.6
Kosovo (Disputed Territory),"1 Summer Dress in a Chain Store (Zara, H&M, ...)",31.0,-64.6
Kosovo (Disputed Territory),1 Pair of Nike Running Shoes (Mid-Range),81.57,-64.6
Kosovo (Disputed Territory),1 Pair of Men Leather Business Shoes,120.19,-64.6
Kosovo (Disputed Territory),Apartment (1 bedroom) in City Centre,317.58,-64.6
Kosovo (Disputed Territory),Apartment (1 bedroom) Outside of Centre,245.33,-64.6
Kosovo (Disputed Territory),Apartment (3 bedrooms) in City Centre,545.99,-64.6
Kosovo (Disputed Territory),Apartment (3 bedrooms) Outside of Centre,389.84,-64.6
Kosovo (Disputed Territory),Price per Square Meter to Buy Apartment in City Centre,1732.93,-64.6
Kosovo (Disputed Territory),Price per Square Meter to Buy Apartment Outside of Centre,1058.27,-64.6
Kosovo (Disputed Territory),Average Monthly Net Salary (After Tax),507.22,-64.6
Kosovo (Disputed Territory),"Mortgage Interest Rate in Percentages (%), Yearly, for 20 Years Fixed-Rate",4.2,-64.6
Kuwait,"Meal, Inexpensive Restaurant",6.53,7.8
Kuwait,"Meal for 2 People, Mid-range Restaurant, Three-course",52.24,7.8
Kuwait,McMeal at McDonalds (or Equivalent Combo Meal),8.16,7.8
Kuwait,Domestic Non-Alcoholic Beer (0.5 liter draught),2.45,7.8
Kuwait,Imported Non-Alcoholic Beer (0.33 liter bottle),2.45,7.8
Kuwait,Cappuccino (regular),5.34,7.8
Kuwait,Coke/Pepsi (0.33 liter bottle),0.54,7.8
Kuwait,Water (0.33 liter bottle),0.42,7.8
Kuwait,"Milk (regular), (1 liter)",1.51,7.8
Kuwait,Loaf of Fresh White Bread (500g),1.05,7.8
Kuwait,"Rice (white), (1kg)",1.85,7.8
Kuwait,Eggs (regular) (12),2.32,7.8
Kuwait,Local Cheese (1kg),5.44,7.8
Kuwait,Chicken Fillets (1kg),6.1,7.8
Kuwait,Beef Round (1kg) (or Equivalent Back Leg Red Meat),10.34,7.8
Kuwait,Apples (1kg),2.23,7.8
Kuwait,Banana (1kg),1.77,7.8
Kuwait,Oranges (1kg),1.7,7.8
Kuwait,Tomato (1kg),1.56,7.8
Kuwait,Potato (1kg),1.17,7.8
Kuwait,Onion (1kg),0.94,7.8
Kuwait,Lettuce (1 head),1.74,7.8
Kuwait,Water (1.5 liter bottle),0.48,7.8
Kuwait,Bottle of Non-Alcoholic Wine (Mid-Range),3.26,7.8
Kuwait,Domestic Non-Alcoholic Beer (0.5 liter bottle),1.28,7.8
Kuwait,Imported Non-Alcoholic Beer (0.33 liter bottle),1.59,7.8
Kuwait,Cigarettes 20 Pack (Marlboro),3.26,7.8
Kuwait,One-way Ticket (Local Transport),0.98,7.8
Kuwait,Monthly Pass (Regular Price),48.97,7.8
Kuwait,Taxi Start (Normal Tariff),3.26,7.8
Kuwait,Taxi 1km (Normal Tariff),3.26,7.8
Kuwait,Taxi 1hour Waiting (Normal Tariff),16.32,7.8
Kuwait,Gasoline (1 liter),0.34,7.8
Kuwait,Volkswagen Golf 1.4 90 KW Trendline (Or Equivalent New Car),22201.62,7.8
Kuwait,Toyota Corolla Sedan 1.6l 97kW Comfort (Or Equivalent New Car),19146.01,7.8
Kuwait,"Basic (Electricity, Heating, Cooling, Water, Garbage) for 85m2 Apartment",53.01,7.8
Kuwait,Mobile Phone Monthly Plan with Calls and 10GB+ Data,20.15,7.8
Kuwait,"Internet (60 Mbps or More, Unlimited Data, Cable/ADSL)",30.62,7.8
Kuwait,"Fitness Club, Monthly Fee for 1 Adult",103.21,7.8
Kuwait,Tennis Court Rent (1 Hour on Weekend),46.48,7.8
Kuwait,"Cinema, International Release, 1 Seat",11.43,7.8
Kuwait,"Preschool (or Kindergarten), Full Day, Private, Monthly for 1 Child",406.54,7.8
Kuwait,"International Primary School, Yearly for 1 Child",5854.64,7.8
Kuwait,1 Pair of Jeans (Levis 501 Or Similar),44.86,7.8
Kuwait,"1 Summer Dress in a Chain Store (Zara, H&M, ...)",51.1,7.8
Kuwait,1 Pair of Nike Running Shoes (Mid-Range),94.39,7.8
Kuwait,1 Pair of Men Leather Business Shoes,97.21,7.8
Kuwait,Apartment (1 bedroom) in City Centre,842.36,7.8
Kuwait,Apartment (1 bedroom) Outside of Centre,653.87,7.8
Kuwait,Apartment (3 bedrooms) in City Centre,1709.9,7.8
Kuwait,Apartment (3 bedrooms) Outside of Centre,1358.04,7.8
Kuwait,Price per Square Meter to Buy Apartment in City Centre,5428.9,7.8
Kuwait,Price per Square Meter to Buy Apartment Outside of Centre,3031.71,7.8
Kuwait,Average Monthly Net Salary (After Tax),3029.39,7.8
Kuwait,"Mortgage Interest Rate in Percentages (%), Yearly, for 20 Years Fixed-Rate",5.29,7.8
Kyrgyzstan,"Meal, Inexpensive Restaurant",5.83,-46.8
Kyrgyzstan,"Meal for 2 People, Mid-range Restaurant, Three-course",17.48,-46.8
Kyrgyzstan,McMeal at McDonalds (or Equivalent Combo Meal),5.68,-46.8
Kyrgyzstan,Domestic Beer (0.5 liter draught),1.17,-46.8
Kyrgyzstan,Imported Beer (0.33 liter bottle),1.86,-46.8
Kyrgyzstan,Cappuccino (regular),2.04,-46.8
Kyrgyzstan,Coke/Pepsi (0.33 liter bottle),0.66,-46.8
Kyrgyzstan,Water (0.33 liter bottle),0.32,-46.8
Kyrgyzstan,"Milk (regular), (1 liter)",0.86,-46.8
Kyrgyzstan,Loaf of Fresh White Bread (500g),0.46,-46.8
Kyrgyzstan,"Rice (white), (1kg)",1.65,-46.8
Kyrgyzstan,Eggs (regular) (12),1.74,-46.8
Kyrgyzstan,Local Cheese (1kg),9.48,-46.8
Kyrgyzstan,Chicken Fillets (1kg),5.17,-46.8
Kyrgyzstan,Beef Round (1kg) (or Equivalent Back Leg Red Meat),7.32,-46.8
Kyrgyzstan,Apples (1kg),1.01,-46.8
Kyrgyzstan,Banana (1kg),1.86,-46.8
Kyrgyzstan,Oranges (1kg),2.04,-46.8
Kyrgyzstan,Tomato (1kg),1.85,-46.8
Kyrgyzstan,Potato (1kg),0.51,-46.8
Kyrgyzstan,Onion (1kg),0.53,-46.8
Kyrgyzstan,Lettuce (1 head),0.4,-46.8
Kyrgyzstan,Water (1.5 liter bottle),0.48,-46.8
Kyrgyzstan,Bottle of Wine (Mid-Range),6.12,-46.8
Kyrgyzstan,Domestic Beer (0.5 liter bottle),1.05,-46.8
Kyrgyzstan,Imported Beer (0.33 liter bottle),1.82,-46.8
Kyrgyzstan,Cigarettes 20 Pack (Marlboro),1.57,-46.8
Kyrgyzstan,One-way Ticket (Local Transport),0.2,-46.8
Kyrgyzstan,Monthly Pass (Regular Price),7.58,-46.8
Kyrgyzstan,Taxi Start (Normal Tariff),1.4,-46.8
Kyrgyzstan,Taxi 1km (Normal Tariff),0.29,-46.8
Kyrgyzstan,Taxi 1hour Waiting (Normal Tariff),3.5,-46.8
Kyrgyzstan,Gasoline (1 liter),0.77,-46.8
Kyrgyzstan,Volkswagen Golf 1.4 90 KW Trendline (Or Equivalent New Car),34999.91,-46.8
Kyrgyzstan,Toyota Corolla Sedan 1.6l 97kW Comfort (Or Equivalent New Car),25202.99,-46.8
Kyrgyzstan,"Basic (Electricity, Heating, Cooling, Water, Garbage) for 85m2 Apartment",32.16,-46.8
Kyrgyzstan,Mobile Phone Monthly Plan with Calls and 10GB+ Data,7.21,-46.8
Kyrgyzstan,"Internet (60 Mbps or More, Unlimited Data, Cable/ADSL)",12.0,-46.8
Kyrgyzstan,"Fitness Club, Monthly Fee for 1 Adult",41.07,-46.8
Kyrgyzstan,Tennis Court Rent (1 Hour on Weekend),20.2,-46.8
Kyrgyzstan,"Cinema, International Release, 1 Seat",4.08,-46.8
Kyrgyzstan,"Preschool (or Kindergarten), Full Day, Private, Monthly for 1 Child",231.09,-46.8
Kyrgyzstan,"International Primary School, Yearly for 1 Child",5143.07,-46.8
Kyrgyzstan,1 Pair of Jeans (Levis 501 Or Similar),37.88,-46.8
Kyrgyzstan,"1 Summer Dress in a Chain Store (Zara, H&M, ...)",37.61,-46.8
Kyrgyzstan,1 Pair of Nike Running Shoes (Mid-Range),100.52,-46.8
Kyrgyzstan,1 Pair of Men Leather Business Shoes,83.04,-46.8
Kyrgyzstan,Apartment (1 bedroom) in City Centre,469.1,-46.8
Kyrgyzstan,Apartment (1 bedroom) Outside of Centre,347.04,-46.8
Kyrgyzstan,Apartment (3 bedrooms) in City Centre,848.22,-46.8
Kyrgyzstan,Apartment (3 bedrooms) Outside of Centre,587.08,-46.8
Kyrgyzstan,Price per Square Meter to Buy Apartment in City Centre,1087.85,-46.8
Kyrgyzstan,Price per Square Meter to Buy Apartment Outside of Centre,739.7,-46.8
Kyrgyzstan,Average Monthly Net Salary (After Tax),352.55,-46.8
Kyrgyzstan,"Mortgage Interest Rate in Percentages (%), Yearly, for 20 Years Fixed-Rate",18.83,-46.8
Laos,"Meal, Inexpensive Restaurant",1.91,-9.0
Laos,"Meal for 2 People, Mid-range Restaurant, Three-course",19.09,-9.0
Laos,McMeal at McDonalds (or Equivalent Combo Meal),3.5,-9.0
Laos,Domestic Beer (0.5 liter draught),1.14,-9.0
Laos,Imported Beer (0.33 liter bottle),2.04,-9.0
Laos,Cappuccino (regular),1.55,-9.0
Laos,Coke/Pepsi (0.33 liter bottle),0.69,-9.0
Laos,Water (0.33 liter bottle),0.47,-9.0
Laos,"Milk (regular), (1 liter)",1.7,-9.0
Laos,Loaf of Fresh White Bread (500g),0.95,-9.0
Laos,"Rice (white), (1kg)",1.02,-9.0
Laos,Eggs (regular) (12),1.89,-9.0
Laos,Local Cheese (1kg),23.66,-9.0
Laos,Chicken Fillets (1kg),5.61,-9.0
Laos,Beef Round (1kg) (or Equivalent Back Leg Red Meat),6.06,-9.0
Laos,Apples (1kg),1.8,-9.0
Laos,Banana (1kg),1.37,-9.0
Laos,Oranges (1kg),2.08,-9.0
Laos,Tomato (1kg),2.35,-9.0
Laos,Potato (1kg),1.57,-9.0
Laos,Onion (1kg),1.04,-9.0
Laos,Lettuce (1 head),1.28,-9.0
Laos,Water (1.5 liter bottle),0.5,-9.0
Laos,Bottle of Wine (Mid-Range),10.9,-9.0
Laos,Domestic Beer (0.5 liter bottle),1.04,-9.0
Laos,Imported Beer (0.33 liter bottle),1.16,-9.0
Laos,Cigarettes 20 Pack (Marlboro),2.0,-9.0
Laos,One-way Ticket (Local Transport),0.58,-9.0
Laos,Monthly Pass (Regular Price),58.64,-9.0
Laos,Taxi Start (Normal Tariff),2.0,-9.0
Laos,Taxi 1km (Normal Tariff),1.16,-9.0
Laos,Taxi 1hour Waiting (Normal Tariff),4.54,-9.0
Laos,Gasoline (1 liter),1.26,-9.0
Laos,Volkswagen Golf 1.4 90 KW Trendline (Or Equivalent New Car),29035.97,-9.0
Laos,Toyota Corolla Sedan 1.6l 97kW Comfort (Or Equivalent New Car),29137.45,-9.0
Laos,"Basic (Electricity, Heating, Cooling, Water, Garbage) for 85m2 Apartment",84.18,-9.0
Laos,Mobile Phone Monthly Plan with Calls and 10GB+ Data,25.81,-9.0
Laos,"Internet (60 Mbps or More, Unlimited Data, Cable/ADSL)",11.21,-9.0
Laos,"Fitness Club, Monthly Fee for 1 Adult",58.27,-9.0
Laos,Tennis Court Rent (1 Hour on Weekend),7.87,-9.0
Laos,"Cinema, International Release, 1 Seat",2.5,-9.0
Laos,"Preschool (or Kindergarten), Full Day, Private, Monthly for 1 Child",306.2,-9.0
Laos,"International Primary School, Yearly for 1 Child",9263.67,-9.0
Laos,1 Pair of Jeans (Levis 501 Or Similar),91.52,-9.0
Laos,"1 Summer Dress in a Chain Store (Zara, H&M, ...)",63.11,-9.0
Laos,1 Pair of Nike Running Shoes (Mid-Range),74.13,-9.0
Laos,1 Pair of Men Leather Business Shoes,52.49,-9.0
Laos,Apartment (1 bedroom) in City Centre,843.07,-9.0
Laos,Apartment (1 bedroom) Outside of Centre,644.22,-9.0
Laos,Apartment (3 bedrooms) in City Centre,1255.01,-9.0
Laos,Apartment (3 bedrooms) Outside of Centre,1110.08,-9.0
Laos,Price per Square Meter to Buy Apartment in City Centre,2211.2,-9.0
Laos,Price per Square Meter to Buy Apartment Outside of Centre,84.65,-9.0
Laos,Average Monthly Net Salary (After Tax),452.38,-9.0
Laos,"Mortgage Interest Rate in Percentages (%), Yearly, for 20 Years Fixed-Rate",10.12,-9.0
Latvia,"Meal, Inexpensive Restaurant",10.79,-46.7
Latvia,"Meal for 2 People, Mid-range Restaurant, Three-course",64.73,-46.7
Latvia,McMeal at McDonalds (or Equivalent Combo Meal),7.55,-46.7
Latvia,Domestic Beer (0.5 liter draught),4.32,-46.7
Latvia,Imported Beer (0.33 liter bottle),3.99,-46.7
Latvia,Cappuccino (regular),3.16,-46.7
Latvia,Coke/Pepsi (0.33 liter bottle),1.53,-46.7
Latvia,Water (0.33 liter bottle),1.18,-46.7
Latvia,"Milk (regular), (1 liter)",1.25,-46.7
Latvia,Loaf of Fresh White Bread (500g),1.48,-46.7
Latvia,"Rice (white), (1kg)",2.84,-46.7
Latvia,Eggs (regular) (12),2.79,-46.7
Latvia,Local Cheese (1kg),10.98,-46.7
Latvia,Chicken Fillets (1kg),7.12,-46.7
Latvia,Beef Round (1kg) (or Equivalent Back Leg Red Meat),11.1,-46.7
Latvia,Apples (1kg),1.44,-46.7
Latvia,Banana (1kg),1.76,-46.7
Latvia,Oranges (1kg),2.38,-46.7
Latvia,Tomato (1kg),3.31,-46.7
Latvia,Potato (1kg),0.87,-46.7
Latvia,Onion (1kg),0.97,-46.7
Latvia,Lettuce (1 head),1.56,-46.7
Latvia,Water (1.5 liter bottle),0.83,-46.7
Latvia,Bottle of Wine (Mid-Range),7.55,-46.7
Latvia,Domestic Beer (0.5 liter bottle),1.68,-46.7
Latvia,Imported Beer (0.33 liter bottle),1.95,-46.7
Latvia,Cigarettes 20 Pack (Marlboro),5.26,-46.7
Latvia,One-way Ticket (Local Transport),1.62,-46.7
Latvia,Monthly Pass (Regular Price),32.36,-46.7
Latvia,Taxi Start (Normal Tariff),2.18,-46.7
Latvia,Taxi 1km (Normal Tariff),0.84,-46.7
Latvia,Taxi 1hour Waiting (Normal Tariff),10.79,-46.7
Latvia,Gasoline (1 liter),1.82,-46.7
Latvia,Volkswagen Golf 1.4 90 KW Trendline (Or Equivalent New Car),25674.8,-46.7
Latvia,Toyota Corolla Sedan 1.6l 97kW Comfort (Or Equivalent New Car),27599.87,-46.7
Latvia,"Basic (Electricity, Heating, Cooling, Water, Garbage) for 85m2 Apartment",299.01,-46.7
Latvia,Mobile Phone Monthly Plan with Calls and 10GB+ Data,18.79,-46.7
Latvia,"Internet (60 Mbps or More, Unlimited Data, Cable/ADSL)",17.32,-46.7
Latvia,"Fitness Club, Monthly Fee for 1 Adult",43.46,-46.7
Latvia,Tennis Court Rent (1 Hour on Weekend),27.48,-46.7
Latvia,"Cinema, International Release, 1 Seat",10.79,-46.7
Latvia,"Preschool (or Kindergarten), Full Day, Private, Monthly for 1 Child",485.99,-46.7
Latvia,"International Primary School, Yearly for 1 Child",13299.73,-46.7
Latvia,1 Pair of Jeans (Levis 501 Or Similar),84.85,-46.7
Latvia,"1 Summer Dress in a Chain Store (Zara, H&M, ...)",45.79,-46.7
Latvia,1 Pair of Nike Running Shoes (Mid-Range),89.1,-46.7
Latvia,1 Pair of Men Leather Business Shoes,123.68,-46.7
Latvia,Apartment (1 bedroom) in City Centre,466.45,-46.7
Latvia,Apartment (1 bedroom) Outside of Centre,340.77,-46.7
Latvia,Apartment (3 bedrooms) in City Centre,871.32,-46.7
Latvia,Apartment (3 bedrooms) Outside of Centre,579.98,-46.7
Latvia,Price per Square Meter to Buy Apartment in City Centre,2592.46,-46.7
Latvia,Price per Square Meter to Buy Apartment Outside of Centre,1586.31,-46.7
Latvia,Average Monthly Net Salary (After Tax),1214.61,-46.7
Latvia,"Mortgage Interest Rate in Percentages (%), Yearly, for 20 Years Fixed-Rate",4.38,-46.7
Lebanon,"Meal, Inexpensive Restaurant",10.0,-36.8
Lebanon,"Meal for 2 People, Mid-range Restaurant, Three-course",50.0,-36.8
Lebanon,McMeal at McDonalds (or Equivalent Combo Meal),7.93,-36.8
Lebanon,Domestic Beer (0.5 liter draught),3.0,-36.8
Lebanon,Imported Beer (0.33 liter bottle),5.0,-36.8
Lebanon,Cappuccino (regular),2.65,-36.8
Lebanon,Coke/Pepsi (0.33 liter bottle),1.46,-36.8
Lebanon,Water (0.33 liter bottle),1.05,-36.8
Lebanon,"Milk (regular), (1 liter)",1.64,-36.8
Lebanon,Loaf of Fresh White Bread (500g),0.73,-36.8
Lebanon,"Rice (white), (1kg)",1.6,-36.8
Lebanon,Eggs (regular) (12),2.39,-36.8
Lebanon,Local Cheese (1kg),9.54,-36.8
Lebanon,Chicken Fillets (1kg),7.33,-36.8
Lebanon,Beef Round (1kg) (or Equivalent Back Leg Red Meat),10.76,-36.8
Lebanon,Apples (1kg),1.39,-36.8
Lebanon,Banana (1kg),1.16,-36.8
Lebanon,Oranges (1kg),0.9,-36.8
Lebanon,Tomato (1kg),0.96,-36.8
Lebanon,Potato (1kg),0.78,-36.8
Lebanon,Onion (1kg),0.9,-36.8
Lebanon,Lettuce (1 head),0.71,-36.8
Lebanon,Water (1.5 liter bottle),0.43,-36.8
Lebanon,Bottle of Wine (Mid-Range),6.0,-36.8
Lebanon,Domestic Beer (0.5 liter bottle),1.16,-36.8
Lebanon,Imported Beer (0.33 liter bottle),1.78,-36.8
Lebanon,Cigarettes 20 Pack (Marlboro),2.08,-36.8
Lebanon,One-way Ticket (Local Transport),1.5,-36.8
Lebanon,Monthly Pass (Regular Price),70.0,-36.8
Lebanon,Taxi Start (Normal Tariff),4.25,-36.8
Lebanon,Taxi 1km (Normal Tariff),1.0,-36.8
Lebanon,Taxi 1hour Waiting (Normal Tariff),25.0,-36.8
Lebanon,Gasoline (1 liter),0.93,-36.8
Lebanon,Volkswagen Golf 1.4 90 KW Trendline (Or Equivalent New Car),25000.0,-36.8
Lebanon,Toyota Corolla Sedan 1.6l 97kW Comfort (Or Equivalent New Car),21000.0,-36.8
Lebanon,"Basic (Electricity, Heating, Cooling, Water, Garbage) for 85m2 Apartment",189.22,-36.8
Lebanon,Mobile Phone Monthly Plan with Calls and 10GB+ Data,35.27,-36.8
Lebanon,"Internet (60 Mbps or More, Unlimited Data, Cable/ADSL)",35.81,-36.8
Lebanon,"Fitness Club, Monthly Fee for 1 Adult",46.58,-36.8
Lebanon,Tennis Court Rent (1 Hour on Weekend),22.08,-36.8
Lebanon,"Cinema, International Release, 1 Seat",6.0,-36.8
Lebanon,"Preschool (or Kindergarten), Full Day, Private, Monthly for 1 Child",249.24,-36.8
Lebanon,"International Primary School, Yearly for 1 Child",3707.69,-36.8
Lebanon,1 Pair of Jeans (Levis 501 Or Similar),57.83,-36.8
Lebanon,"1 Summer Dress in a Chain Store (Zara, H&M, ...)",57.73,-36.8
Lebanon,1 Pair of Nike Running Shoes (Mid-Range),98.33,-36.8
Lebanon,1 Pair of Men Leather Business Shoes,97.5,-36.8
Lebanon,Apartment (1 bedroom) in City Centre,577.2,-36.8
Lebanon,Apartment (1 bedroom) Outside of Centre,295.83,-36.8
Lebanon,Apartment (3 bedrooms) in City Centre,1211.36,-36.8
Lebanon,Apartment (3 bedrooms) Outside of Centre,590.91,-36.8
Lebanon,Price per Square Meter to Buy Apartment in City Centre,2361.54,-36.8
Lebanon,Price per Square Meter to Buy Apartment Outside of Centre,1043.75,-36.8
Lebanon,Average Monthly Net Salary (After Tax),497.62,-36.8
Lebanon,"Mortgage Interest Rate in Percentages (%), Yearly, for 20 Years Fixed-Rate",11.03,-36.8
Lesotho,"Meal, Inexpensive Restaurant",7.34,
Lesotho,"Meal for 2 People, Mid-range Restaurant, Three-course",22.61,
Lesotho,McMeal at McDonalds (or Equivalent Combo Meal),9.89,
Lesotho,Domestic Beer (0.5 liter draught),1.7,
Lesotho,Imported Beer (0.33 liter bottle),1.98,
Lesotho,Cappuccino (regular),1.41,
Lesotho,Coke/Pepsi (0.33 liter bottle),0.96,
Lesotho,Water (0.33 liter bottle),0.55,
Lesotho,"Milk (regular), (1 liter)",0.96,
Lesotho,Loaf of Fresh White Bread (500g),0.82,
Lesotho,"Rice (white), (1kg)",1.62,
Lesotho,Eggs (regular) (12),1.26,
Lesotho,Local Cheese (1kg),5.27,
Lesotho,Chicken Fillets (1kg),6.77,
Lesotho,Beef Round (1kg) (or Equivalent Back Leg Red Meat),4.8,
Lesotho,Apples (1kg),1.51,
Lesotho,Banana (1kg),2.0,
Lesotho,Oranges (1kg),2.45,
Lesotho,Tomato (1kg),2.07,
Lesotho,Potato (1kg),1.66,
Lesotho,Onion (1kg),1.73,
Lesotho,Lettuce (1 head),1.45,
Lesotho,Water (1.5 liter bottle),0.85,
Lesotho,Bottle of Wine (Mid-Range),6.21,
Lesotho,Domestic Beer (0.5 liter bottle),1.57,
Lesotho,Imported Beer (0.33 liter bottle),1.55,
Lesotho,Cigarettes 20 Pack (Marlboro),4.8,
Lesotho,One-way Ticket (Local Transport),0.73,
Lesotho,Monthly Pass (Regular Price),28.23,
Lesotho,Taxi Start (Normal Tariff),0.73,
Lesotho,Taxi 1km (Normal Tariff),0.68,
Lesotho,Taxi 1hour Waiting (Normal Tariff),10.16,
Lesotho,Gasoline (1 liter),1.25,
Lesotho,Volkswagen Golf 1.4 90 KW Trendline (Or Equivalent New Car),19758.73,
Lesotho,Toyota Corolla Sedan 1.6l 97kW Comfort (Or Equivalent New Car),15242.45,
Lesotho,"Basic (Electricity, Heating, Cooling, Water, Garbage) for 85m2 Apartment",197.85,
Lesotho,Mobile Phone Monthly Plan with Calls and 10GB+ Data,11.68,
Lesotho,"Internet (60 Mbps or More, Unlimited Data, Cable/ADSL)",26.36,
Lesotho,"Fitness Club, Monthly Fee for 1 Adult",30.36,
Lesotho,Tennis Court Rent (1 Hour on Weekend),0.0,
Lesotho,"Cinema, International Release, 1 Seat",,
Lesotho,"Preschool (or Kindergarten), Full Day, Private, Monthly for 1 Child",58.39,
Lesotho,"International Primary School, Yearly for 1 Child",1355.38,
Lesotho,1 Pair of Jeans (Levis 501 Or Similar),62.14,
Lesotho,"1 Summer Dress in a Chain Store (Zara, H&M, ...)",39.52,
Lesotho,1 Pair of Nike Running Shoes (Mid-Range),112.94,
Lesotho,1 Pair of Men Leather Business Shoes,131.77,
Lesotho,Apartment (1 bedroom) in City Centre,150.57,
Lesotho,Apartment (1 bedroom) Outside of Centre,79.05,
Lesotho,Apartment (3 bedrooms) in City Centre,225.88,
Lesotho,Apartment (3 bedrooms) Outside of Centre,131.76,
Lesotho,Price per Square Meter to Buy Apartment in City Centre,358.4,
Lesotho,Price per Square Meter to Buy Apartment Outside of Centre,485.33,
Lesotho,Average Monthly Net Salary (After Tax),684.36,
Lesotho,"Mortgage Interest Rate in Percentages (%), Yearly, for 20 Years Fixed-Rate",8.75,
Liberia,"Meal, Inexpensive Restaurant",8.25,-33.2
Liberia,"Meal for 2 People, Mid-range Restaurant, Three-course",150.0,-33.2
Liberia,McMeal at McDonalds (or Equivalent Combo Meal),11.0,-33.2
Liberia,Domestic Beer (0.5 liter draught),2.5,-33.2
Liberia,Imported Beer (0.33 liter bottle),3.0,-33.2
Liberia,Cappuccino (regular),3.12,-33.2
Liberia,Coke/Pepsi (0.33 liter bottle),1.88,-33.2
Liberia,Water (0.33 liter bottle),2.5,-33.2
Liberia,"Milk (regular), (1 liter)",1.61,-33.2
Liberia,Loaf of Fresh White Bread (500g),1.65,-33.2
Liberia,"Rice (white), (1kg)",4.03,-33.2
Liberia,Eggs (regular) (12),3.63,-33.2
Liberia,Local Cheese (1kg),11.81,-33.2
Liberia,Chicken Fillets (1kg),9.87,-33.2
Liberia,Beef Round (1kg) (or Equivalent Back Leg Red Meat),35.64,-33.2
Liberia,Apples (1kg),2.4,-33.2
Liberia,Banana (1kg),5.15,-33.2
Liberia,Oranges (1kg),5.96,-33.2
Liberia,Tomato (1kg),6.05,-33.2
Liberia,Potato (1kg),2.5,-33.2
Liberia,Onion (1kg),5.59,-33.2
Liberia,Lettuce (1 head),4.0,-33.2
Liberia,Water (1.5 liter bottle),1.38,-33.2
Liberia,Bottle of Wine (Mid-Range),6.5,-33.2
Liberia,Domestic Beer (0.5 liter bottle),2.46,-33.2
Liberia,Imported Beer (0.33 liter bottle),2.92,-33.2
Liberia,Cigarettes 20 Pack (Marlboro),5.0,-33.2
Liberia,One-way Ticket (Local Transport),3.0,-33.2
Liberia,Monthly Pass (Regular Price),12.59,-33.2
Liberia,Taxi Start (Normal Tariff),2.75,-33.2
Liberia,Taxi 1km (Normal Tariff),1.24,-33.2
Liberia,Taxi 1hour Waiting (Normal Tariff),17.5,-33.2
Liberia,Gasoline (1 liter),1.06,-33.2
Liberia,Volkswagen Golf 1.4 90 KW Trendline (Or Equivalent New Car),5069.87,-33.2
Liberia,Toyota Corolla Sedan 1.6l 97kW Comfort (Or Equivalent New Car),15000.0,-33.2
Liberia,"Basic (Electricity, Heating, Cooling, Water, Garbage) for 85m2 Apartment",272.6,-33.2
Liberia,Mobile Phone Monthly Plan with Calls and 10GB+ Data,22.5,-33.2
Liberia,"Internet (60 Mbps or More, Unlimited Data, Cable/ADSL)",93.25,-33.2
Liberia,"Fitness Club, Monthly Fee for 1 Adult",76.25,-33.2
Liberia,Tennis Court Rent (1 Hour on Weekend),8.25,-33.2
Liberia,"Cinema, International Release, 1 Seat",9.75,-33.2
Liberia,"Preschool (or Kindergarten), Full Day, Private, Monthly for 1 Child",74.33,-33.2
Liberia,"International Primary School, Yearly for 1 Child",1500.0,-33.2
Liberia,1 Pair of Jeans (Levis 501 Or Similar),18.41,-33.2
Liberia,"1 Summer Dress in a Chain Store (Zara, H&M, ...)",33.75,-33.2
Liberia,1 Pair of Nike Running Shoes (Mid-Range),56.25,-33.2
Liberia,1 Pair of Men Leather Business Shoes,68.75,-33.2
Liberia,Apartment (1 bedroom) in City Centre,666.67,-33.2
Liberia,Apartment (1 bedroom) Outside of Centre,90.0,-33.2
Liberia,Apartment (3 bedrooms) in City Centre,1825.0,-33.2
Liberia,Apartment (3 bedrooms) Outside of Centre,245.5,-33.2
Liberia,Price per Square Meter to Buy Apartment in City Centre,5000.0,-33.2
Liberia,Price per Square Meter to Buy Apartment Outside of Centre,2500.0,-33.2
Liberia,Average Monthly Net Salary (After Tax),733.33,-33.2
Liberia,"Mortgage Interest Rate in Percentages (%), Yearly, for 20 Years Fixed-Rate",5.0,-33.2
Libya,"Meal, Inexpensive Restaurant",4.14,-79.6
Libya,"Meal for 2 People, Mid-range Restaurant, Three-course",20.72,-79.6
Libya,McMeal at McDonalds (or Equivalent Combo Meal),4.14,-79.6
Libya,Domestic Non-Alcoholic Beer (0.5 liter draught),0.73,-79.6
Libya,Imported Non-Alcoholic Beer (0.33 liter bottle),0.62,-79.6
Libya,Cappuccino (regular),0.61,-79.6
Libya,Coke/Pepsi (0.33 liter bottle),0.48,-79.6
Libya,Water (0.33 liter bottle),0.15,-79.6
Libya,"Milk (regular), (1 liter)",1.0,-79.6
Libya,Loaf of Fresh White Bread (500g),0.31,-79.6
Libya,"Rice (white), (1kg)",1.11,-79.6
Libya,Eggs (regular) (12),1.42,-79.6
Libya,Local Cheese (1kg),5.8,-79.6
Libya,Chicken Fillets (1kg),3.58,-79.6
Libya,Beef Round (1kg) (or Equivalent Back Leg Red Meat),9.75,-79.6
Libya,Apples (1kg),1.73,-79.6
Libya,Banana (1kg),1.26,-79.6
Libya,Oranges (1kg),0.78,-79.6
Libya,Tomato (1kg),0.53,-79.6
Libya,Potato (1kg),0.61,-79.6
Libya,Onion (1kg),0.6,-79.6
Libya,Lettuce (1 head),0.47,-79.6
Libya,Water (1.5 liter bottle),0.24,-79.6
Libya,Bottle of Non-Alcoholic Wine (Mid-Range),1.08,-79.6
Libya,Domestic Non-Alcoholic Beer (0.5 liter bottle),0.76,-79.6
Libya,Imported Non-Alcoholic Beer (0.33 liter bottle),0.78,-79.6
Libya,Cigarettes 20 Pack (Marlboro),2.18,-79.6
Libya,One-way Ticket (Local Transport),0.41,-79.6
Libya,Monthly Pass (Regular Price),17.5,-79.6
Libya,Taxi Start (Normal Tariff),1.04,-79.6
Libya,Taxi 1km (Normal Tariff),1.04,-79.6
Libya,Taxi 1hour Waiting (Normal Tariff),5.18,-79.6
Libya,Gasoline (1 liter),0.03,-79.6
Libya,Volkswagen Golf 1.4 90 KW Trendline (Or Equivalent New Car),15537.11,-79.6
Libya,Toyota Corolla Sedan 1.6l 97kW Comfort (Or Equivalent New Car),16451.63,-79.6
Libya,"Basic (Electricity, Heating, Cooling, Water, Garbage) for 85m2 Apartment",32.8,-79.6
Libya,Mobile Phone Monthly Plan with Calls and 10GB+ Data,8.73,-79.6
Libya,"Internet (60 Mbps or More, Unlimited Data, Cable/ADSL)",22.12,-79.6
Libya,"Fitness Club, Monthly Fee for 1 Adult",23.55,-79.6
Libya,Tennis Court Rent (1 Hour on Weekend),9.84,-79.6
Libya,"Cinema, International Release, 1 Seat",5.18,-79.6
Libya,"Preschool (or Kindergarten), Full Day, Private, Monthly for 1 Child",60.59,-79.6
Libya,"International Primary School, Yearly for 1 Child",961.51,-79.6
Libya,1 Pair of Jeans (Levis 501 Or Similar),28.99,-79.6
Libya,"1 Summer Dress in a Chain Store (Zara, H&M, ...)",29.56,-79.6
Libya,1 Pair of Nike Running Shoes (Mid-Range),43.87,-79.6
Libya,1 Pair of Men Leather Business Shoes,50.08,-79.6
Libya,Apartment (1 bedroom) in City Centre,185.01,-79.6
Libya,Apartment (1 bedroom) Outside of Centre,112.21,-79.6
Libya,Apartment (3 bedrooms) in City Centre,361.23,-79.6
Libya,Apartment (3 bedrooms) Outside of Centre,203.64,-79.6
Libya,Price per Square Meter to Buy Apartment in City Centre,708.83,-79.6
Libya,Price per Square Meter to Buy Apartment Outside of Centre,289.64,-79.6
Libya,Average Monthly Net Salary (After Tax),314.98,-79.6
Libya,"Mortgage Interest Rate in Percentages (%), Yearly, for 20 Years Fixed-Rate",14.95,-79.6
Liechtenstein,"Meal, Inexpensive Restaurant",31.62,67.0
Liechtenstein,"Meal for 2 People, Mid-range Restaurant, Three-course",114.98,67.0
Liechtenstein,McMeal at McDonalds (or Equivalent Combo Meal),18.97,67.0
Liechtenstein,Domestic Beer (0.5 liter draught),6.9,67.0
Liechtenstein,Imported Beer (0.33 liter bottle),6.78,67.0
Liechtenstein,Cappuccino (regular),5.82,67.0
Liechtenstein,Coke/Pepsi (0.33 liter bottle),4.46,67.0
Liechtenstein,Water (0.33 liter bottle),4.89,67.0
Liechtenstein,"Milk (regular), (1 liter)",2.35,67.0
Liechtenstein,Loaf of Fresh White Bread (500g),4.05,67.0
Liechtenstein,"Rice (white), (1kg)",2.87,67.0
Liechtenstein,Eggs (regular) (12),8.51,67.0
Liechtenstein,Local Cheese (1kg),26.45,67.0
Liechtenstein,Chicken Fillets (1kg),23.0,67.0
Liechtenstein,Beef Round (1kg) (or Equivalent Back Leg Red Meat),49.83,67.0
Liechtenstein,Apples (1kg),3.45,67.0
Liechtenstein,Banana (1kg),3.83,67.0
Liechtenstein,Oranges (1kg),4.02,67.0
Liechtenstein,Tomato (1kg),4.41,67.0
Liechtenstein,Potato (1kg),2.59,67.0
Liechtenstein,Onion (1kg),2.17,67.0
Liechtenstein,Lettuce (1 head),2.21,67.0
Liechtenstein,Water (1.5 liter bottle),1.99,67.0
Liechtenstein,Bottle of Wine (Mid-Range),17.25,67.0
Liechtenstein,Domestic Beer (0.5 liter bottle),2.07,67.0
Liechtenstein,Imported Beer (0.33 liter bottle),1.72,67.0
Liechtenstein,Cigarettes 20 Pack (Marlboro),11.5,67.0
Liechtenstein,One-way Ticket (Local Transport),4.84,67.0
Liechtenstein,Monthly Pass (Regular Price),94.17,67.0
Liechtenstein,Taxi Start (Normal Tariff),1.84,67.0
Liechtenstein,Taxi 1km (Normal Tariff),5.75,67.0
Liechtenstein,Taxi 1hour Waiting (Normal Tariff),7.68,67.0
Liechtenstein,Gasoline (1 liter),2.3,67.0
Liechtenstein,Volkswagen Golf 1.4 90 KW Trendline (Or Equivalent New Car),32712.38,67.0
Liechtenstein,Toyota Corolla Sedan 1.6l 97kW Comfort (Or Equivalent New Car),31057.19,67.0
Liechtenstein,"Basic (Electricity, Heating, Cooling, Water, Garbage) for 85m2 Apartment",162.89,67.0
Liechtenstein,Mobile Phone Monthly Plan with Calls and 10GB+ Data,39.86,67.0
Liechtenstein,"Internet (60 Mbps or More, Unlimited Data, Cable/ADSL)",51.74,67.0
Liechtenstein,"Fitness Club, Monthly Fee for 1 Adult",97.5,67.0
Liechtenstein,Tennis Court Rent (1 Hour on Weekend),26.06,67.0
Liechtenstein,"Cinema, International Release, 1 Seat",23.0,67.0
Liechtenstein,"Preschool (or Kindergarten), Full Day, Private, Monthly for 1 Child",287.46,67.0
Liechtenstein,"International Primary School, Yearly for 1 Child",8324.84,67.0
Liechtenstein,1 Pair of Jeans (Levis 501 Or Similar),120.73,67.0
Liechtenstein,"1 Summer Dress in a Chain Store (Zara, H&M, ...)",48.87,67.0
Liechtenstein,1 Pair of Nike Running Shoes (Mid-Range),164.81,67.0
Liechtenstein,1 Pair of Men Leather Business Shoes,210.8,67.0
Liechtenstein,Apartment (1 bedroom) in City Centre,1309.09,67.0
Liechtenstein,Apartment (1 bedroom) Outside of Centre,1074.18,67.0
Liechtenstein,Apartment (3 bedrooms) in City Centre,2604.22,67.0
Liechtenstein,Apartment (3 bedrooms) Outside of Centre,2083.51,67.0
Liechtenstein,Price per Square Meter to Buy Apartment in City Centre,9526.71,67.0
Liechtenstein,Price per Square Meter to Buy Apartment Outside of Centre,3592.45,67.0
Liechtenstein,Average Monthly Net Salary (After Tax),6466.7,67.0
Liechtenstein,"Mortgage Interest Rate in Percentages (%), Yearly, for 20 Years Fixed-Rate",6.58,67.0
Lithuania,"Meal, Inexpensive Restaurant",11.87,-26.0
Lithuania,"Meal for 2 People, Mid-range Restaurant, Three-course",57.17,-26.0
Lithuania,McMeal at McDonalds (or Equivalent Combo Meal),7.55,-26.0
Lithuania,Domestic Beer (0.5 liter draught),4.85,-26.0
Lithuania,Imported Beer (0.33 liter bottle),4.32,-26.0
Lithuania,Cappuccino (regular),3.33,-26.0
Lithuania,Coke/Pepsi (0.33 liter bottle),2.06,-26.0
Lithuania,Water (0.33 liter bottle),1.75,-26.0
Lithuania,"Milk (regular), (1 liter)",1.39,-26.0
Lithuania,Loaf of Fresh White Bread (500g),1.64,-26.0
Lithuania,"Rice (white), (1kg)",2.52,-26.0
Lithuania,Eggs (regular) (12),2.7,-26.0
Lithuania,Local Cheese (1kg),11.92,-26.0
Lithuania,Chicken Fillets (1kg),6.94,-26.0
Lithuania,Beef Round (1kg) (or Equivalent Back Leg Red Meat),11.19,-26.0
Lithuania,Apples (1kg),1.36,-26.0
Lithuania,Banana (1kg),1.59,-26.0
Lithuania,Oranges (1kg),2.03,-26.0
Lithuania,Tomato (1kg),3.16,-26.0
Lithuania,Potato (1kg),0.86,-26.0
Lithuania,Onion (1kg),0.95,-26.0
Lithuania,Lettuce (1 head),1.8,-26.0
Lithuania,Water (1.5 liter bottle),0.88,-26.0
Lithuania,Bottle of Wine (Mid-Range),8.63,-26.0
Lithuania,Domestic Beer (0.5 liter bottle),1.54,-26.0
Lithuania,Imported Beer (0.33 liter bottle),1.93,-26.0
Lithuania,Cigarettes 20 Pack (Marlboro),5.39,-26.0
Lithuania,One-way Ticket (Local Transport),1.08,-26.0
Lithuania,Monthly Pass (Regular Price),31.28,-26.0
Lithuania,Taxi Start (Normal Tariff),3.24,-26.0
Lithuania,Taxi 1km (Normal Tariff),1.08,-26.0
Lithuania,Taxi 1hour Waiting (Normal Tariff),12.95,-26.0
Lithuania,Gasoline (1 liter),1.61,-26.0
Lithuania,Volkswagen Golf 1.4 90 KW Trendline (Or Equivalent New Car),36354.65,-26.0
Lithuania,Toyota Corolla Sedan 1.6l 97kW Comfort (Or Equivalent New Car),30577.22,-26.0
Lithuania,"Basic (Electricity, Heating, Cooling, Water, Garbage) for 85m2 Apartment",209.03,-26.0
Lithuania,Mobile Phone Monthly Plan with Calls and 10GB+ Data,14.38,-26.0
Lithuania,"Internet (60 Mbps or More, Unlimited Data, Cable/ADSL)",15.65,-26.0
Lithuania,"Fitness Club, Monthly Fee for 1 Adult",38.52,-26.0
Lithuania,Tennis Court Rent (1 Hour on Weekend),25.84,-26.0
Lithuania,"Cinema, International Release, 1 Seat",8.63,-26.0
Lithuania,"Preschool (or Kindergarten), Full Day, Private, Monthly for 1 Child",542.73,-26.0
Lithuania,"International Primary School, Yearly for 1 Child",8303.18,-26.0
Lithuania,1 Pair of Jeans (Levis 501 Or Similar),85.38,-26.0
Lithuania,"1 Summer Dress in a Chain Store (Zara, H&M, ...)",38.62,-26.0
Lithuania,1 Pair of Nike Running Shoes (Mid-Range),97.56,-26.0
Lithuania,1 Pair of Men Leather Business Shoes,119.46,-26.0
Lithuania,Apartment (1 bedroom) in City Centre,669.63,-26.0
Lithuania,Apartment (1 bedroom) Outside of Centre,480.34,-26.0
Lithuania,Apartment (3 bedrooms) in City Centre,1181.08,-26.0
Lithuania,Apartment (3 bedrooms) Outside of Centre,802.5,-26.0
Lithuania,Price per Square Meter to Buy Apartment in City Centre,4137.36,-26.0
Lithuania,Price per Square Meter to Buy Apartment Outside of Centre,2522.19,-26.0
Lithuania,Average Monthly Net Salary (After Tax),1351.69,-26.0
Lithuania,"Mortgage Interest Rate in Percentages (%), Yearly, for 20 Years Fixed-Rate",4.28,-26.0
Luxembourg,"Meal, Inexpensive Restaurant",21.58,109.2
Luxembourg,"Meal for 2 People, Mid-range Restaurant, Three-course",86.3,109.2
Luxembourg,McMeal at McDonalds (or Equivalent Combo Meal),12.95,109.2
Luxembourg,Domestic Beer (0.5 liter draught),6.47,109.2
Luxembourg,Imported Beer (0.33 liter bottle),5.39,109.2
Luxembourg,Cappuccino (regular),4.23,109.2
Luxembourg,Coke/Pepsi (0.33 liter bottle),3.47,109.2
Luxembourg,Water (0.33 liter bottle),3.37,109.2
Luxembourg,"Milk (regular), (1 liter)",1.48,109.2
Luxembourg,Loaf of Fresh White Bread (500g),3.0,109.2
Luxembourg,"Rice (white), (1kg)",2.48,109.2
Luxembourg,Eggs (regular) (12),4.18,109.2
Luxembourg,Local Cheese (1kg),16.36,109.2
Luxembourg,Chicken Fillets (1kg),12.6,109.2
Luxembourg,Beef Round (1kg) (or Equivalent Back Leg Red Meat),22.05,109.2
Luxembourg,Apples (1kg),2.87,109.2
Luxembourg,Banana (1kg),2.04,109.2
Luxembourg,Oranges (1kg),2.61,109.2
Luxembourg,Tomato (1kg),3.87,109.2
Luxembourg,Potato (1kg),2.17,109.2
Luxembourg,Onion (1kg),2.04,109.2
Luxembourg,Lettuce (1 head),1.83,109.2
Luxembourg,Water (1.5 liter bottle),0.62,109.2
Luxembourg,Bottle of Wine (Mid-Range),8.63,109.2
Luxembourg,Domestic Beer (0.5 liter bottle),1.79,109.2
Luxembourg,Imported Beer (0.33 liter bottle),1.82,109.2
Luxembourg,Cigarettes 20 Pack (Marlboro),6.2,109.2
Luxembourg,One-way Ticket (Local Transport),0.0,109.2
Luxembourg,Monthly Pass (Regular Price),0.0,109.2
Luxembourg,Taxi Start (Normal Tariff),4.15,109.2
Luxembourg,Taxi 1km (Normal Tariff),3.56,109.2
Luxembourg,Taxi 1hour Waiting (Normal Tariff),42.07,109.2
Luxembourg,Gasoline (1 liter),1.65,109.2
Luxembourg,Volkswagen Golf 1.4 90 KW Trendline (Or Equivalent New Car),27204.5,109.2
Luxembourg,Toyota Corolla Sedan 1.6l 97kW Comfort (Or Equivalent New Car),30419.6,109.2
Luxembourg,"Basic (Electricity, Heating, Cooling, Water, Garbage) for 85m2 Apartment",248.22,109.2
Luxembourg,Mobile Phone Monthly Plan with Calls and 10GB+ Data,22.62,109.2
Luxembourg,"Internet (60 Mbps or More, Unlimited Data, Cable/ADSL)",52.45,109.2
Luxembourg,"Fitness Club, Monthly Fee for 1 Adult",41.95,109.2
Luxembourg,Tennis Court Rent (1 Hour on Weekend),20.74,109.2
Luxembourg,"Cinema, International Release, 1 Seat",15.1,109.2
Luxembourg,"Preschool (or Kindergarten), Full Day, Private, Monthly for 1 Child",1426.31,109.2
Luxembourg,"International Primary School, Yearly for 1 Child",17037.9,109.2
Luxembourg,1 Pair of Jeans (Levis 501 Or Similar),68.5,109.2
Luxembourg,"1 Summer Dress in a Chain Store (Zara, H&M, ...)",34.24,109.2
Luxembourg,1 Pair of Nike Running Shoes (Mid-Range),93.73,109.2
Luxembourg,1 Pair of Men Leather Business Shoes,113.2,109.2
Luxembourg,Apartment (1 bedroom) in City Centre,1809.19,109.2
Luxembourg,Apartment (1 bedroom) Outside of Centre,1514.48,109.2
Luxembourg,Apartment (3 bedrooms) in City Centre,3104.4,109.2
Luxembourg,Apartment (3 bedrooms) Outside of Centre,2433.59,109.2
Luxembourg,Price per Square Meter to Buy Apartment in City Centre,11085.21,109.2
Luxembourg,Price per Square Meter to Buy Apartment Outside of Centre,8275.73,109.2
Luxembourg,Average Monthly Net Salary (After Tax),5691.84,109.2
Luxembourg,"Mortgage Interest Rate in Percentages (%), Yearly, for 20 Years Fixed-Rate",3.11,109.2
Macao (China),"Meal, Inexpensive Restaurant",6.23,40.6
Macao (China),"Meal for 2 People, Mid-range Restaurant, Three-course",52.99,40.6
Macao (China),McMeal at McDonalds (or Equivalent Combo Meal),6.23,40.6
Macao (China),Domestic Beer (0.5 liter draught),5.41,40.6
Macao (China),Imported Beer (0.33 liter bottle),6.61,40.6
Macao (China),Cappuccino (regular),4.68,40.6
Macao (China),Coke/Pepsi (0.33 liter bottle),0.84,40.6
Macao (China),Water (0.33 liter bottle),0.62,40.6
Macao (China),"Milk (regular), (1 liter)",2.78,40.6
Macao (China),Loaf of Fresh White Bread (500g),2.22,40.6
Macao (China),"Rice (white), (1kg)",2.08,40.6
Macao (China),Eggs (regular) (12),2.76,40.6
Macao (China),Local Cheese (1kg),19.39,40.6
Macao (China),Chicken Fillets (1kg),7.84,40.6
Macao (China),Beef Round (1kg) (or Equivalent Back Leg Red Meat),22.94,40.6
Macao (China),Apples (1kg),3.81,40.6
Macao (China),Banana (1kg),3.24,40.6
Macao (China),Oranges (1kg),3.81,40.6
Macao (China),Tomato (1kg),2.73,40.6
Macao (China),Potato (1kg),4.37,40.6
Macao (China),Onion (1kg),3.44,40.6
Macao (China),Lettuce (1 head),1.67,40.6
Macao (China),Water (1.5 liter bottle),1.21,40.6
Macao (China),Bottle of Wine (Mid-Range),13.09,40.6
Macao (China),Domestic Beer (0.5 liter bottle),1.4,40.6
Macao (China),Imported Beer (0.33 liter bottle),2.08,40.6
Macao (China),Cigarettes 20 Pack (Marlboro),6.23,40.6
Macao (China),One-way Ticket (Local Transport),0.75,40.6
Macao (China),Monthly Pass (Regular Price),20.57,40.6
Macao (China),Taxi Start (Normal Tariff),2.37,40.6
Macao (China),Taxi 1km (Normal Tariff),1.13,40.6
Macao (China),Taxi 1hour Waiting (Normal Tariff),14.96,40.6
Macao (China),Gasoline (1 liter),1.76,40.6
Macao (China),Volkswagen Golf 1.4 90 KW Trendline (Or Equivalent New Car),31171.5,40.6
Macao (China),Toyota Corolla Sedan 1.6l 97kW Comfort (Or Equivalent New Car),27913.78,40.6
Macao (China),"Basic (Electricity, Heating, Cooling, Water, Garbage) for 85m2 Apartment",90.8,40.6
Macao (China),Mobile Phone Monthly Plan with Calls and 10GB+ Data,23.36,40.6
Macao (China),"Internet (60 Mbps or More, Unlimited Data, Cable/ADSL)",32.46,40.6
Macao (China),"Fitness Club, Monthly Fee for 1 Adult",85.89,40.6
Macao (China),Tennis Court Rent (1 Hour on Weekend),2.99,40.6
Macao (China),"Cinema, International Release, 1 Seat",14.71,40.6
Macao (China),"Preschool (or Kindergarten), Full Day, Private, Monthly for 1 Child",685.77,40.6
Macao (China),"International Primary School, Yearly for 1 Child",13412.65,40.6
Macao (China),1 Pair of Jeans (Levis 501 Or Similar),66.76,40.6
Macao (China),"1 Summer Dress in a Chain Store (Zara, H&M, ...)",31.17,40.6
Macao (China),1 Pair of Nike Running Shoes (Mid-Range),82.92,40.6
Macao (China),1 Pair of Men Leather Business Shoes,93.51,40.6
Macao (China),Apartment (1 bedroom) in City Centre,1150.23,40.6
Macao (China),Apartment (1 bedroom) Outside of Centre,880.59,40.6
Macao (China),Apartment (3 bedrooms) in City Centre,2124.34,40.6
Macao (China),Apartment (3 bedrooms) Outside of Centre,1801.02,40.6
Macao (China),Price per Square Meter to Buy Apartment in City Centre,12424.6,40.6
Macao (China),Price per Square Meter to Buy Apartment Outside of Centre,8891.64,40.6
Macao (China),Average Monthly Net Salary (After Tax),2557.45,40.6
Macao (China),"Mortgage Interest Rate in Percentages (%), Yearly, for 20 Years Fixed-Rate",3.21,40.6
Madagascar,"Meal, Inexpensive Restaurant",2.6,-71.2
Madagascar,"Meal for 2 People, Mid-range Restaurant, Three-course",15.16,-71.2
Madagascar,McMeal at McDonalds (or Equivalent Combo Meal),4.33,-71.2
Madagascar,Domestic Beer (0.5 liter draught),1.08,-71.2
Madagascar,Imported Beer (0.33 liter bottle),1.52,-71.2
Madagascar,Cappuccino (regular),1.16,-71.2
Madagascar,Coke/Pepsi (0.33 liter bottle),1.01,-71.2
Madagascar,Water (0.33 liter bottle),0.67,-71.2
Madagascar,"Milk (regular), (1 liter)",1.05,-71.2
Madagascar,Loaf of Fresh White Bread (500g),0.97,-71.2
Madagascar,"Rice (white), (1kg)",0.7,-71.2
Madagascar,Eggs (regular) (12),2.03,-71.2
Madagascar,Local Cheese (1kg),9.32,-71.2
Madagascar,Chicken Fillets (1kg),4.75,-71.2
Madagascar,Beef Round (1kg) (or Equivalent Back Leg Red Meat),4.06,-71.2
Madagascar,Apples (1kg),1.2,-71.2
Madagascar,Banana (1kg),0.61,-71.2
Madagascar,Oranges (1kg),1.02,-71.2
Madagascar,Tomato (1kg),0.72,-71.2
Madagascar,Potato (1kg),0.55,-71.2
Madagascar,Onion (1kg),0.75,-71.2
Madagascar,Lettuce (1 head),0.31,-71.2
Madagascar,Water (1.5 liter bottle),0.59,-71.2
Madagascar,Bottle of Wine (Mid-Range),4.33,-71.2
Madagascar,Domestic Beer (0.5 liter bottle),0.81,-71.2
Madagascar,Imported Beer (0.33 liter bottle),1.32,-71.2
Madagascar,Cigarettes 20 Pack (Marlboro),1.73,-71.2
Madagascar,One-way Ticket (Local Transport),0.22,-71.2
Madagascar,Monthly Pass (Regular Price),8.66,-71.2
Madagascar,Taxi Start (Normal Tariff),2.17,-71.2
Madagascar,Taxi 1km (Normal Tariff),1.3,-71.2
Madagascar,Taxi 1hour Waiting (Normal Tariff),4.87,-71.2
Madagascar,Gasoline (1 liter),1.22,-71.2
Madagascar,Volkswagen Golf 1.4 90 KW Trendline (Or Equivalent New Car),12992.88,-71.2
Madagascar,Toyota Corolla Sedan 1.6l 97kW Comfort (Or Equivalent New Car),22910.78,-71.2
Madagascar,"Basic (Electricity, Heating, Cooling, Water, Garbage) for 85m2 Apartment",41.24,-71.2
Madagascar,Mobile Phone Monthly Plan with Calls and 10GB+ Data,14.24,-71.2
Madagascar,"Internet (60 Mbps or More, Unlimited Data, Cable/ADSL)",51.92,-71.2
Madagascar,"Fitness Club, Monthly Fee for 1 Adult",27.97,-71.2
Madagascar,Tennis Court Rent (1 Hour on Weekend),7.15,-71.2
Madagascar,"Cinema, International Release, 1 Seat",6.5,-71.2
Madagascar,"Preschool (or Kindergarten), Full Day, Private, Monthly for 1 Child",76.66,-71.2
Madagascar,"International Primary School, Yearly for 1 Child",11380.4,-71.2
Madagascar,1 Pair of Jeans (Levis 501 Or Similar),13.75,-71.2
Madagascar,"1 Summer Dress in a Chain Store (Zara, H&M, ...)",23.82,-71.2
Madagascar,1 Pair of Nike Running Shoes (Mid-Range),82.88,-71.2
Madagascar,1 Pair of Men Leather Business Shoes,54.5,-71.2
Madagascar,Apartment (1 bedroom) in City Centre,324.82,-71.2
Madagascar,Apartment (1 bedroom) Outside of Centre,66.42,-71.2
Madagascar,Apartment (3 bedrooms) in City Centre,529.34,-71.2
Madagascar,Apartment (3 bedrooms) Outside of Centre,299.35,-71.2
Madagascar,Price per Square Meter to Buy Apartment in City Centre,642.43,-71.2
Madagascar,Price per Square Meter to Buy Apartment Outside of Centre,487.23,-71.2
Madagascar,Average Monthly Net Salary (After Tax),123.87,-71.2
Madagascar,"Mortgage Interest Rate in Percentages (%), Yearly, for 20 Years Fixed-Rate",17.25,-71.2
Malawi,"Meal, Inexpensive Restaurant",4.85,-75.1
Malawi,"Meal for 2 People, Mid-range Restaurant, Three-course",34.15,-75.1
Malawi,McMeal at McDonalds (or Equivalent Combo Meal),6.78,-75.1
Malawi,Domestic Beer (0.5 liter draught),1.15,-75.1
Malawi,Imported Beer (0.33 liter bottle),2.68,-75.1
Malawi,Cappuccino (regular),2.67,-75.1
Malawi,Coke/Pepsi (0.33 liter bottle),0.81,-75.1
Malawi,Water (0.33 liter bottle),0.44,-75.1
Malawi,"Milk (regular), (1 liter)",1.11,-75.1
Malawi,Loaf of Fresh White Bread (500g),1.32,-75.1
Malawi,"Rice (white), (1kg)",2.04,-75.1
Malawi,Eggs (regular) (12),2.35,-75.1
Malawi,Local Cheese (1kg),9.66,-75.1
Malawi,Chicken Fillets (1kg),4.45,-75.1
Malawi,Beef Round (1kg) (or Equivalent Back Leg Red Meat),6.11,-75.1
Malawi,Apples (1kg),2.71,-75.1
Malawi,Banana (1kg),1.87,-75.1
Malawi,Oranges (1kg),2.45,-75.1
Malawi,Tomato (1kg),1.28,-75.1
Malawi,Potato (1kg),1.3,-75.1
Malawi,Onion (1kg),1.25,-75.1
Malawi,Lettuce (1 head),0.32,-75.1
Malawi,Water (1.5 liter bottle),0.56,-75.1
Malawi,Bottle of Wine (Mid-Range),12.64,-75.1
Malawi,Domestic Beer (0.5 liter bottle),1.11,-75.1
Malawi,Imported Beer (0.33 liter bottle),2.14,-75.1
Malawi,Cigarettes 20 Pack (Marlboro),1.59,-75.1
Malawi,One-way Ticket (Local Transport),0.98,-75.1
Malawi,Monthly Pass (Regular Price),2.16,-75.1
Malawi,Taxi Start (Normal Tariff),0.59,-75.1
Malawi,Taxi 1km (Normal Tariff),2.45,-75.1
Malawi,Taxi 1hour Waiting (Normal Tariff),6.11,-75.1
Malawi,Gasoline (1 liter),1.64,-75.1
Malawi,Volkswagen Golf 1.4 90 KW Trendline (Or Equivalent New Car),35205.31,-75.1
Malawi,Toyota Corolla Sedan 1.6l 97kW Comfort (Or Equivalent New Car),39117.01,-75.1
Malawi,"Basic (Electricity, Heating, Cooling, Water, Garbage) for 85m2 Apartment",48.55,-75.1
Malawi,Mobile Phone Monthly Plan with Calls and 10GB+ Data,12.97,-75.1
Malawi,"Internet (60 Mbps or More, Unlimited Data, Cable/ADSL)",71.78,-75.1
Malawi,"Fitness Club, Monthly Fee for 1 Adult",41.14,-75.1
Malawi,Tennis Court Rent (1 Hour on Weekend),14.84,-75.1
Malawi,"Cinema, International Release, 1 Seat",3.95,-75.1
Malawi,"Preschool (or Kindergarten), Full Day, Private, Monthly for 1 Child",377.21,-75.1
Malawi,"International Primary School, Yearly for 1 Child",1471.6,-75.1
Malawi,1 Pair of Jeans (Levis 501 Or Similar),41.7,-75.1
Malawi,"1 Summer Dress in a Chain Store (Zara, H&M, ...)",34.73,-75.1
Malawi,1 Pair of Nike Running Shoes (Mid-Range),58.69,-75.1
Malawi,1 Pair of Men Leather Business Shoes,70.38,-75.1
Malawi,Apartment (1 bedroom) in City Centre,201.16,-75.1
Malawi,Apartment (1 bedroom) Outside of Centre,91.46,-75.1
Malawi,Apartment (3 bedrooms) in City Centre,443.96,-75.1
Malawi,Apartment (3 bedrooms) Outside of Centre,318.51,-75.1
Malawi,Price per Square Meter to Buy Apartment in City Centre,10541.83,-75.1
Malawi,Price per Square Meter to Buy Apartment Outside of Centre,494.55,-75.1
Malawi,Average Monthly Net Salary (After Tax),338.13,-75.1
Malawi,"Mortgage Interest Rate in Percentages (%), Yearly, for 20 Years Fixed-Rate",,-75.1
Malaysia,"Meal, Inexpensive Restaurant",3.44,-59.2
Malaysia,"Meal for 2 People, Mid-range Restaurant, Three-course",22.94,-59.2
Malaysia,McMeal at McDonalds (or Equivalent Combo Meal),4.24,-59.2
Malaysia,Domestic Beer (0.5 liter draught),3.61,-59.2
Malaysia,Imported Beer (0.33 liter bottle),4.59,-59.2
Malaysia,Cappuccino (regular),2.76,-59.2
Malaysia,Coke/Pepsi (0.33 liter bottle),0.75,-59.2
Malaysia,Water (0.33 liter bottle),0.43,-59.2
Malaysia,"Milk (regular), (1 liter)",1.73,-59.2
Malaysia,Loaf of Fresh White Bread (500g),0.91,-59.2
Malaysia,"Rice (white), (1kg)",1.31,-59.2
Malaysia,Eggs (regular) (12),2.01,-59.2
Malaysia,Local Cheese (1kg),14.13,-59.2
Malaysia,Chicken Fillets (1kg),4.03,-59.2
Malaysia,Beef Round (1kg) (or Equivalent Back Leg Red Meat),8.16,-59.2
Malaysia,Apples (1kg),2.61,-59.2
Malaysia,Banana (1kg),1.31,-59.2
Malaysia,Oranges (1kg),2.64,-59.2
Malaysia,Tomato (1kg),1.35,-59.2
Malaysia,Potato (1kg),0.93,-59.2
Malaysia,Onion (1kg),1.09,-59.2
Malaysia,Lettuce (1 head),1.01,-59.2
Malaysia,Water (1.5 liter bottle),0.57,-59.2
Malaysia,Bottle of Wine (Mid-Range),17.2,-59.2
Malaysia,Domestic Beer (0.5 liter bottle),2.73,-59.2
Malaysia,Imported Beer (0.33 liter bottle),3.58,-59.2
Malaysia,Cigarettes 20 Pack (Marlboro),4.13,-59.2
Malaysia,One-way Ticket (Local Transport),0.69,-59.2
Malaysia,Monthly Pass (Regular Price),11.47,-59.2
Malaysia,Taxi Start (Normal Tariff),0.92,-59.2
Malaysia,Taxi 1km (Normal Tariff),0.69,-59.2
Malaysia,Taxi 1hour Waiting (Normal Tariff),4.59,-59.2
Malaysia,Gasoline (1 liter),0.47,-59.2
Malaysia,Volkswagen Golf 1.4 90 KW Trendline (Or Equivalent New Car),37848.38,-59.2
Malaysia,Toyota Corolla Sedan 1.6l 97kW Comfort (Or Equivalent New Car),30047.09,-59.2
Malaysia,"Basic (Electricity, Heating, Cooling, Water, Garbage) for 85m2 Apartment",49.42,-59.2
Malaysia,Mobile Phone Monthly Plan with Calls and 10GB+ Data,10.23,-59.2
Malaysia,"Internet (60 Mbps or More, Unlimited Data, Cable/ADSL)",26.64,-59.2
Malaysia,"Fitness Club, Monthly Fee for 1 Adult",36.32,-59.2
Malaysia,Tennis Court Rent (1 Hour on Weekend),6.55,-59.2
Malaysia,"Cinema, International Release, 1 Seat",4.59,-59.2
Malaysia,"Preschool (or Kindergarten), Full Day, Private, Monthly for 1 Child",172.86,-59.2
Malaysia,"International Primary School, Yearly for 1 Child",7170.69,-59.2
Malaysia,1 Pair of Jeans (Levis 501 Or Similar),57.28,-59.2
Malaysia,"1 Summer Dress in a Chain Store (Zara, H&M, ...)",31.61,-59.2
Malaysia,1 Pair of Nike Running Shoes (Mid-Range),72.5,-59.2
Malaysia,1 Pair of Men Leather Business Shoes,63.01,-59.2
Malaysia,Apartment (1 bedroom) in City Centre,372.89,-59.2
Malaysia,Apartment (1 bedroom) Outside of Centre,260.62,-59.2
Malaysia,Apartment (3 bedrooms) in City Centre,663.81,-59.2
Malaysia,Apartment (3 bedrooms) Outside of Centre,430.37,-59.2
Malaysia,Price per Square Meter to Buy Apartment in City Centre,2033.04,-59.2
Malaysia,Price per Square Meter to Buy Apartment Outside of Centre,1122.97,-59.2
Malaysia,Average Monthly Net Salary (After Tax),953.01,-59.2
Malaysia,"Mortgage Interest Rate in Percentages (%), Yearly, for 20 Years Fixed-Rate",4.15,-59.2
Maldives,"Meal, Inexpensive Restaurant",5.53,5.9
Maldives,"Meal for 2 People, Mid-range Restaurant, Three-course",29.3,5.9
Maldives,McMeal at McDonalds (or Equivalent Combo Meal),9.77,5.9
Maldives,Domestic Non-Alcoholic Beer (0.5 liter draught),3.91,5.9
Maldives,Imported Non-Alcoholic Beer (0.33 liter bottle),5.44,5.9
Maldives,Cappuccino (regular),3.05,5.9
Maldives,Coke/Pepsi (0.33 liter bottle),1.44,5.9
Maldives,Water (0.33 liter bottle),0.33,5.9
Maldives,"Milk (regular), (1 liter)",1.76,5.9
Maldives,Loaf of Fresh White Bread (500g),1.47,5.9
Maldives,"Rice (white), (1kg)",1.05,5.9
Maldives,Eggs (regular) (12),1.61,5.9
Maldives,Local Cheese (1kg),9.64,5.9
Maldives,Chicken Fillets (1kg),5.57,5.9
Maldives,Beef Round (1kg) (or Equivalent Back Leg Red Meat),9.22,5.9
Maldives,Apples (1kg),3.87,5.9
Maldives,Banana (1kg),4.01,5.9
Maldives,Oranges (1kg),3.62,5.9
Maldives,Tomato (1kg),3.3,5.9
Maldives,Potato (1kg),1.35,5.9
Maldives,Onion (1kg),1.18,5.9
Maldives,Lettuce (1 head),3.26,5.9
Maldives,Water (1.5 liter bottle),0.51,5.9
Maldives,Bottle of Non-Alcoholic Wine (Mid-Range),9.77,5.9
Maldives,Domestic Non-Alcoholic Beer (0.5 liter bottle),2.17,5.9
Maldives,Imported Non-Alcoholic Beer (0.33 liter bottle),11.77,5.9
Maldives,Cigarettes 20 Pack (Marlboro),7.16,5.9
Maldives,One-way Ticket (Local Transport),0.55,5.9
Maldives,Monthly Pass (Regular Price),22.14,5.9
Maldives,Taxi Start (Normal Tariff),1.95,5.9
Maldives,Taxi 1km (Normal Tariff),1.95,5.9
Maldives,Taxi 1hour Waiting (Normal Tariff),8.14,5.9
Maldives,Gasoline (1 liter),0.98,5.9
Maldives,Volkswagen Golf 1.4 90 KW Trendline (Or Equivalent New Car),29296.88,5.9
Maldives,Toyota Corolla Sedan 1.6l 97kW Comfort (Or Equivalent New Car),27126.74,5.9
Maldives,"Basic (Electricity, Heating, Cooling, Water, Garbage) for 85m2 Apartment",137.8,5.9
Maldives,Mobile Phone Monthly Plan with Calls and 10GB+ Data,44.27,5.9
Maldives,"Internet (60 Mbps or More, Unlimited Data, Cable/ADSL)",85.0,5.9
Maldives,"Fitness Club, Monthly Fee for 1 Adult",73.06,5.9
Maldives,Tennis Court Rent (1 Hour on Weekend),32.55,5.9
Maldives,"Cinema, International Release, 1 Seat",8.3,5.9
Maldives,"Preschool (or Kindergarten), Full Day, Private, Monthly for 1 Child",159.1,5.9
Maldives,"International Primary School, Yearly for 1 Child",3060.44,5.9
Maldives,1 Pair of Jeans (Levis 501 Or Similar),45.99,5.9
Maldives,"1 Summer Dress in a Chain Store (Zara, H&M, ...)",44.18,5.9
Maldives,1 Pair of Nike Running Shoes (Mid-Range),99.1,5.9
Maldives,1 Pair of Men Leather Business Shoes,75.68,5.9
Maldives,Apartment (1 bedroom) in City Centre,947.27,5.9
Maldives,Apartment (1 bedroom) Outside of Centre,661.89,5.9
Maldives,Apartment (3 bedrooms) in City Centre,1540.8,5.9
Maldives,Apartment (3 bedrooms) Outside of Centre,1334.64,5.9
Maldives,Price per Square Meter to Buy Apartment in City Centre,3197.78,5.9
Maldives,Price per Square Meter to Buy Apartment Outside of Centre,1081.22,5.9
Maldives,Average Monthly Net Salary (After Tax),942.54,5.9
Maldives,"Mortgage Interest Rate in Percentages (%), Yearly, for 20 Years Fixed-Rate",13.67,5.9
Mali,"Meal, Inexpensive Restaurant",6.7,
Mali,"Meal for 2 People, Mid-range Restaurant, Three-course",36.0,
Mali,McMeal at McDonalds (or Equivalent Combo Meal),6.42,
Mali,Domestic Beer (0.5 liter draught),2.39,
Mali,Imported Beer (0.33 liter bottle),12.0,
Mali,Cappuccino (regular),1.89,
Mali,Coke/Pepsi (0.33 liter bottle),0.77,
Mali,Water (0.33 liter bottle),0.58,
Mali,"Milk (regular), (1 liter)",2.5,
Mali,Loaf of Fresh White Bread (500g),1.65,
Mali,"Rice (white), (1kg)",,
Mali,Eggs (regular) (12),4.08,
Mali,Local Cheese (1kg),17.64,
Mali,Chicken Fillets (1kg),16.53,
Mali,Beef Round (1kg) (or Equivalent Back Leg Red Meat),8.82,
Mali,Apples (1kg),2.2,
Mali,Banana (1kg),1.65,
Mali,Oranges (1kg),2.2,
Mali,Tomato (1kg),2.2,
Mali,Potato (1kg),2.2,
Mali,Onion (1kg),1.93,
Mali,Lettuce (1 head),,
Mali,Water (1.5 liter bottle),0.73,
Mali,Bottle of Wine (Mid-Range),,
Mali,Domestic Beer (0.5 liter bottle),1.43,
Mali,Imported Beer (0.33 liter bottle),1.0,
Mali,Cigarettes 20 Pack (Marlboro),0.97,
Mali,One-way Ticket (Local Transport),4.67,
Mali,Monthly Pass (Regular Price),,
Mali,Taxi Start (Normal Tariff),,
Mali,Taxi 1km (Normal Tariff),1.24,
Mali,Taxi 1hour Waiting (Normal Tariff),,
Mali,Gasoline (1 liter),1.45,
Mali,Volkswagen Golf 1.4 90 KW Trendline (Or Equivalent New Car),,
Mali,Toyota Corolla Sedan 1.6l 97kW Comfort (Or Equivalent New Car),,
Mali,"Basic (Electricity, Heating, Cooling, Water, Garbage) for 85m2 Apartment",,
Mali,Mobile Phone Monthly Plan with Calls and 10GB+ Data,,
Mali,"Internet (60 Mbps or More, Unlimited Data, Cable/ADSL)",41.27,
Mali,"Fitness Club, Monthly Fee for 1 Adult",67.41,
Mali,Tennis Court Rent (1 Hour on Weekend),4.05,
Mali,"Cinema, International Release, 1 Seat",5.67,
Mali,"Preschool (or Kindergarten), Full Day, Private, Monthly for 1 Child",78.44,
Mali,"International Primary School, Yearly for 1 Child",,
Mali,1 Pair of Jeans (Levis 501 Or Similar),,
Mali,"1 Summer Dress in a Chain Store (Zara, H&M, ...)",,
Mali,1 Pair of Nike Running Shoes (Mid-Range),,
Mali,1 Pair of Men Leather Business Shoes,,
Mali,Apartment (1 bedroom) in City Centre,,
Mali,Apartment (1 bedroom) Outside of Centre,,
Mali,Apartment (3 bedrooms) in City Centre,311.05,
Mali,Apartment (3 bedrooms) Outside of Centre,,
Mali,Price per Square Meter to Buy Apartment in City Centre,10116.5,
Mali,Price per Square Meter to Buy Apartment Outside of Centre,430.78,
Mali,Average Monthly Net Salary (After Tax),261.83,
Mali,"Mortgage Interest Rate in Percentages (%), Yearly, for 20 Years Fixed-Rate",,
Malta,"Meal, Inexpensive Restaurant",16.18,17.6
Malta,"Meal for 2 People, Mid-range Restaurant, Three-course",75.51,17.6
Malta,McMeal at McDonalds (or Equivalent Combo Meal),10.79,17.6
Malta,Domestic Beer (0.5 liter draught),3.78,17.6
Malta,Imported Beer (0.33 liter bottle),4.32,17.6
Malta,Cappuccino (regular),2.55,17.6
Malta,Coke/Pepsi (0.33 liter bottle),2.32,17.6
Malta,Water (0.33 liter bottle),1.55,17.6
Malta,"Milk (regular), (1 liter)",1.2,17.6
Malta,Loaf of Fresh White Bread (500g),1.24,17.6
Malta,"Rice (white), (1kg)",3.06,17.6
Malta,Eggs (regular) (12),3.32,17.6
Malta,Local Cheese (1kg),9.45,17.6
Malta,Chicken Fillets (1kg),8.67,17.6
Malta,Beef Round (1kg) (or Equivalent Back Leg Red Meat),15.07,17.6
Malta,Apples (1kg),2.91,17.6
Malta,Banana (1kg),1.98,17.6
Malta,Oranges (1kg),2.54,17.6
Malta,Tomato (1kg),3.0,17.6
Malta,Potato (1kg),1.79,17.6
Malta,Onion (1kg),1.98,17.6
Malta,Lettuce (1 head),1.77,17.6
Malta,Water (1.5 liter bottle),0.86,17.6
Malta,Bottle of Wine (Mid-Range),7.01,17.6
Malta,Domestic Beer (0.5 liter bottle),1.68,17.6
Malta,Imported Beer (0.33 liter bottle),2.62,17.6
Malta,Cigarettes 20 Pack (Marlboro),6.2,17.6
Malta,One-way Ticket (Local Transport),2.16,17.6
Malta,Monthly Pass (Regular Price),6.47,17.6
Malta,Taxi Start (Normal Tariff),5.39,17.6
Malta,Taxi 1km (Normal Tariff),2.16,17.6
Malta,Taxi 1hour Waiting (Normal Tariff),37.76,17.6
Malta,Gasoline (1 liter),1.45,17.6
Malta,Volkswagen Golf 1.4 90 KW Trendline (Or Equivalent New Car),24854.93,17.6
Malta,Toyota Corolla Sedan 1.6l 97kW Comfort (Or Equivalent New Car),29304.2,17.6
Malta,"Basic (Electricity, Heating, Cooling, Water, Garbage) for 85m2 Apartment",97.13,17.6
Malta,Mobile Phone Monthly Plan with Calls and 10GB+ Data,26.26,17.6
Malta,"Internet (60 Mbps or More, Unlimited Data, Cable/ADSL)",32.32,17.6
Malta,"Fitness Club, Monthly Fee for 1 Adult",61.03,17.6
Malta,Tennis Court Rent (1 Hour on Weekend),22.89,17.6
Malta,"Cinema, International Release, 1 Seat",9.71,17.6
Malta,"Preschool (or Kindergarten), Full Day, Private, Monthly for 1 Child",531.86,17.6
Malta,"International Primary School, Yearly for 1 Child",9352.69,17.6
Malta,1 Pair of Jeans (Levis 501 Or Similar),97.99,17.6
Malta,"1 Summer Dress in a Chain Store (Zara, H&M, ...)",39.89,17.6
Malta,1 Pair of Nike Running Shoes (Mid-Range),91.2,17.6
Malta,1 Pair of Men Leather Business Shoes,107.48,17.6
Malta,Apartment (1 bedroom) in City Centre,1024.0,17.6
Malta,Apartment (1 bedroom) Outside of Centre,853.47,17.6
Malta,Apartment (3 bedrooms) in City Centre,1767.58,17.6
Malta,Apartment (3 bedrooms) Outside of Centre,1337.81,17.6
Malta,Price per Square Meter to Buy Apartment in City Centre,3941.13,17.6
Malta,Price per Square Meter to Buy Apartment Outside of Centre,3084.0,17.6
Malta,Average Monthly Net Salary (After Tax),1594.92,17.6
Malta,"Mortgage Interest Rate in Percentages (%), Yearly, for 20 Years Fixed-Rate",4.75,17.6
Marshall Islands,"Meal, Inexpensive Restaurant",13.75,
Marshall Islands,"Meal for 2 People, Mid-range Restaurant, Three-course",30.0,
Marshall Islands,McMeal at McDonalds (or Equivalent Combo Meal),11.0,
Marshall Islands,Domestic Beer (0.5 liter draught),4.0,
Marshall Islands,Imported Beer (0.33 liter bottle),4.0,
Marshall Islands,Cappuccino (regular),3.75,
Marshall Islands,Coke/Pepsi (0.33 liter bottle),1.83,
Marshall Islands,Water (0.33 liter bottle),2.33,
Marshall Islands,"Milk (regular), (1 liter)",2.25,
Marshall Islands,Loaf of Fresh White Bread (500g),3.4,
Marshall Islands,"Rice (white), (1kg)",1.8,
Marshall Islands,Eggs (regular) (12),4.04,
Marshall Islands,Local Cheese (1kg),29.14,
Marshall Islands,Chicken Fillets (1kg),11.0,
Marshall Islands,Beef Round (1kg) (or Equivalent Back Leg Red Meat),18.28,
Marshall Islands,Apples (1kg),4.39,
Marshall Islands,Banana (1kg),7.25,
Marshall Islands,Oranges (1kg),8.71,
Marshall Islands,Tomato (1kg),12.76,
Marshall Islands,Potato (1kg),5.27,
Marshall Islands,Onion (1kg),5.5,
Marshall Islands,Lettuce (1 head),3.75,
Marshall Islands,Water (1.5 liter bottle),1.52,
Marshall Islands,Bottle of Wine (Mid-Range),10.0,
Marshall Islands,Domestic Beer (0.5 liter bottle),,
Marshall Islands,Imported Beer (0.33 liter bottle),2.17,
Marshall Islands,Cigarettes 20 Pack (Marlboro),,
Marshall Islands,One-way Ticket (Local Transport),2.5,
Marshall Islands,Monthly Pass (Regular Price),,
Marshall Islands,Taxi Start (Normal Tariff),2.5,
Marshall Islands,Taxi 1km (Normal Tariff),1.5,
Marshall Islands,Taxi 1hour Waiting (Normal Tariff),5.0,
Marshall Islands,Gasoline (1 liter),1.8,
Marshall Islands,Volkswagen Golf 1.4 90 KW Trendline (Or Equivalent New Car),18500.0,
Marshall Islands,Toyota Corolla Sedan 1.6l 97kW Comfort (Or Equivalent New Car),13000.0,
Marshall Islands,"Basic (Electricity, Heating, Cooling, Water, Garbage) for 85m2 Apartment",249.94,
Marshall Islands,Mobile Phone Monthly Plan with Calls and 10GB+ Data,37.5,
Marshall Islands,"Internet (60 Mbps or More, Unlimited Data, Cable/ADSL)",71.5,
Marshall Islands,"Fitness Club, Monthly Fee for 1 Adult",33.33,
Marshall Islands,Tennis Court Rent (1 Hour on Weekend),0.0,
Marshall Islands,"Cinema, International Release, 1 Seat",,
Marshall Islands,"Preschool (or Kindergarten), Full Day, Private, Monthly for 1 Child",150.0,
Marshall Islands,"International Primary School, Yearly for 1 Child",3570.0,
Marshall Islands,1 Pair of Jeans (Levis 501 Or Similar),57.5,
Marshall Islands,"1 Summer Dress in a Chain Store (Zara, H&M, ...)",40.0,
Marshall Islands,1 Pair of Nike Running Shoes (Mid-Range),35.0,
Marshall Islands,1 Pair of Men Leather Business Shoes,54.0,
Marshall Islands,Apartment (1 bedroom) in City Centre,766.67,
Marshall Islands,Apartment (1 bedroom) Outside of Centre,833.33,
Marshall Islands,Apartment (3 bedrooms) in City Centre,1383.33,
Marshall Islands,Apartment (3 bedrooms) Outside of Centre,1416.67,
Marshall Islands,Price per Square Meter to Buy Apartment in City Centre,,
Marshall Islands,Price per Square Meter to Buy Apartment Outside of Centre,,
Marshall Islands,Average Monthly Net Salary (After Tax),2000.0,
Marshall Islands,"Mortgage Interest Rate in Percentages (%), Yearly, for 20 Years Fixed-Rate",,
Martinique,"Meal, Inexpensive Restaurant",21.58,-5.7
Martinique,"Meal for 2 People, Mid-range Restaurant, Three-course",77.67,-5.7
Martinique,McMeal at McDonalds (or Equivalent Combo Meal),16.18,-5.7
Martinique,Domestic Beer (0.5 liter draught),6.47,-5.7
Martinique,Imported Beer (0.33 liter bottle),4.85,-5.7
Martinique,Cappuccino (regular),4.32,-5.7
Martinique,Coke/Pepsi (0.33 liter bottle),3.24,-5.7
Martinique,Water (0.33 liter bottle),3.6,-5.7
Martinique,"Milk (regular), (1 liter)",1.67,-5.7
Martinique,Loaf of Fresh White Bread (500g),1.56,-5.7
Martinique,"Rice (white), (1kg)",3.45,-5.7
Martinique,Eggs (regular) (12),3.48,-5.7
Martinique,Local Cheese (1kg),18.34,-5.7
Martinique,Chicken Fillets (1kg),16.99,-5.7
Martinique,Beef Round (1kg) (or Equivalent Back Leg Red Meat),19.42,-5.7
Martinique,Apples (1kg),3.66,-5.7
Martinique,Banana (1kg),1.29,-5.7
Martinique,Oranges (1kg),2.83,-5.7
Martinique,Tomato (1kg),6.25,-5.7
Martinique,Potato (1kg),2.15,-5.7
Martinique,Onion (1kg),2.15,-5.7
Martinique,Lettuce (1 head),1.24,-5.7
Martinique,Water (1.5 liter bottle),0.71,-5.7
Martinique,Bottle of Wine (Mid-Range),8.14,-5.7
Martinique,Domestic Beer (0.5 liter bottle),1.67,-5.7
Martinique,Imported Beer (0.33 liter bottle),2.68,-5.7
Martinique,Cigarettes 20 Pack (Marlboro),11.43,-5.7
Martinique,One-way Ticket (Local Transport),1.56,-5.7
Martinique,Monthly Pass (Regular Price),48.01,-5.7
Martinique,Taxi Start (Normal Tariff),4.1,-5.7
Martinique,Taxi 1km (Normal Tariff),2.01,-5.7
Martinique,Taxi 1hour Waiting (Normal Tariff),40.99,-5.7
Martinique,Gasoline (1 liter),2.05,-5.7
Martinique,Volkswagen Golf 1.4 90 KW Trendline (Or Equivalent New Car),23193.62,-5.7
Martinique,Toyota Corolla Sedan 1.6l 97kW Comfort (Or Equivalent New Car),32341.62,-5.7
Martinique,"Basic (Electricity, Heating, Cooling, Water, Garbage) for 85m2 Apartment",151.03,-5.7
Martinique,Mobile Phone Monthly Plan with Calls and 10GB+ Data,10.78,-5.7
Martinique,"Internet (60 Mbps or More, Unlimited Data, Cable/ADSL)",37.76,-5.7
Martinique,"Fitness Club, Monthly Fee for 1 Adult",32.36,-5.7
Martinique,Tennis Court Rent (1 Hour on Weekend),17.26,-5.7
Martinique,"Cinema, International Release, 1 Seat",10.03,-5.7
Martinique,"Preschool (or Kindergarten), Full Day, Private, Monthly for 1 Child",269.69,-5.7
Martinique,"International Primary School, Yearly for 1 Child",2427.24,-5.7
Martinique,1 Pair of Jeans (Levis 501 Or Similar),107.88,-5.7
Martinique,"1 Summer Dress in a Chain Store (Zara, H&M, ...)",26.97,-5.7
Martinique,1 Pair of Nike Running Shoes (Mid-Range),145.63,-5.7
Martinique,1 Pair of Men Leather Business Shoes,203.89,-5.7
Martinique,Apartment (1 bedroom) in City Centre,765.93,-5.7
Martinique,Apartment (1 bedroom) Outside of Centre,697.61,-5.7
Martinique,Apartment (3 bedrooms) in City Centre,1208.23,-5.7
Martinique,Apartment (3 bedrooms) Outside of Centre,1321.5,-5.7
Martinique,Price per Square Meter to Buy Apartment in City Centre,2213.64,-5.7
Martinique,Price per Square Meter to Buy Apartment Outside of Centre,3462.32,-5.7
Martinique,Average Monthly Net Salary (After Tax),2144.06,-5.7
Martinique,"Mortgage Interest Rate in Percentages (%), Yearly, for 20 Years Fixed-Rate",1.45,-5.7
Mauritania,"Meal, Inexpensive Restaurant",3.76,-69.3
Mauritania,"Meal for 2 People, Mid-range Restaurant, Three-course",24.48,-69.3
Mauritania,McMeal at McDonalds (or Equivalent Combo Meal),6.0,-69.3
Mauritania,Domestic Non-Alcoholic Beer (0.5 liter draught),1.96,-69.3
Mauritania,Imported Non-Alcoholic Beer (0.33 liter bottle),2.51,-69.3
Mauritania,Cappuccino (regular),2.44,-69.3
Mauritania,Coke/Pepsi (0.33 liter bottle),2.02,-69.3
Mauritania,Water (0.33 liter bottle),2.41,-69.3
Mauritania,"Milk (regular), (1 liter)",1.42,-69.3
Mauritania,Loaf of Fresh White Bread (500g),0.32,-69.3
Mauritania,"Rice (white), (1kg)",1.05,-69.3
Mauritania,Eggs (regular) (12),2.21,-69.3
Mauritania,Local Cheese (1kg),7.55,-69.3
Mauritania,Chicken Fillets (1kg),4.9,-69.3
Mauritania,Beef Round (1kg) (or Equivalent Back Leg Red Meat),7.13,-69.3
Mauritania,Apples (1kg),2.12,-69.3
Mauritania,Banana (1kg),1.78,-69.3
Mauritania,Oranges (1kg),1.28,-69.3
Mauritania,Tomato (1kg),0.95,-69.3
Mauritania,Potato (1kg),0.77,-69.3
Mauritania,Onion (1kg),0.73,-69.3
Mauritania,Lettuce (1 head),0.58,-69.3
Mauritania,Water (1.5 liter bottle),0.67,-69.3
Mauritania,Bottle of Non-Alcoholic Wine (Mid-Range),10.03,-69.3
Mauritania,Domestic Non-Alcoholic Beer (0.5 liter bottle),2.56,-69.3
Mauritania,Imported Non-Alcoholic Beer (0.33 liter bottle),1.73,-69.3
Mauritania,Cigarettes 20 Pack (Marlboro),2.51,-69.3
Mauritania,One-way Ticket (Local Transport),0.48,-69.3
Mauritania,Monthly Pass (Regular Price),17.55,-69.3
Mauritania,Taxi Start (Normal Tariff),0.88,-69.3
Mauritania,Taxi 1km (Normal Tariff),0.25,-69.3
Mauritania,Taxi 1hour Waiting (Normal Tariff),6.56,-69.3
Mauritania,Gasoline (1 liter),1.29,-69.3
Mauritania,Volkswagen Golf 1.4 90 KW Trendline (Or Equivalent New Car),7521.87,-69.3
Mauritania,Toyota Corolla Sedan 1.6l 97kW Comfort (Or Equivalent New Car),9137.4,-69.3
Mauritania,"Basic (Electricity, Heating, Cooling, Water, Garbage) for 85m2 Apartment",145.51,-69.3
Mauritania,Mobile Phone Monthly Plan with Calls and 10GB+ Data,25.07,-69.3
Mauritania,"Internet (60 Mbps or More, Unlimited Data, Cable/ADSL)",59.1,-69.3
Mauritania,"Fitness Club, Monthly Fee for 1 Adult",87.13,-69.3
Mauritania,Tennis Court Rent (1 Hour on Weekend),250.73,-69.3
Mauritania,"Cinema, International Release, 1 Seat",4.39,-69.3
Mauritania,"Preschool (or Kindergarten), Full Day, Private, Monthly for 1 Child",81.44,-69.3
Mauritania,"International Primary School, Yearly for 1 Child",7005.01,-69.3
Mauritania,1 Pair of Jeans (Levis 501 Or Similar),20.43,-69.3
Mauritania,"1 Summer Dress in a Chain Store (Zara, H&M, ...)",20.74,-69.3
Mauritania,1 Pair of Nike Running Shoes (Mid-Range),69.14,-69.3
Mauritania,1 Pair of Men Leather Business Shoes,35.42,-69.3
Mauritania,Apartment (1 bedroom) in City Centre,225.48,-69.3
Mauritania,Apartment (1 bedroom) Outside of Centre,161.85,-69.3
Mauritania,Apartment (3 bedrooms) in City Centre,598.8,-69.3
Mauritania,Apartment (3 bedrooms) Outside of Centre,313.15,-69.3
Mauritania,Price per Square Meter to Buy Apartment in City Centre,3399.53,-69.3
Mauritania,Price per Square Meter to Buy Apartment Outside of Centre,1146.94,-69.3
Mauritania,Average Monthly Net Salary (After Tax),757.12,-69.3
Mauritania,"Mortgage Interest Rate in Percentages (%), Yearly, for 20 Years Fixed-Rate",16.5,-69.3
Mauritius,"Meal, Inexpensive Restaurant",6.48,-50.9
Mauritius,"Meal for 2 People, Mid-range Restaurant, Three-course",37.76,-50.9
Mauritius,McMeal at McDonalds (or Equivalent Combo Meal),5.4,-50.9
Mauritius,Domestic Beer (0.5 liter draught),2.16,-50.9
Mauritius,Imported Beer (0.33 liter bottle),2.65,-50.9
Mauritius,Cappuccino (regular),2.32,-50.9
Mauritius,Coke/Pepsi (0.33 liter bottle),0.98,-50.9
Mauritius,Water (0.33 liter bottle),0.59,-50.9
Mauritius,"Milk (regular), (1 liter)",1.27,-50.9
Mauritius,Loaf of Fresh White Bread (500g),0.7,-50.9
Mauritius,"Rice (white), (1kg)",2.07,-50.9
Mauritius,Eggs (regular) (12),2.08,-50.9
Mauritius,Local Cheese (1kg),8.49,-50.9
Mauritius,Chicken Fillets (1kg),5.52,-50.9
Mauritius,Beef Round (1kg) (or Equivalent Back Leg Red Meat),12.85,-50.9
Mauritius,Apples (1kg),2.03,-50.9
Mauritius,Banana (1kg),1.86,-50.9
Mauritius,Oranges (1kg),2.07,-50.9
Mauritius,Tomato (1kg),3.06,-50.9
Mauritius,Potato (1kg),1.1,-50.9
Mauritius,Onion (1kg),1.14,-50.9
Mauritius,Lettuce (1 head),0.88,-50.9
Mauritius,Water (1.5 liter bottle),0.58,-50.9
Mauritius,Bottle of Wine (Mid-Range),10.81,-50.9
Mauritius,Domestic Beer (0.5 liter bottle),1.53,-50.9
Mauritius,Imported Beer (0.33 liter bottle),1.89,-50.9
Mauritius,Cigarettes 20 Pack (Marlboro),5.89,-50.9
Mauritius,One-way Ticket (Local Transport),0.89,-50.9
Mauritius,Monthly Pass (Regular Price),22.13,-50.9
Mauritius,Taxi Start (Normal Tariff),3.24,-50.9
Mauritius,Taxi 1km (Normal Tariff),2.62,-50.9
Mauritius,Taxi 1hour Waiting (Normal Tariff),10.81,-50.9
Mauritius,Gasoline (1 liter),1.54,-50.9
Mauritius,Volkswagen Golf 1.4 90 KW Trendline (Or Equivalent New Car),30257.19,-50.9
Mauritius,Toyota Corolla Sedan 1.6l 97kW Comfort (Or Equivalent New Car),33429.69,-50.9
Mauritius,"Basic (Electricity, Heating, Cooling, Water, Garbage) for 85m2 Apartment",52.7,-50.9
Mauritius,Mobile Phone Monthly Plan with Calls and 10GB+ Data,18.25,-50.9
Mauritius,"Internet (60 Mbps or More, Unlimited Data, Cable/ADSL)",30.4,-50.9
Mauritius,"Fitness Club, Monthly Fee for 1 Adult",34.24,-50.9
Mauritius,Tennis Court Rent (1 Hour on Weekend),11.42,-50.9
Mauritius,"Cinema, International Release, 1 Seat",6.48,-50.9
Mauritius,"Preschool (or Kindergarten), Full Day, Private, Monthly for 1 Child",159.93,-50.9
Mauritius,"International Primary School, Yearly for 1 Child",4192.78,-50.9
Mauritius,1 Pair of Jeans (Levis 501 Or Similar),44.46,-50.9
Mauritius,"1 Summer Dress in a Chain Store (Zara, H&M, ...)",38.27,-50.9
Mauritius,1 Pair of Nike Running Shoes (Mid-Range),76.53,-50.9
Mauritius,1 Pair of Men Leather Business Shoes,62.16,-50.9
Mauritius,Apartment (1 bedroom) in City Centre,428.92,-50.9
Mauritius,Apartment (1 bedroom) Outside of Centre,321.44,-50.9
Mauritius,Apartment (3 bedrooms) in City Centre,735.65,-50.9
Mauritius,Apartment (3 bedrooms) Outside of Centre,595.25,-50.9
Mauritius,Price per Square Meter to Buy Apartment in City Centre,1180.76,-50.9
Mauritius,Price per Square Meter to Buy Apartment Outside of Centre,992.34,-50.9
Mauritius,Average Monthly Net Salary (After Tax),630.47,-50.9
Mauritius,"Mortgage Interest Rate in Percentages (%), Yearly, for 20 Years Fixed-Rate",5.95,-50.9
Mexico,"Meal, Inexpensive Restaurant",9.0,-28.7
Mexico,"Meal for 2 People, Mid-range Restaurant, Three-course",40.0,-28.7
Mexico,McMeal at McDonalds (or Equivalent Combo Meal),7.5,-28.7
Mexico,Domestic Beer (0.5 liter draught),2.25,-28.7
Mexico,Imported Beer (0.33 liter bottle),3.75,-28.7
Mexico,Cappuccino (regular),2.96,-28.7
Mexico,Coke/Pepsi (0.33 liter bottle),1.14,-28.7
Mexico,Water (0.33 liter bottle),0.84,-28.7
Mexico,"Milk (regular), (1 liter)",1.37,-28.7
Mexico,Loaf of Fresh White Bread (500g),2.39,-28.7
Mexico,"Rice (white), (1kg)",1.6,-28.7
Mexico,Eggs (regular) (12),2.19,-28.7
Mexico,Local Cheese (1kg),7.93,-28.7
Mexico,Chicken Fillets (1kg),7.17,-28.7
Mexico,Beef Round (1kg) (or Equivalent Back Leg Red Meat),9.96,-28.7
Mexico,Apples (1kg),2.53,-28.7
Mexico,Banana (1kg),1.29,-28.7
Mexico,Oranges (1kg),1.62,-28.7
Mexico,Tomato (1kg),1.6,-28.7
Mexico,Potato (1kg),1.83,-28.7
Mexico,Onion (1kg),1.64,-28.7
Mexico,Lettuce (1 head),1.16,-28.7
Mexico,Water (1.5 liter bottle),0.91,-28.7
Mexico,Bottle of Wine (Mid-Range),10.0,-28.7
Mexico,Domestic Beer (0.5 liter bottle),1.44,-28.7
Mexico,Imported Beer (0.33 liter bottle),2.54,-28.7
Mexico,Cigarettes 20 Pack (Marlboro),3.9,-28.7
Mexico,One-way Ticket (Local Transport),0.58,-28.7
Mexico,Monthly Pass (Regular Price),25.0,-28.7
Mexico,Taxi Start (Normal Tariff),2.5,-28.7
Mexico,Taxi 1km (Normal Tariff),1.86,-28.7
Mexico,Taxi 1hour Waiting (Normal Tariff),9.0,-28.7
Mexico,Gasoline (1 liter),1.2,-28.7
Mexico,Volkswagen Golf 1.4 90 KW Trendline (Or Equivalent New Car),19475.68,-28.7
Mexico,Toyota Corolla Sedan 1.6l 97kW Comfort (Or Equivalent New Car),21350.45,-28.7
Mexico,"Basic (Electricity, Heating, Cooling, Water, Garbage) for 85m2 Apartment",60.42,-28.7
Mexico,Mobile Phone Monthly Plan with Calls and 10GB+ Data,22.0,-28.7
Mexico,"Internet (60 Mbps or More, Unlimited Data, Cable/ADSL)",26.35,-28.7
Mexico,"Fitness Club, Monthly Fee for 1 Adult",33.05,-28.7
Mexico,Tennis Court Rent (1 Hour on Weekend),17.09,-28.7
Mexico,"Cinema, International Release, 1 Seat",4.5,-28.7
Mexico,"Preschool (or Kindergarten), Full Day, Private, Monthly for 1 Child",230.4,-28.7
Mexico,"International Primary School, Yearly for 1 Child",4855.81,-28.7
Mexico,1 Pair of Jeans (Levis 501 Or Similar),49.63,-28.7
Mexico,"1 Summer Dress in a Chain Store (Zara, H&M, ...)",38.3,-28.7
Mexico,1 Pair of Nike Running Shoes (Mid-Range),85.25,-28.7
Mexico,1 Pair of Men Leather Business Shoes,78.21,-28.7
Mexico,Apartment (1 bedroom) in City Centre,609.06,-28.7
Mexico,Apartment (1 bedroom) Outside of Centre,420.79,-28.7
Mexico,Apartment (3 bedrooms) in City Centre,1172.59,-28.7
Mexico,Apartment (3 bedrooms) Outside of Centre,816.19,-28.7
Mexico,Price per Square Meter to Buy Apartment in City Centre,1797.4,-28.7
Mexico,Price per Square Meter to Buy Apartment Outside of Centre,1272.27,-28.7
Mexico,Average Monthly Net Salary (After Tax),667.78,-28.7
Mexico,"Mortgage Interest Rate in Percentages (%), Yearly, for 20 Years Fixed-Rate",11.44,-28.7
Micronesia,"Meal, Inexpensive Restaurant",30.0,-12.5
Micronesia,"Meal for 2 People, Mid-range Restaurant, Three-course",45.0,-12.5
Micronesia,McMeal at McDonalds (or Equivalent Combo Meal),6.75,-12.5
Micronesia,Domestic Beer (0.5 liter draught),1.0,-12.5
Micronesia,Imported Beer (0.33 liter bottle),2.5,-12.5
Micronesia,Cappuccino (regular),3.83,-12.5
Micronesia,Coke/Pepsi (0.33 liter bottle),1.47,-12.5
Micronesia,Water (0.33 liter bottle),3.0,-12.5
Micronesia,"Milk (regular), (1 liter)",0.24,-12.5
Micronesia,Loaf of Fresh White Bread (500g),2.91,-12.5
Micronesia,"Rice (white), (1kg)",3.38,-12.5
Micronesia,Eggs (regular) (12),4.97,-12.5
Micronesia,Local Cheese (1kg),5.91,-12.5
Micronesia,Chicken Fillets (1kg),4.8,-12.5
Micronesia,Beef Round (1kg) (or Equivalent Back Leg Red Meat),10.85,-12.5
Micronesia,Apples (1kg),5.2,-12.5
Micronesia,Banana (1kg),3.8,-12.5
Micronesia,Oranges (1kg),4.95,-12.5
Micronesia,Tomato (1kg),3.75,-12.5
Micronesia,Potato (1kg),4.5,-12.5
Micronesia,Onion (1kg),3.14,-12.5
Micronesia,Lettuce (1 head),3.17,-12.5
Micronesia,Water (1.5 liter bottle),1.37,-12.5
Micronesia,Bottle of Wine (Mid-Range),4.88,-12.5
Micronesia,Domestic Beer (0.5 liter bottle),2.61,-12.5
Micronesia,Imported Beer (0.33 liter bottle),2.8,-12.5
Micronesia,Cigarettes 20 Pack (Marlboro),13.5,-12.5
Micronesia,One-way Ticket (Local Transport),1.0,-12.5
Micronesia,Monthly Pass (Regular Price),27.87,-12.5
Micronesia,Taxi Start (Normal Tariff),6.25,-12.5
Micronesia,Taxi 1km (Normal Tariff),1.24,-12.5
Micronesia,Taxi 1hour Waiting (Normal Tariff),4.8,-12.5
Micronesia,Gasoline (1 liter),3.01,-12.5
Micronesia,Volkswagen Golf 1.4 90 KW Trendline (Or Equivalent New Car),3995.0,-12.5
Micronesia,Toyota Corolla Sedan 1.6l 97kW Comfort (Or Equivalent New Car),3999.5,-12.5
Micronesia,"Basic (Electricity, Heating, Cooling, Water, Garbage) for 85m2 Apartment",116.67,-12.5
Micronesia,Mobile Phone Monthly Plan with Calls and 10GB+ Data,31.67,-12.5
Micronesia,"Internet (60 Mbps or More, Unlimited Data, Cable/ADSL)",220.33,-12.5
Micronesia,"Fitness Club, Monthly Fee for 1 Adult",30.5,-12.5
Micronesia,Tennis Court Rent (1 Hour on Weekend),35.0,-12.5
Micronesia,"Cinema, International Release, 1 Seat",7.0,-12.5
Micronesia,"Preschool (or Kindergarten), Full Day, Private, Monthly for 1 Child",151.67,-12.5
Micronesia,"International Primary School, Yearly for 1 Child",1685.0,-12.5
Micronesia,1 Pair of Jeans (Levis 501 Or Similar),41.33,-12.5
Micronesia,"1 Summer Dress in a Chain Store (Zara, H&M, ...)",56.0,-12.5
Micronesia,1 Pair of Nike Running Shoes (Mid-Range),86.67,-12.5
Micronesia,1 Pair of Men Leather Business Shoes,91.0,-12.5
Micronesia,Apartment (1 bedroom) in City Centre,975.0,-12.5
Micronesia,Apartment (1 bedroom) Outside of Centre,753.75,-12.5
Micronesia,Apartment (3 bedrooms) in City Centre,976.25,-12.5
Micronesia,Apartment (3 bedrooms) Outside of Centre,1000.0,-12.5
Micronesia,Price per Square Meter to Buy Apartment in City Centre,1036.67,-12.5
Micronesia,Price per Square Meter to Buy Apartment Outside of Centre,766.67,-12.5
Micronesia,Average Monthly Net Salary (After Tax),305.33,-12.5
Micronesia,"Mortgage Interest Rate in Percentages (%), Yearly, for 20 Years Fixed-Rate",390000.0,-12.5
Moldova,"Meal, Inexpensive Restaurant",6.69,-43.3
Moldova,"Meal for 2 People, Mid-range Restaurant, Three-course",33.44,-43.3
Moldova,McMeal at McDonalds (or Equivalent Combo Meal),6.69,-43.3
Moldova,Domestic Beer (0.5 liter draught),1.67,-43.3
Moldova,Imported Beer (0.33 liter bottle),2.23,-43.3
Moldova,Cappuccino (regular),1.63,-43.3
Moldova,Coke/Pepsi (0.33 liter bottle),0.94,-43.3
Moldova,Water (0.33 liter bottle),0.6,-43.3
Moldova,"Milk (regular), (1 liter)",1.15,-43.3
Moldova,Loaf of Fresh White Bread (500g),0.52,-43.3
Moldova,"Rice (white), (1kg)",1.54,-43.3
Moldova,Eggs (regular) (12),2.2,-43.3
Moldova,Local Cheese (1kg),10.09,-43.3
Moldova,Chicken Fillets (1kg),5.15,-43.3
Moldova,Beef Round (1kg) (or Equivalent Back Leg Red Meat),7.77,-43.3
Moldova,Apples (1kg),0.75,-43.3
Moldova,Banana (1kg),1.78,-43.3
Moldova,Oranges (1kg),1.65,-43.3
Moldova,Tomato (1kg),1.89,-43.3
Moldova,Potato (1kg),0.66,-43.3
Moldova,Onion (1kg),0.71,-43.3
Moldova,Lettuce (1 head),1.19,-43.3
Moldova,Water (1.5 liter bottle),0.76,-43.3
Moldova,Bottle of Wine (Mid-Range),5.02,-43.3
Moldova,Domestic Beer (0.5 liter bottle),1.19,-43.3
Moldova,Imported Beer (0.33 liter bottle),1.86,-43.3
Moldova,Cigarettes 20 Pack (Marlboro),2.79,-43.3
Moldova,One-way Ticket (Local Transport),0.33,-43.3
Moldova,Monthly Pass (Regular Price),13.04,-43.3
Moldova,Taxi Start (Normal Tariff),1.95,-43.3
Moldova,Taxi 1km (Normal Tariff),0.36,-43.3
Moldova,Taxi 1hour Waiting (Normal Tariff),3.62,-43.3
Moldova,Gasoline (1 liter),1.35,-43.3
Moldova,Volkswagen Golf 1.4 90 KW Trendline (Or Equivalent New Car),23966.41,-43.3
Moldova,Toyota Corolla Sedan 1.6l 97kW Comfort (Or Equivalent New Car),23919.1,-43.3
Moldova,"Basic (Electricity, Heating, Cooling, Water, Garbage) for 85m2 Apartment",207.64,-43.3
Moldova,Mobile Phone Monthly Plan with Calls and 10GB+ Data,7.81,-43.3
Moldova,"Internet (60 Mbps or More, Unlimited Data, Cable/ADSL)",10.91,-43.3
Moldova,"Fitness Club, Monthly Fee for 1 Adult",37.39,-43.3
Moldova,Tennis Court Rent (1 Hour on Weekend),19.97,-43.3
Moldova,"Cinema, International Release, 1 Seat",6.69,-43.3
Moldova,"Preschool (or Kindergarten), Full Day, Private, Monthly for 1 Child",371.21,-43.3
Moldova,"International Primary School, Yearly for 1 Child",5057.2,-43.3
Moldova,1 Pair of Jeans (Levis 501 Or Similar),58.12,-43.3
Moldova,"1 Summer Dress in a Chain Store (Zara, H&M, ...)",44.0,-43.3
Moldova,1 Pair of Nike Running Shoes (Mid-Range),93.63,-43.3
Moldova,1 Pair of Men Leather Business Shoes,123.22,-43.3
Moldova,Apartment (1 bedroom) in City Centre,482.26,-43.3
Moldova,Apartment (1 bedroom) Outside of Centre,354.7,-43.3
Moldova,Apartment (3 bedrooms) in City Centre,912.57,-43.3
Moldova,Apartment (3 bedrooms) Outside of Centre,652.34,-43.3
Moldova,Price per Square Meter to Buy Apartment in City Centre,1706.46,-43.3
Moldova,Price per Square Meter to Buy Apartment Outside of Centre,1230.97,-43.3
Moldova,Average Monthly Net Salary (After Tax),577.23,-43.3
Moldova,"Mortgage Interest Rate in Percentages (%), Yearly, for 20 Years Fixed-Rate",11.01,-43.3
Monaco,"Meal, Inexpensive Restaurant",26.97,147.5
Monaco,"Meal for 2 People, Mid-range Restaurant, Three-course",129.45,147.5
Monaco,McMeal at McDonalds (or Equivalent Combo Meal),10.79,147.5
Monaco,Domestic Beer (0.5 liter draught),9.17,147.5
Monaco,Imported Beer (0.33 liter bottle),8.68,147.5
Monaco,Cappuccino (regular),4.08,147.5
Monaco,Coke/Pepsi (0.33 liter bottle),5.42,147.5
Monaco,Water (0.33 liter bottle),8.36,147.5
Monaco,"Milk (regular), (1 liter)",2.52,147.5
Monaco,Loaf of Fresh White Bread (500g),4.53,147.5
Monaco,"Rice (white), (1kg)",3.33,147.5
Monaco,Eggs (regular) (12),4.3,147.5
Monaco,Local Cheese (1kg),21.58,147.5
Monaco,Chicken Fillets (1kg),16.15,147.5
Monaco,Beef Round (1kg) (or Equivalent Back Leg Red Meat),21.58,147.5
Monaco,Apples (1kg),3.67,147.5
Monaco,Banana (1kg),6.2,147.5
Monaco,Oranges (1kg),3.17,147.5
Monaco,Tomato (1kg),4.46,147.5
Monaco,Potato (1kg),3.87,147.5
Monaco,Onion (1kg),3.96,147.5
Monaco,Lettuce (1 head),2.63,147.5
Monaco,Water (1.5 liter bottle),5.75,147.5
Monaco,Bottle of Wine (Mid-Range),14.56,147.5
Monaco,Domestic Beer (0.5 liter bottle),2.1,147.5
Monaco,Imported Beer (0.33 liter bottle),4.66,147.5
Monaco,Cigarettes 20 Pack (Marlboro),13.48,147.5
Monaco,One-way Ticket (Local Transport),2.16,147.5
Monaco,Monthly Pass (Regular Price),23.73,147.5
Monaco,Taxi Start (Normal Tariff),6.26,147.5
Monaco,Taxi 1km (Normal Tariff),1.83,147.5
Monaco,Taxi 1hour Waiting (Normal Tariff),97.09,147.5
Monaco,Gasoline (1 liter),2.27,147.5
Monaco,Volkswagen Golf 1.4 90 KW Trendline (Or Equivalent New Car),52274.65,147.5
Monaco,Toyota Corolla Sedan 1.6l 97kW Comfort (Or Equivalent New Car),48748.32,147.5
Monaco,"Basic (Electricity, Heating, Cooling, Water, Garbage) for 85m2 Apartment",326.75,147.5
Monaco,Mobile Phone Monthly Plan with Calls and 10GB+ Data,56.1,147.5
Monaco,"Internet (60 Mbps or More, Unlimited Data, Cable/ADSL)",74.0,147.5
Monaco,"Fitness Club, Monthly Fee for 1 Adult",361.39,147.5
Monaco,Tennis Court Rent (1 Hour on Weekend),51.24,147.5
Monaco,"Cinema, International Release, 1 Seat",12.95,147.5
Monaco,"Preschool (or Kindergarten), Full Day, Private, Monthly for 1 Child",3200.36,147.5
Monaco,"International Primary School, Yearly for 1 Child",33307.12,147.5
Monaco,1 Pair of Jeans (Levis 501 Or Similar),175.57,147.5
Monaco,"1 Summer Dress in a Chain Store (Zara, H&M, ...)",67.69,147.5
Monaco,1 Pair of Nike Running Shoes (Mid-Range),186.9,147.5
Monaco,1 Pair of Men Leather Business Shoes,630.0,147.5
Monaco,Apartment (1 bedroom) in City Centre,6406.26,147.5
Monaco,Apartment (1 bedroom) Outside of Centre,5161.71,147.5
Monaco,Apartment (3 bedrooms) in City Centre,22519.39,147.5
Monaco,Apartment (3 bedrooms) Outside of Centre,14563.44,147.5
Monaco,Price per Square Meter to Buy Apartment in City Centre,71630.53,147.5
Monaco,Price per Square Meter to Buy Apartment Outside of Centre,57174.97,147.5
Monaco,Average Monthly Net Salary (After Tax),7886.76,147.5
Monaco,"Mortgage Interest Rate in Percentages (%), Yearly, for 20 Years Fixed-Rate",2.92,147.5
Mongolia,"Meal, Inexpensive Restaurant",4.71,-30.0
Mongolia,"Meal for 2 People, Mid-range Restaurant, Three-course",29.43,-30.0
Mongolia,McMeal at McDonalds (or Equivalent Combo Meal),4.71,-30.0
Mongolia,Domestic Beer (0.5 liter draught),1.62,-30.0
Mongolia,Imported Beer (0.33 liter bottle),2.35,-30.0
Mongolia,Cappuccino (regular),2.44,-30.0
Mongolia,Coke/Pepsi (0.33 liter bottle),0.78,-30.0
Mongolia,Water (0.33 liter bottle),0.47,-30.0
Mongolia,"Milk (regular), (1 liter)",1.39,-30.0
Mongolia,Loaf of Fresh White Bread (500g),0.86,-30.0
Mongolia,"Rice (white), (1kg)",1.71,-30.0
Mongolia,Eggs (regular) (12),2.2,-30.0
Mongolia,Local Cheese (1kg),13.14,-30.0
Mongolia,Chicken Fillets (1kg),4.92,-30.0
Mongolia,Beef Round (1kg) (or Equivalent Back Leg Red Meat),5.57,-30.0
Mongolia,Apples (1kg),3.49,-30.0
Mongolia,Banana (1kg),2.7,-30.0
Mongolia,Oranges (1kg),3.87,-30.0
Mongolia,Tomato (1kg),2.99,-30.0
Mongolia,Potato (1kg),0.67,-30.0
Mongolia,Onion (1kg),1.02,-30.0
Mongolia,Lettuce (1 head),1.09,-30.0
Mongolia,Water (1.5 liter bottle),0.66,-30.0
Mongolia,Bottle of Wine (Mid-Range),8.83,-30.0
Mongolia,Domestic Beer (0.5 liter bottle),1.09,-30.0
Mongolia,Imported Beer (0.33 liter bottle),1.65,-30.0
Mongolia,Cigarettes 20 Pack (Marlboro),1.77,-30.0
Mongolia,One-way Ticket (Local Transport),0.15,-30.0
Mongolia,Monthly Pass (Regular Price),7.28,-30.0
Mongolia,Taxi Start (Normal Tariff),0.59,-30.0
Mongolia,Taxi 1km (Normal Tariff),0.59,-30.0
Mongolia,Taxi 1hour Waiting (Normal Tariff),2.65,-30.0
Mongolia,Gasoline (1 liter),1.01,-30.0
Mongolia,Volkswagen Golf 1.4 90 KW Trendline (Or Equivalent New Car),21777.52,-30.0
Mongolia,Toyota Corolla Sedan 1.6l 97kW Comfort (Or Equivalent New Car),16245.59,-30.0
Mongolia,"Basic (Electricity, Heating, Cooling, Water, Garbage) for 85m2 Apartment",68.35,-30.0
Mongolia,Mobile Phone Monthly Plan with Calls and 10GB+ Data,7.5,-30.0
Mongolia,"Internet (60 Mbps or More, Unlimited Data, Cable/ADSL)",13.77,-30.0
Mongolia,"Fitness Club, Monthly Fee for 1 Adult",55.33,-30.0
Mongolia,Tennis Court Rent (1 Hour on Weekend),11.59,-30.0
Mongolia,"Cinema, International Release, 1 Seat",4.41,-30.0
Mongolia,"Preschool (or Kindergarten), Full Day, Private, Monthly for 1 Child",161.86,-30.0
Mongolia,"International Primary School, Yearly for 1 Child",6834.39,-30.0
Mongolia,1 Pair of Jeans (Levis 501 Or Similar),60.96,-30.0
Mongolia,"1 Summer Dress in a Chain Store (Zara, H&M, ...)",44.14,-30.0
Mongolia,1 Pair of Nike Running Shoes (Mid-Range),88.29,-30.0
Mongolia,1 Pair of Men Leather Business Shoes,112.2,-30.0
Mongolia,Apartment (1 bedroom) in City Centre,520.26,-30.0
Mongolia,Apartment (1 bedroom) Outside of Centre,362.96,-30.0
Mongolia,Apartment (3 bedrooms) in City Centre,1302.21,-30.0
Mongolia,Apartment (3 bedrooms) Outside of Centre,779.87,-30.0
Mongolia,Price per Square Meter to Buy Apartment in City Centre,1546.25,-30.0
Mongolia,Price per Square Meter to Buy Apartment Outside of Centre,947.62,-30.0
Mongolia,Average Monthly Net Salary (After Tax),391.9,-30.0
Mongolia,"Mortgage Interest Rate in Percentages (%), Yearly, for 20 Years Fixed-Rate",6.25,-30.0
Montenegro,"Meal, Inexpensive Restaurant",10.79,-23.1
Montenegro,"Meal for 2 People, Mid-range Restaurant, Three-course",45.85,-23.1
Montenegro,McMeal at McDonalds (or Equivalent Combo Meal),8.63,-23.1
Montenegro,Domestic Beer (0.5 liter draught),2.7,-23.1
Montenegro,Imported Beer (0.33 liter bottle),3.24,-23.1
Montenegro,Cappuccino (regular),2.13,-23.1
Montenegro,Coke/Pepsi (0.33 liter bottle),2.09,-23.1
Montenegro,Water (0.33 liter bottle),1.52,-23.1
Montenegro,"Milk (regular), (1 liter)",1.36,-23.1
Montenegro,Loaf of Fresh White Bread (500g),0.93,-23.1
Montenegro,"Rice (white), (1kg)",2.17,-23.1
Montenegro,Eggs (regular) (12),2.97,-23.1
Montenegro,Local Cheese (1kg),8.21,-23.1
Montenegro,Chicken Fillets (1kg),7.25,-23.1
Montenegro,Beef Round (1kg) (or Equivalent Back Leg Red Meat),11.01,-23.1
Montenegro,Apples (1kg),1.26,-23.1
Montenegro,Banana (1kg),1.88,-23.1
Montenegro,Oranges (1kg),1.46,-23.1
Montenegro,Tomato (1kg),2.52,-23.1
Montenegro,Potato (1kg),1.01,-23.1
Montenegro,Onion (1kg),1.17,-23.1
Montenegro,Lettuce (1 head),1.46,-23.1
Montenegro,Water (1.5 liter bottle),0.82,-23.1
Montenegro,Bottle of Wine (Mid-Range),5.39,-23.1
Montenegro,Domestic Beer (0.5 liter bottle),1.08,-23.1
Montenegro,Imported Beer (0.33 liter bottle),1.69,-23.1
Montenegro,Cigarettes 20 Pack (Marlboro),3.88,-23.1
Montenegro,One-way Ticket (Local Transport),1.08,-23.1
Montenegro,Monthly Pass (Regular Price),32.36,-23.1
Montenegro,Taxi Start (Normal Tariff),1.08,-23.1
Montenegro,Taxi 1km (Normal Tariff),1.08,-23.1
Montenegro,Taxi 1hour Waiting (Normal Tariff),10.79,-23.1
Montenegro,Gasoline (1 liter),1.62,-23.1
Montenegro,Volkswagen Golf 1.4 90 KW Trendline (Or Equivalent New Car),29126.87,-23.1
Montenegro,Toyota Corolla Sedan 1.6l 97kW Comfort (Or Equivalent New Car),28106.83,-23.1
Montenegro,"Basic (Electricity, Heating, Cooling, Water, Garbage) for 85m2 Apartment",119.94,-23.1
Montenegro,Mobile Phone Monthly Plan with Calls and 10GB+ Data,17.7,-23.1
Montenegro,"Internet (60 Mbps or More, Unlimited Data, Cable/ADSL)",28.73,-23.1
Montenegro,"Fitness Club, Monthly Fee for 1 Adult",40.95,-23.1
Montenegro,Tennis Court Rent (1 Hour on Weekend),13.39,-23.1
Montenegro,"Cinema, International Release, 1 Seat",5.39,-23.1
Montenegro,"Preschool (or Kindergarten), Full Day, Private, Monthly for 1 Child",292.91,-23.1
Montenegro,"International Primary School, Yearly for 1 Child",8105.18,-23.1
Montenegro,1 Pair of Jeans (Levis 501 Or Similar),75.87,-23.1
Montenegro,"1 Summer Dress in a Chain Store (Zara, H&M, ...)",35.06,-23.1
Montenegro,1 Pair of Nike Running Shoes (Mid-Range),95.93,-23.1
Montenegro,1 Pair of Men Leather Business Shoes,111.47,-23.1
Montenegro,Apartment (1 bedroom) in City Centre,668.62,-23.1
Montenegro,Apartment (1 bedroom) Outside of Centre,506.84,-23.1
Montenegro,Apartment (3 bedrooms) in City Centre,1195.52,-23.1
Montenegro,Apartment (3 bedrooms) Outside of Centre,887.43,-23.1
Montenegro,Price per Square Meter to Buy Apartment in City Centre,2539.16,-23.1
Montenegro,Price per Square Meter to Buy Apartment Outside of Centre,1940.27,-23.1
Montenegro,Average Monthly Net Salary (After Tax),861.04,-23.1
Montenegro,"Mortgage Interest Rate in Percentages (%), Yearly, for 20 Years Fixed-Rate",5.84,-23.1
Montserrat,"Meal, Inexpensive Restaurant",18.5,
Montserrat,"Meal for 2 People, Mid-range Restaurant, Three-course",48.1,
Montserrat,McMeal at McDonalds (or Equivalent Combo Meal),7.4,
Montserrat,Domestic Beer (0.5 liter draught),2.59,
Montserrat,Imported Beer (0.33 liter bottle),4.44,
Montserrat,Cappuccino (regular),6.29,
Montserrat,Coke/Pepsi (0.33 liter bottle),2.47,
Montserrat,Water (0.33 liter bottle),1.42,
Montserrat,"Milk (regular), (1 liter)",3.33,
Montserrat,Loaf of Fresh White Bread (500g),2.96,
Montserrat,"Rice (white), (1kg)",,
Montserrat,Eggs (regular) (12),7.1,
Montserrat,Local Cheese (1kg),5.92,
Montserrat,Chicken Fillets (1kg),9.25,
Montserrat,Beef Round (1kg) (or Equivalent Back Leg Red Meat),24.05,
Montserrat,Apples (1kg),3.26,
Montserrat,Banana (1kg),,
Montserrat,Oranges (1kg),,
Montserrat,Tomato (1kg),4.44,
Montserrat,Potato (1kg),,
Montserrat,Onion (1kg),2.22,
Montserrat,Lettuce (1 head),5.18,
Montserrat,Water (1.5 liter bottle),,
Montserrat,Bottle of Wine (Mid-Range),21.28,
Montserrat,Domestic Beer (0.5 liter bottle),,
Montserrat,Imported Beer (0.33 liter bottle),4.44,
Montserrat,Cigarettes 20 Pack (Marlboro),,
Montserrat,One-way Ticket (Local Transport),1.85,
Montserrat,Monthly Pass (Regular Price),,
Montserrat,Taxi Start (Normal Tariff),,
Montserrat,Taxi 1km (Normal Tariff),,
Montserrat,Taxi 1hour Waiting (Normal Tariff),,
Montserrat,Gasoline (1 liter),,
Montserrat,Volkswagen Golf 1.4 90 KW Trendline (Or Equivalent New Car),22201.25,
Montserrat,Toyota Corolla Sedan 1.6l 97kW Comfort (Or Equivalent New Car),16650.94,
Montserrat,"Basic (Electricity, Heating, Cooling, Water, Garbage) for 85m2 Apartment",,
Montserrat,Mobile Phone Monthly Plan with Calls and 10GB+ Data,40.7,
Montserrat,"Internet (60 Mbps or More, Unlimited Data, Cable/ADSL)",,
Montserrat,"Fitness Club, Monthly Fee for 1 Adult",55.5,
Montserrat,Tennis Court Rent (1 Hour on Weekend),,
Montserrat,"Cinema, International Release, 1 Seat",,
Montserrat,"Preschool (or Kindergarten), Full Day, Private, Monthly for 1 Child",,
Montserrat,"International Primary School, Yearly for 1 Child",,
Montserrat,1 Pair of Jeans (Levis 501 Or Similar),,
Montserrat,"1 Summer Dress in a Chain Store (Zara, H&M, ...)",,
Montserrat,1 Pair of Nike Running Shoes (Mid-Range),,
Montserrat,1 Pair of Men Leather Business Shoes,,
Montserrat,Apartment (1 bedroom) in City Centre,,
Montserrat,Apartment (1 bedroom) Outside of Centre,,
Montserrat,Apartment (3 bedrooms) in City Centre,1295.07,
Montserrat,Apartment (3 bedrooms) Outside of Centre,1295.07,
Montserrat,Price per Square Meter to Buy Apartment in City Centre,,
Montserrat,Price per Square Meter to Buy Apartment Outside of Centre,,
Montserrat,Average Monthly Net Salary (After Tax),,
Montserrat,"Mortgage Interest Rate in Percentages (%), Yearly, for 20 Years Fixed-Rate",,
Morocco,"Meal, Inexpensive Restaurant",4.04,-64.1
Morocco,"Meal for 2 People, Mid-range Restaurant, Three-course",25.26,-64.1
Morocco,McMeal at McDonalds (or Equivalent Combo Meal),6.06,-64.1
Morocco,Domestic Beer (0.5 liter draught),3.03,-64.1
Morocco,Imported Beer (0.33 liter bottle),3.18,-64.1
Morocco,Cappuccino (regular),1.69,-64.1
Morocco,Coke/Pepsi (0.33 liter bottle),0.56,-64.1
Morocco,Water (0.33 liter bottle),0.36,-64.1
Morocco,"Milk (regular), (1 liter)",0.81,-64.1
Morocco,Loaf of Fresh White Bread (500g),0.46,-64.1
Morocco,"Rice (white), (1kg)",1.7,-64.1
Morocco,Eggs (regular) (12),1.8,-64.1
Morocco,Local Cheese (1kg),9.26,-64.1
Morocco,Chicken Fillets (1kg),5.78,-64.1
Morocco,Beef Round (1kg) (or Equivalent Back Leg Red Meat),9.65,-64.1
Morocco,Apples (1kg),1.38,-64.1
Morocco,Banana (1kg),1.21,-64.1
Morocco,Oranges (1kg),0.79,-64.1
Morocco,Tomato (1kg),0.8,-64.1
Morocco,Potato (1kg),0.71,-64.1
Morocco,Onion (1kg),0.72,-64.1
Morocco,Lettuce (1 head),0.42,-64.1
Morocco,Water (1.5 liter bottle),0.58,-64.1
Morocco,Bottle of Wine (Mid-Range),7.07,-64.1
Morocco,Domestic Beer (0.5 liter bottle),2.28,-64.1
Morocco,Imported Beer (0.33 liter bottle),2.38,-64.1
Morocco,Cigarettes 20 Pack (Marlboro),3.94,-64.1
Morocco,One-way Ticket (Local Transport),0.51,-64.1
Morocco,Monthly Pass (Regular Price),20.21,-64.1
Morocco,Taxi Start (Normal Tariff),0.71,-64.1
Morocco,Taxi 1km (Normal Tariff),0.71,-64.1
Morocco,Taxi 1hour Waiting (Normal Tariff),5.05,-64.1
Morocco,Gasoline (1 liter),1.49,-64.1
Morocco,Volkswagen Golf 1.4 90 KW Trendline (Or Equivalent New Car),34359.78,-64.1
Morocco,Toyota Corolla Sedan 1.6l 97kW Comfort (Or Equivalent New Car),25638.27,-64.1
Morocco,"Basic (Electricity, Heating, Cooling, Water, Garbage) for 85m2 Apartment",39.07,-64.1
Morocco,Mobile Phone Monthly Plan with Calls and 10GB+ Data,10.36,-64.1
Morocco,"Internet (60 Mbps or More, Unlimited Data, Cable/ADSL)",36.22,-64.1
Morocco,"Fitness Club, Monthly Fee for 1 Adult",23.55,-64.1
Morocco,Tennis Court Rent (1 Hour on Weekend),24.24,-64.1
Morocco,"Cinema, International Release, 1 Seat",6.32,-64.1
Morocco,"Preschool (or Kindergarten), Full Day, Private, Monthly for 1 Child",106.47,-64.1
Morocco,"International Primary School, Yearly for 1 Child",3408.56,-64.1
Morocco,1 Pair of Jeans (Levis 501 Or Similar),38.11,-64.1
Morocco,"1 Summer Dress in a Chain Store (Zara, H&M, ...)",40.14,-64.1
Morocco,1 Pair of Nike Running Shoes (Mid-Range),83.4,-64.1
Morocco,1 Pair of Men Leather Business Shoes,70.01,-64.1
Morocco,Apartment (1 bedroom) in City Centre,328.17,-64.1
Morocco,Apartment (1 bedroom) Outside of Centre,193.79,-64.1
Morocco,Apartment (3 bedrooms) in City Centre,641.46,-64.1
Morocco,Apartment (3 bedrooms) Outside of Centre,358.56,-64.1
Morocco,Price per Square Meter to Buy Apartment in City Centre,1419.23,-64.1
Morocco,Price per Square Meter to Buy Apartment Outside of Centre,842.82,-64.1
Morocco,Average Monthly Net Salary (After Tax),413.83,-64.1
Morocco,"Mortgage Interest Rate in Percentages (%), Yearly, for 20 Years Fixed-Rate",4.87,-64.1
Mozambique,"Meal, Inexpensive Restaurant",9.7,-16.7
Mozambique,"Meal for 2 People, Mid-range Restaurant, Three-course",60.0,-16.7
Mozambique,McMeal at McDonalds (or Equivalent Combo Meal),10.0,-16.7
Mozambique,Domestic Beer (0.5 liter draught),1.17,-16.7
Mozambique,Imported Beer (0.33 liter bottle),1.78,-16.7
Mozambique,Cappuccino (regular),2.23,-16.7
Mozambique,Coke/Pepsi (0.33 liter bottle),1.05,-16.7
Mozambique,Water (0.33 liter bottle),0.81,-16.7
Mozambique,"Milk (regular), (1 liter)",1.6,-16.7
Mozambique,Loaf of Fresh White Bread (500g),1.07,-16.7
Mozambique,"Rice (white), (1kg)",1.51,-16.7
Mozambique,Eggs (regular) (12),2.18,-16.7
Mozambique,Local Cheese (1kg),16.92,-16.7
Mozambique,Chicken Fillets (1kg),4.75,-16.7
Mozambique,Beef Round (1kg) (or Equivalent Back Leg Red Meat),6.03,-16.7
Mozambique,Apples (1kg),1.97,-16.7
Mozambique,Banana (1kg),0.98,-16.7
Mozambique,Oranges (1kg),1.35,-16.7
Mozambique,Tomato (1kg),1.24,-16.7
Mozambique,Potato (1kg),0.86,-16.7
Mozambique,Onion (1kg),0.93,-16.7
Mozambique,Lettuce (1 head),0.83,-16.7
Mozambique,Water (1.5 liter bottle),0.79,-16.7
Mozambique,Bottle of Wine (Mid-Range),12.92,-16.7
Mozambique,Domestic Beer (0.5 liter bottle),0.97,-16.7
Mozambique,Imported Beer (0.33 liter bottle),1.74,-16.7
Mozambique,Cigarettes 20 Pack (Marlboro),2.35,-16.7
Mozambique,One-way Ticket (Local Transport),0.23,-16.7
Mozambique,Monthly Pass (Regular Price),13.18,-16.7
Mozambique,Taxi Start (Normal Tariff),2.58,-16.7
Mozambique,Taxi 1km (Normal Tariff),3.92,-16.7
Mozambique,Taxi 1hour Waiting (Normal Tariff),24.6,-16.7
Mozambique,Gasoline (1 liter),1.36,-16.7
Mozambique,Volkswagen Golf 1.4 90 KW Trendline (Or Equivalent New Car),32899.89,-16.7
Mozambique,Toyota Corolla Sedan 1.6l 97kW Comfort (Or Equivalent New Car),18329.94,-16.7
Mozambique,"Basic (Electricity, Heating, Cooling, Water, Garbage) for 85m2 Apartment",80.34,-16.7
Mozambique,Mobile Phone Monthly Plan with Calls and 10GB+ Data,19.58,-16.7
Mozambique,"Internet (60 Mbps or More, Unlimited Data, Cable/ADSL)",130.59,-16.7
Mozambique,"Fitness Club, Monthly Fee for 1 Adult",61.3,-16.7
Mozambique,Tennis Court Rent (1 Hour on Weekend),26.11,-16.7
Mozambique,"Cinema, International Release, 1 Seat",7.05,-16.7
Mozambique,"Preschool (or Kindergarten), Full Day, Private, Monthly for 1 Child",270.33,-16.7
Mozambique,"International Primary School, Yearly for 1 Child",5565.26,-16.7
Mozambique,1 Pair of Jeans (Levis 501 Or Similar),34.07,-16.7
Mozambique,"1 Summer Dress in a Chain Store (Zara, H&M, ...)",60.71,-16.7
Mozambique,1 Pair of Nike Running Shoes (Mid-Range),83.56,-16.7
Mozambique,1 Pair of Men Leather Business Shoes,88.12,-16.7
Mozambique,Apartment (1 bedroom) in City Centre,744.16,-16.7
Mozambique,Apartment (1 bedroom) Outside of Centre,326.39,-16.7
Mozambique,Apartment (3 bedrooms) in City Centre,1585.86,-16.7
Mozambique,Apartment (3 bedrooms) Outside of Centre,871.66,-16.7
Mozambique,Price per Square Meter to Buy Apartment in City Centre,3612.24,-16.7
Mozambique,Price per Square Meter to Buy Apartment Outside of Centre,2036.66,-16.7
Mozambique,Average Monthly Net Salary (After Tax),279.39,-16.7
Mozambique,"Mortgage Interest Rate in Percentages (%), Yearly, for 20 Years Fixed-Rate",21.67,-16.7
Myanmar,"Meal, Inexpensive Restaurant",2.0,-40.0
Myanmar,"Meal for 2 People, Mid-range Restaurant, Three-course",18.46,-40.0
Myanmar,McMeal at McDonalds (or Equivalent Combo Meal),5.0,-40.0
Myanmar,Domestic Beer (0.5 liter draught),1.5,-40.0
Myanmar,Imported Beer (0.33 liter bottle),1.5,-40.0
Myanmar,Cappuccino (regular),1.67,-40.0
Myanmar,Coke/Pepsi (0.33 liter bottle),0.7,-40.0
Myanmar,Water (0.33 liter bottle),0.52,-40.0
Myanmar,"Milk (regular), (1 liter)",1.6,-40.0
Myanmar,Loaf of Fresh White Bread (500g),1.01,-40.0
Myanmar,"Rice (white), (1kg)",0.96,-40.0
Myanmar,Eggs (regular) (12),1.46,-40.0
Myanmar,Local Cheese (1kg),9.09,-40.0
Myanmar,Chicken Fillets (1kg),4.93,-40.0
Myanmar,Beef Round (1kg) (or Equivalent Back Leg Red Meat),6.34,-40.0
Myanmar,Apples (1kg),2.35,-40.0
Myanmar,Banana (1kg),0.97,-40.0
Myanmar,Oranges (1kg),1.64,-40.0
Myanmar,Tomato (1kg),1.63,-40.0
Myanmar,Potato (1kg),1.42,-40.0
Myanmar,Onion (1kg),1.14,-40.0
Myanmar,Lettuce (1 head),1.16,-40.0
Myanmar,Water (1.5 liter bottle),0.3,-40.0
Myanmar,Bottle of Wine (Mid-Range),7.96,-40.0
Myanmar,Domestic Beer (0.5 liter bottle),0.96,-40.0
Myanmar,Imported Beer (0.33 liter bottle),1.64,-40.0
Myanmar,Cigarettes 20 Pack (Marlboro),1.5,-40.0
Myanmar,One-way Ticket (Local Transport),0.2,-40.0
Myanmar,Monthly Pass (Regular Price),9.83,-40.0
Myanmar,Taxi Start (Normal Tariff),1.11,-40.0
Myanmar,Taxi 1km (Normal Tariff),0.88,-40.0
Myanmar,Taxi 1hour Waiting (Normal Tariff),4.0,-40.0
Myanmar,Gasoline (1 liter),8.97,-40.0
Myanmar,Volkswagen Golf 1.4 90 KW Trendline (Or Equivalent New Car),45486.21,-40.0
Myanmar,Toyota Corolla Sedan 1.6l 97kW Comfort (Or Equivalent New Car),53214.94,-40.0
Myanmar,"Basic (Electricity, Heating, Cooling, Water, Garbage) for 85m2 Apartment",38.82,-40.0
Myanmar,Mobile Phone Monthly Plan with Calls and 10GB+ Data,10.62,-40.0
Myanmar,"Internet (60 Mbps or More, Unlimited Data, Cable/ADSL)",52.67,-40.0
Myanmar,"Fitness Club, Monthly Fee for 1 Adult",30.06,-40.0
Myanmar,Tennis Court Rent (1 Hour on Weekend),7.77,-40.0
Myanmar,"Cinema, International Release, 1 Seat",3.5,-40.0
Myanmar,"Preschool (or Kindergarten), Full Day, Private, Monthly for 1 Child",369.0,-40.0
Myanmar,"International Primary School, Yearly for 1 Child",9666.67,-40.0
Myanmar,1 Pair of Jeans (Levis 501 Or Similar),47.27,-40.0
Myanmar,"1 Summer Dress in a Chain Store (Zara, H&M, ...)",58.91,-40.0
Myanmar,1 Pair of Nike Running Shoes (Mid-Range),69.95,-40.0
Myanmar,1 Pair of Men Leather Business Shoes,80.18,-40.0
Myanmar,Apartment (1 bedroom) in City Centre,420.0,-40.0
Myanmar,Apartment (1 bedroom) Outside of Centre,208.33,-40.0
Myanmar,Apartment (3 bedrooms) in City Centre,1131.17,-40.0
Myanmar,Apartment (3 bedrooms) Outside of Centre,782.57,-40.0
Myanmar,Price per Square Meter to Buy Apartment in City Centre,1272.92,-40.0
Myanmar,Price per Square Meter to Buy Apartment Outside of Centre,361.38,-40.0
Myanmar,Average Monthly Net Salary (After Tax),325.86,-40.0
Myanmar,"Mortgage Interest Rate in Percentages (%), Yearly, for 20 Years Fixed-Rate",11.5,-40.0
Namibia,"Meal, Inexpensive Restaurant",10.18,-42.7
Namibia,"Meal for 2 People, Mid-range Restaurant, Three-course",39.57,-42.7
Namibia,McMeal at McDonalds (or Equivalent Combo Meal),4.94,-42.7
Namibia,Domestic Beer (0.5 liter draught),1.41,-42.7
Namibia,Imported Beer (0.33 liter bottle),1.41,-42.7
Namibia,Cappuccino (regular),1.82,-42.7
Namibia,Coke/Pepsi (0.33 liter bottle),0.94,-42.7
Namibia,Water (0.33 liter bottle),0.83,-42.7
Namibia,"Milk (regular), (1 liter)",1.4,-42.7
Namibia,Loaf of Fresh White Bread (500g),0.82,-42.7
Namibia,"Rice (white), (1kg)",1.72,-42.7
Namibia,Eggs (regular) (12),2.66,-42.7
Namibia,Local Cheese (1kg),6.65,-42.7
Namibia,Chicken Fillets (1kg),4.79,-42.7
Namibia,Beef Round (1kg) (or Equivalent Back Leg Red Meat),6.45,-42.7
Namibia,Apples (1kg),1.81,-42.7
Namibia,Banana (1kg),1.86,-42.7
Namibia,Oranges (1kg),1.64,-42.7
Namibia,Tomato (1kg),1.73,-42.7
Namibia,Potato (1kg),2.06,-42.7
Namibia,Onion (1kg),2.1,-42.7
Namibia,Lettuce (1 head),1.65,-42.7
Namibia,Water (1.5 liter bottle),1.07,-42.7
Namibia,Bottle of Wine (Mid-Range),5.37,-42.7
Namibia,Domestic Beer (0.5 liter bottle),1.1,-42.7
Namibia,Imported Beer (0.33 liter bottle),1.45,-42.7
Namibia,Cigarettes 20 Pack (Marlboro),2.83,-42.7
Namibia,One-way Ticket (Local Transport),0.73,-42.7
Namibia,Monthly Pass (Regular Price),32.73,-42.7
Namibia,Taxi Start (Normal Tariff),0.73,-42.7
Namibia,Taxi 1km (Normal Tariff),0.85,-42.7
Namibia,Taxi 1hour Waiting (Normal Tariff),6.78,-42.7
Namibia,Gasoline (1 liter),1.23,-42.7
Namibia,Volkswagen Golf 1.4 90 KW Trendline (Or Equivalent New Car),16958.77,-42.7
Namibia,Toyota Corolla Sedan 1.6l 97kW Comfort (Or Equivalent New Car),21519.97,-42.7
Namibia,"Basic (Electricity, Heating, Cooling, Water, Garbage) for 85m2 Apartment",86.4,-42.7
Namibia,Mobile Phone Monthly Plan with Calls and 10GB+ Data,15.43,-42.7
Namibia,"Internet (60 Mbps or More, Unlimited Data, Cable/ADSL)",57.23,-42.7
Namibia,"Fitness Club, Monthly Fee for 1 Adult",34.26,-42.7
Namibia,Tennis Court Rent (1 Hour on Weekend),8.71,-42.7
Namibia,"Cinema, International Release, 1 Seat",3.96,-42.7
Namibia,"Preschool (or Kindergarten), Full Day, Private, Monthly for 1 Child",159.09,-42.7
Namibia,"International Primary School, Yearly for 1 Child",4047.21,-42.7
Namibia,1 Pair of Jeans (Levis 501 Or Similar),42.75,-42.7
Namibia,"1 Summer Dress in a Chain Store (Zara, H&M, ...)",27.78,-42.7
Namibia,1 Pair of Nike Running Shoes (Mid-Range),65.72,-42.7
Namibia,1 Pair of Men Leather Business Shoes,49.93,-42.7
Namibia,Apartment (1 bedroom) in City Centre,373.56,-42.7
Namibia,Apartment (1 bedroom) Outside of Centre,289.42,-42.7
Namibia,Apartment (3 bedrooms) in City Centre,1008.83,-42.7
Namibia,Apartment (3 bedrooms) Outside of Centre,756.08,-42.7
Namibia,Price per Square Meter to Buy Apartment in City Centre,648.67,-42.7
Namibia,Price per Square Meter to Buy Apartment Outside of Centre,522.9,-42.7
Namibia,Average Monthly Net Salary (After Tax),827.47,-42.7
Namibia,"Mortgage Interest Rate in Percentages (%), Yearly, for 20 Years Fixed-Rate",11.06,-42.7
Nauru,"Meal, Inexpensive Restaurant",7.25,
Nauru,"Meal for 2 People, Mid-range Restaurant, Three-course",28.01,
Nauru,McMeal at McDonalds (or Equivalent Combo Meal),,
Nauru,Domestic Beer (0.5 liter draught),6.59,
Nauru,Imported Beer (0.33 liter bottle),4.61,
Nauru,Cappuccino (regular),3.3,
Nauru,Coke/Pepsi (0.33 liter bottle),0.99,
Nauru,Water (0.33 liter bottle),0.82,
Nauru,"Milk (regular), (1 liter)",4.78,
Nauru,Loaf of Fresh White Bread (500g),1.81,
Nauru,"Rice (white), (1kg)",,
Nauru,Eggs (regular) (12),,
Nauru,Local Cheese (1kg),,
Nauru,Chicken Fillets (1kg),13.18,
Nauru,Beef Round (1kg) (or Equivalent Back Leg Red Meat),9.89,
Nauru,Apples (1kg),13.18,
Nauru,Banana (1kg),19.77,
Nauru,Oranges (1kg),13.18,
Nauru,Tomato (1kg),,
Nauru,Potato (1kg),,
Nauru,Onion (1kg),,
Nauru,Lettuce (1 head),,
Nauru,Water (1.5 liter bottle),1.65,
Nauru,Bottle of Wine (Mid-Range),16.48,
Nauru,Domestic Beer (0.5 liter bottle),,
Nauru,Imported Beer (0.33 liter bottle),,
Nauru,Cigarettes 20 Pack (Marlboro),11.86,
Nauru,One-way Ticket (Local Transport),,
Nauru,Monthly Pass (Regular Price),,
Nauru,Taxi Start (Normal Tariff),,
Nauru,Taxi 1km (Normal Tariff),,
Nauru,Taxi 1hour Waiting (Normal Tariff),,
Nauru,Gasoline (1 liter),1.55,
Nauru,Volkswagen Golf 1.4 90 KW Trendline (Or Equivalent New Car),,
Nauru,Toyota Corolla Sedan 1.6l 97kW Comfort (Or Equivalent New Car),,
Nauru,"Basic (Electricity, Heating, Cooling, Water, Garbage) for 85m2 Apartment",263.61,
Nauru,Mobile Phone Monthly Plan with Calls and 10GB+ Data,,
Nauru,"Internet (60 Mbps or More, Unlimited Data, Cable/ADSL)",26.36,
Nauru,"Fitness Club, Monthly Fee for 1 Adult",0.0,
Nauru,Tennis Court Rent (1 Hour on Weekend),,
Nauru,"Cinema, International Release, 1 Seat",,
Nauru,"Preschool (or Kindergarten), Full Day, Private, Monthly for 1 Child",,
Nauru,"International Primary School, Yearly for 1 Child",,
Nauru,1 Pair of Jeans (Levis 501 Or Similar),,
Nauru,"1 Summer Dress in a Chain Store (Zara, H&M, ...)",,
Nauru,1 Pair of Nike Running Shoes (Mid-Range),,
Nauru,1 Pair of Men Leather Business Shoes,,
Nauru,Apartment (1 bedroom) in City Centre,1482.82,
Nauru,Apartment (1 bedroom) Outside of Centre,1647.58,
Nauru,Apartment (3 bedrooms) in City Centre,,
Nauru,Apartment (3 bedrooms) Outside of Centre,,
Nauru,Price per Square Meter to Buy Apartment in City Centre,,
Nauru,Price per Square Meter to Buy Apartment Outside of Centre,,
Nauru,Average Monthly Net Salary (After Tax),593.13,
Nauru,"Mortgage Interest Rate in Percentages (%), Yearly, for 20 Years Fixed-Rate",,
Nepal,"Meal, Inexpensive Restaurant",1.85,-84.3
Nepal,"Meal for 2 People, Mid-range Restaurant, Three-course",18.55,-84.3
Nepal,McMeal at McDonalds (or Equivalent Combo Meal),7.42,-84.3
Nepal,Domestic Beer (0.5 liter draught),2.37,-84.3
Nepal,Imported Beer (0.33 liter bottle),3.34,-84.3
Nepal,Cappuccino (regular),1.55,-84.3
Nepal,Coke/Pepsi (0.33 liter bottle),0.46,-84.3
Nepal,Water (0.33 liter bottle),0.17,-84.3
Nepal,"Milk (regular), (1 liter)",0.78,-84.3
Nepal,Loaf of Fresh White Bread (500g),0.5,-84.3
Nepal,"Rice (white), (1kg)",0.84,-84.3
Nepal,Eggs (regular) (12),1.55,-84.3
Nepal,Local Cheese (1kg),8.27,-84.3
Nepal,Chicken Fillets (1kg),3.26,-84.3
Nepal,Beef Round (1kg) (or Equivalent Back Leg Red Meat),5.56,-84.3
Nepal,Apples (1kg),2.31,-84.3
Nepal,Banana (1kg),0.99,-84.3
Nepal,Oranges (1kg),1.12,-84.3
Nepal,Tomato (1kg),0.66,-84.3
Nepal,Potato (1kg),0.44,-84.3
Nepal,Onion (1kg),0.61,-84.3
Nepal,Lettuce (1 head),0.4,-84.3
Nepal,Water (1.5 liter bottle),0.26,-84.3
Nepal,Bottle of Wine (Mid-Range),7.42,-84.3
Nepal,Domestic Beer (0.5 liter bottle),2.25,-84.3
Nepal,Imported Beer (0.33 liter bottle),3.15,-84.3
Nepal,Cigarettes 20 Pack (Marlboro),2.97,-84.3
Nepal,One-way Ticket (Local Transport),0.22,-84.3
Nepal,Monthly Pass (Regular Price),11.13,-84.3
Nepal,Taxi Start (Normal Tariff),2.23,-84.3
Nepal,Taxi 1km (Normal Tariff),0.93,-84.3
Nepal,Taxi 1hour Waiting (Normal Tariff),3.71,-84.3
Nepal,Gasoline (1 liter),1.29,-84.3
Nepal,Volkswagen Golf 1.4 90 KW Trendline (Or Equivalent New Car),33381.99,-84.3
Nepal,Toyota Corolla Sedan 1.6l 97kW Comfort (Or Equivalent New Car),42185.85,-84.3
Nepal,"Basic (Electricity, Heating, Cooling, Water, Garbage) for 85m2 Apartment",35.84,-84.3
Nepal,Mobile Phone Monthly Plan with Calls and 10GB+ Data,4.8,-84.3
Nepal,"Internet (60 Mbps or More, Unlimited Data, Cable/ADSL)",9.88,-84.3
Nepal,"Fitness Club, Monthly Fee for 1 Adult",20.64,-84.3
Nepal,Tennis Court Rent (1 Hour on Weekend),7.33,-84.3
Nepal,"Cinema, International Release, 1 Seat",3.34,-84.3
Nepal,"Preschool (or Kindergarten), Full Day, Private, Monthly for 1 Child",69.71,-84.3
Nepal,"International Primary School, Yearly for 1 Child",3312.02,-84.3
Nepal,1 Pair of Jeans (Levis 501 Or Similar),24.28,-84.3
Nepal,"1 Summer Dress in a Chain Store (Zara, H&M, ...)",30.41,-84.3
Nepal,1 Pair of Nike Running Shoes (Mid-Range),44.51,-84.3
Nepal,1 Pair of Men Leather Business Shoes,31.96,-84.3
Nepal,Apartment (1 bedroom) in City Centre,147.51,-84.3
Nepal,Apartment (1 bedroom) Outside of Centre,82.28,-84.3
Nepal,Apartment (3 bedrooms) in City Centre,271.66,-84.3
Nepal,Apartment (3 bedrooms) Outside of Centre,165.2,-84.3
Nepal,Price per Square Meter to Buy Apartment in City Centre,1838.41,-84.3
Nepal,Price per Square Meter to Buy Apartment Outside of Centre,1099.62,-84.3
Nepal,Average Monthly Net Salary (After Tax),212.93,-84.3
Nepal,"Mortgage Interest Rate in Percentages (%), Yearly, for 20 Years Fixed-Rate",12.78,-84.3
Netherlands,"Meal, Inexpensive Restaurant",19.42,66.8
Netherlands,"Meal for 2 People, Mid-range Restaurant, Three-course",80.91,66.8
Netherlands,McMeal at McDonalds (or Equivalent Combo Meal),12.41,66.8
Netherlands,Domestic Beer (0.5 liter draught),5.93,66.8
Netherlands,Imported Beer (0.33 liter bottle),5.34,66.8
Netherlands,Cappuccino (regular),3.69,66.8
Netherlands,Coke/Pepsi (0.33 liter bottle),3.06,66.8
Netherlands,Water (0.33 liter bottle),2.53,66.8
Netherlands,"Milk (regular), (1 liter)",1.18,66.8
Netherlands,Loaf of Fresh White Bread (500g),1.89,66.8
Netherlands,"Rice (white), (1kg)",3.01,66.8
Netherlands,Eggs (regular) (12),4.54,66.8
Netherlands,Local Cheese (1kg),12.83,66.8
Netherlands,Chicken Fillets (1kg),15.38,66.8
Netherlands,Beef Round (1kg) (or Equivalent Back Leg Red Meat),16.15,66.8
Netherlands,Apples (1kg),1.94,66.8
Netherlands,Banana (1kg),2.35,66.8
Netherlands,Oranges (1kg),1.81,66.8
Netherlands,Tomato (1kg),3.66,66.8
Netherlands,Potato (1kg),1.99,66.8
Netherlands,Onion (1kg),1.97,66.8
Netherlands,Lettuce (1 head),1.16,66.8
Netherlands,Water (1.5 liter bottle),0.78,66.8
Netherlands,Bottle of Wine (Mid-Range),6.46,66.8
Netherlands,Domestic Beer (0.5 liter bottle),1.4,66.8
Netherlands,Imported Beer (0.33 liter bottle),2.55,66.8
Netherlands,Cigarettes 20 Pack (Marlboro),10.79,66.8
Netherlands,One-way Ticket (Local Transport),3.67,66.8
Netherlands,Monthly Pass (Regular Price),86.3,66.8
Netherlands,Taxi Start (Normal Tariff),3.88,66.8
Netherlands,Taxi 1km (Normal Tariff),2.59,66.8
Netherlands,Taxi 1hour Waiting (Normal Tariff),32.36,66.8
Netherlands,Gasoline (1 liter),2.08,66.8
Netherlands,Volkswagen Golf 1.4 90 KW Trendline (Or Equivalent New Car),33441.97,66.8
Netherlands,Toyota Corolla Sedan 1.6l 97kW Comfort (Or Equivalent New Car),32810.51,66.8
Netherlands,"Basic (Electricity, Heating, Cooling, Water, Garbage) for 85m2 Apartment",248.28,66.8
Netherlands,Mobile Phone Monthly Plan with Calls and 10GB+ Data,24.23,66.8
Netherlands,"Internet (60 Mbps or More, Unlimited Data, Cable/ADSL)",43.98,66.8
Netherlands,"Fitness Club, Monthly Fee for 1 Adult",39.63,66.8
Netherlands,Tennis Court Rent (1 Hour on Weekend),18.71,66.8
Netherlands,"Cinema, International Release, 1 Seat",14.02,66.8
Netherlands,"Preschool (or Kindergarten), Full Day, Private, Monthly for 1 Child",1888.91,66.8
Netherlands,"International Primary School, Yearly for 1 Child",8345.17,66.8
Netherlands,1 Pair of Jeans (Levis 501 Or Similar),85.15,66.8
Netherlands,"1 Summer Dress in a Chain Store (Zara, H&M, ...)",35.89,66.8
Netherlands,1 Pair of Nike Running Shoes (Mid-Range),95.16,66.8
Netherlands,1 Pair of Men Leather Business Shoes,114.05,66.8
Netherlands,Apartment (1 bedroom) in City Centre,1524.26,66.8
Netherlands,Apartment (1 bedroom) Outside of Centre,1219.36,66.8
Netherlands,Apartment (3 bedrooms) in City Centre,2424.33,66.8
Netherlands,Apartment (3 bedrooms) Outside of Centre,1897.19,66.8
Netherlands,Price per Square Meter to Buy Apartment in City Centre,6345.82,66.8
Netherlands,Price per Square Meter to Buy Apartment Outside of Centre,4664.59,66.8
Netherlands,Average Monthly Net Salary (After Tax),3505.62,66.8
Netherlands,"Mortgage Interest Rate in Percentages (%), Yearly, for 20 Years Fixed-Rate",4.33,66.8
New Caledonia,"Meal, Inexpensive Restaurant",15.82,-4.0
New Caledonia,"Meal for 2 People, Mid-range Restaurant, Three-course",99.14,-4.0
New Caledonia,McMeal at McDonalds (or Equivalent Combo Meal),13.56,-4.0
New Caledonia,Domestic Beer (0.5 liter draught),10.4,-4.0
New Caledonia,Imported Beer (0.33 liter bottle),6.78,-4.0
New Caledonia,Cappuccino (regular),5.79,-4.0
New Caledonia,Coke/Pepsi (0.33 liter bottle),2.56,-4.0
New Caledonia,Water (0.33 liter bottle),1.24,-4.0
New Caledonia,"Milk (regular), (1 liter)",1.1,-4.0
New Caledonia,Loaf of Fresh White Bread (500g),2.58,-4.0
New Caledonia,"Rice (white), (1kg)",1.79,-4.0
New Caledonia,Eggs (regular) (12),5.45,-4.0
New Caledonia,Local Cheese (1kg),16.48,-4.0
New Caledonia,Chicken Fillets (1kg),17.18,-4.0
New Caledonia,Beef Round (1kg) (or Equivalent Back Leg Red Meat),23.05,-4.0
New Caledonia,Apples (1kg),3.98,-4.0
New Caledonia,Banana (1kg),6.62,-4.0
New Caledonia,Oranges (1kg),6.33,-4.0
New Caledonia,Tomato (1kg),6.69,-4.0
New Caledonia,Potato (1kg),3.53,-4.0
New Caledonia,Onion (1kg),3.01,-4.0
New Caledonia,Lettuce (1 head),2.71,-4.0
New Caledonia,Water (1.5 liter bottle),1.42,-4.0
New Caledonia,Bottle of Wine (Mid-Range),16.27,-4.0
New Caledonia,Domestic Beer (0.5 liter bottle),4.97,-4.0
New Caledonia,Imported Beer (0.33 liter bottle),5.73,-4.0
New Caledonia,Cigarettes 20 Pack (Marlboro),17.72,-4.0
New Caledonia,One-way Ticket (Local Transport),2.71,-4.0
New Caledonia,Monthly Pass (Regular Price),58.31,-4.0
New Caledonia,Taxi Start (Normal Tariff),5.02,-4.0
New Caledonia,Taxi 1km (Normal Tariff),1.06,-4.0
New Caledonia,Taxi 1hour Waiting (Normal Tariff),23.28,-4.0
New Caledonia,Gasoline (1 liter),1.54,-4.0
New Caledonia,Volkswagen Golf 1.4 90 KW Trendline (Or Equivalent New Car),31866.41,-4.0
New Caledonia,Toyota Corolla Sedan 1.6l 97kW Comfort (Or Equivalent New Car),37041.87,-4.0
New Caledonia,"Basic (Electricity, Heating, Cooling, Water, Garbage) for 85m2 Apartment",207.17,-4.0
New Caledonia,Mobile Phone Monthly Plan with Calls and 10GB+ Data,36.16,-4.0
New Caledonia,"Internet (60 Mbps or More, Unlimited Data, Cable/ADSL)",61.17,-4.0
New Caledonia,"Fitness Club, Monthly Fee for 1 Adult",54.01,-4.0
New Caledonia,Tennis Court Rent (1 Hour on Weekend),5.42,-4.0
New Caledonia,"Cinema, International Release, 1 Seat",11.75,-4.0
New Caledonia,"Preschool (or Kindergarten), Full Day, Private, Monthly for 1 Child",735.26,-4.0
New Caledonia,"International Primary School, Yearly for 1 Child",,-4.0
New Caledonia,1 Pair of Jeans (Levis 501 Or Similar),101.25,-4.0
New Caledonia,"1 Summer Dress in a Chain Store (Zara, H&M, ...)",60.27,-4.0
New Caledonia,1 Pair of Nike Running Shoes (Mid-Range),88.14,-4.0
New Caledonia,1 Pair of Men Leather Business Shoes,203.4,-4.0
New Caledonia,Apartment (1 bedroom) in City Centre,678.01,-4.0
New Caledonia,Apartment (1 bedroom) Outside of Centre,659.93,-4.0
New Caledonia,Apartment (3 bedrooms) in City Centre,1536.82,-4.0
New Caledonia,Apartment (3 bedrooms) Outside of Centre,1193.3,-4.0
New Caledonia,Price per Square Meter to Buy Apartment in City Centre,4633.06,-4.0
New Caledonia,Price per Square Meter to Buy Apartment Outside of Centre,4324.19,-4.0
New Caledonia,Average Monthly Net Salary (After Tax),2655.53,-4.0
New Caledonia,"Mortgage Interest Rate in Percentages (%), Yearly, for 20 Years Fixed-Rate",2.5,-4.0
New Zealand,"Meal, Inexpensive Restaurant",14.91,25.9
New Zealand,"Meal for 2 People, Mid-range Restaurant, Three-course",76.05,25.9
New Zealand,McMeal at McDonalds (or Equivalent Combo Meal),8.95,25.9
New Zealand,Domestic Beer (0.5 liter draught),6.41,25.9
New Zealand,Imported Beer (0.33 liter bottle),6.56,25.9
New Zealand,Cappuccino (regular),3.34,25.9
New Zealand,Coke/Pepsi (0.33 liter bottle),2.28,25.9
New Zealand,Water (0.33 liter bottle),2.06,25.9
New Zealand,"Milk (regular), (1 liter)",1.81,25.9
New Zealand,Loaf of Fresh White Bread (500g),1.93,25.9
New Zealand,"Rice (white), (1kg)",1.85,25.9
New Zealand,Eggs (regular) (12),6.48,25.9
New Zealand,Local Cheese (1kg),8.26,25.9
New Zealand,Chicken Fillets (1kg),9.51,25.9
New Zealand,Beef Round (1kg) (or Equivalent Back Leg Red Meat),12.89,25.9
New Zealand,Apples (1kg),2.77,25.9
New Zealand,Banana (1kg),2.28,25.9
New Zealand,Oranges (1kg),3.01,25.9
New Zealand,Tomato (1kg),5.49,25.9
New Zealand,Potato (1kg),2.16,25.9
New Zealand,Onion (1kg),1.85,25.9
New Zealand,Lettuce (1 head),2.43,25.9
New Zealand,Water (1.5 liter bottle),1.18,25.9
New Zealand,Bottle of Wine (Mid-Range),9.24,25.9
New Zealand,Domestic Beer (0.5 liter bottle),3.09,25.9
New Zealand,Imported Beer (0.33 liter bottle),3.65,25.9
New Zealand,Cigarettes 20 Pack (Marlboro),23.86,25.9
New Zealand,One-way Ticket (Local Transport),2.39,25.9
New Zealand,Monthly Pass (Regular Price),108.82,25.9
New Zealand,Taxi Start (Normal Tariff),2.39,25.9
New Zealand,Taxi 1km (Normal Tariff),2.06,25.9
New Zealand,Taxi 1hour Waiting (Normal Tariff),35.79,25.9
New Zealand,Gasoline (1 liter),1.66,25.9
New Zealand,Volkswagen Golf 1.4 90 KW Trendline (Or Equivalent New Car),26840.71,25.9
New Zealand,Toyota Corolla Sedan 1.6l 97kW Comfort (Or Equivalent New Car),21392.44,25.9
New Zealand,"Basic (Electricity, Heating, Cooling, Water, Garbage) for 85m2 Apartment",136.73,25.9
New Zealand,Mobile Phone Monthly Plan with Calls and 10GB+ Data,35.12,25.9
New Zealand,"Internet (60 Mbps or More, Unlimited Data, Cable/ADSL)",51.76,25.9
New Zealand,"Fitness Club, Monthly Fee for 1 Adult",37.6,25.9
New Zealand,Tennis Court Rent (1 Hour on Weekend),15.62,25.9
New Zealand,"Cinema, International Release, 1 Seat",11.63,25.9
New Zealand,"Preschool (or Kindergarten), Full Day, Private, Monthly for 1 Child",768.34,25.9
New Zealand,"International Primary School, Yearly for 1 Child",12178.18,25.9
New Zealand,1 Pair of Jeans (Levis 501 Or Similar),69.31,25.9
New Zealand,"1 Summer Dress in a Chain Store (Zara, H&M, ...)",44.23,25.9
New Zealand,1 Pair of Nike Running Shoes (Mid-Range),96.56,25.9
New Zealand,1 Pair of Men Leather Business Shoes,117.44,25.9
New Zealand,Apartment (1 bedroom) in City Centre,1110.15,25.9
New Zealand,Apartment (1 bedroom) Outside of Centre,914.94,25.9
New Zealand,Apartment (3 bedrooms) in City Centre,1811.07,25.9
New Zealand,Apartment (3 bedrooms) Outside of Centre,1495.91,25.9
New Zealand,Price per Square Meter to Buy Apartment in City Centre,5571.79,25.9
New Zealand,Price per Square Meter to Buy Apartment Outside of Centre,4718.38,25.9
New Zealand,Average Monthly Net Salary (After Tax),2985.15,25.9
New Zealand,"Mortgage Interest Rate in Percentages (%), Yearly, for 20 Years Fixed-Rate",6.85,25.9
Nicaragua,"Meal, Inexpensive Restaurant",4.0,-60.5
Nicaragua,"Meal for 2 People, Mid-range Restaurant, Three-course",28.0,-60.5
Nicaragua,McMeal at McDonalds (or Equivalent Combo Meal),5.61,-60.5
Nicaragua,Domestic Beer (0.5 liter draught),1.36,-60.5
Nicaragua,Imported Beer (0.33 liter bottle),2.0,-60.5
Nicaragua,Cappuccino (regular),2.2,-60.5
Nicaragua,Coke/Pepsi (0.33 liter bottle),0.84,-60.5
Nicaragua,Water (0.33 liter bottle),0.66,-60.5
Nicaragua,"Milk (regular), (1 liter)",1.09,-60.5
Nicaragua,Loaf of Fresh White Bread (500g),1.44,-60.5
Nicaragua,"Rice (white), (1kg)",1.05,-60.5
Nicaragua,Eggs (regular) (12),1.9,-60.5
Nicaragua,Local Cheese (1kg),4.52,-60.5
Nicaragua,Chicken Fillets (1kg),5.27,-60.5
Nicaragua,Beef Round (1kg) (or Equivalent Back Leg Red Meat),8.21,-60.5
Nicaragua,Apples (1kg),5.33,-60.5
Nicaragua,Banana (1kg),1.55,-60.5
Nicaragua,Oranges (1kg),4.09,-60.5
Nicaragua,Tomato (1kg),1.29,-60.5
Nicaragua,Potato (1kg),2.06,-60.5
Nicaragua,Onion (1kg),1.77,-60.5
Nicaragua,Lettuce (1 head),0.88,-60.5
Nicaragua,Water (1.5 liter bottle),0.97,-60.5
Nicaragua,Bottle of Wine (Mid-Range),10.0,-60.5
Nicaragua,Domestic Beer (0.5 liter bottle),1.31,-60.5
Nicaragua,Imported Beer (0.33 liter bottle),2.09,-60.5
Nicaragua,Cigarettes 20 Pack (Marlboro),3.0,-60.5
Nicaragua,One-way Ticket (Local Transport),0.24,-60.5
Nicaragua,Monthly Pass (Regular Price),8.48,-60.5
Nicaragua,Taxi Start (Normal Tariff),0.6,-60.5
Nicaragua,Taxi 1km (Normal Tariff),0.57,-60.5
Nicaragua,Taxi 1hour Waiting (Normal Tariff),5.73,-60.5
Nicaragua,Gasoline (1 liter),1.34,-60.5
Nicaragua,Volkswagen Golf 1.4 90 KW Trendline (Or Equivalent New Car),21500.0,-60.5
Nicaragua,Toyota Corolla Sedan 1.6l 97kW Comfort (Or Equivalent New Car),27666.67,-60.5
Nicaragua,"Basic (Electricity, Heating, Cooling, Water, Garbage) for 85m2 Apartment",71.89,-60.5
Nicaragua,Mobile Phone Monthly Plan with Calls and 10GB+ Data,16.99,-60.5
Nicaragua,"Internet (60 Mbps or More, Unlimited Data, Cable/ADSL)",39.73,-60.5
Nicaragua,"Fitness Club, Monthly Fee for 1 Adult",30.95,-60.5
Nicaragua,Tennis Court Rent (1 Hour on Weekend),0.0,-60.5
Nicaragua,"Cinema, International Release, 1 Seat",7.3,-60.5
Nicaragua,"Preschool (or Kindergarten), Full Day, Private, Monthly for 1 Child",119.17,-60.5
Nicaragua,"International Primary School, Yearly for 1 Child",9300.0,-60.5
Nicaragua,1 Pair of Jeans (Levis 501 Or Similar),58.02,-60.5
Nicaragua,"1 Summer Dress in a Chain Store (Zara, H&M, ...)",43.6,-60.5
Nicaragua,1 Pair of Nike Running Shoes (Mid-Range),74.24,-60.5
Nicaragua,1 Pair of Men Leather Business Shoes,84.89,-60.5
Nicaragua,Apartment (1 bedroom) in City Centre,341.67,-60.5
Nicaragua,Apartment (1 bedroom) Outside of Centre,275.0,-60.5
Nicaragua,Apartment (3 bedrooms) in City Centre,582.73,-60.5
Nicaragua,Apartment (3 bedrooms) Outside of Centre,472.5,-60.5
Nicaragua,Price per Square Meter to Buy Apartment in City Centre,1154.44,-60.5
Nicaragua,Price per Square Meter to Buy Apartment Outside of Centre,950.0,-60.5
Nicaragua,Average Monthly Net Salary (After Tax),277.12,-60.5
Nicaragua,"Mortgage Interest Rate in Percentages (%), Yearly, for 20 Years Fixed-Rate",10.5,-60.5
Niger,"Meal, Inexpensive Restaurant",4.93,-45.2
Niger,"Meal for 2 People, Mid-range Restaurant, Three-course",37.0,-45.2
Niger,McMeal at McDonalds (or Equivalent Combo Meal),9.87,-45.2
Niger,Domestic Beer (0.5 liter draught),1.23,-45.2
Niger,Imported Beer (0.33 liter bottle),2.88,-45.2
Niger,Cappuccino (regular),3.02,-45.2
Niger,Coke/Pepsi (0.33 liter bottle),1.38,-45.2
Niger,Water (0.33 liter bottle),0.62,-45.2
Niger,"Milk (regular), (1 liter)",2.27,-45.2
Niger,Loaf of Fresh White Bread (500g),0.41,-45.2
Niger,"Rice (white), (1kg)",1.1,-45.2
Niger,Eggs (regular) (12),2.28,-45.2
Niger,Local Cheese (1kg),16.45,-45.2
Niger,Chicken Fillets (1kg),7.33,-45.2
Niger,Beef Round (1kg) (or Equivalent Back Leg Red Meat),6.78,-45.2
Niger,Apples (1kg),3.08,-45.2
Niger,Banana (1kg),1.21,-45.2
Niger,Oranges (1kg),2.34,-45.2
Niger,Tomato (1kg),1.6,-45.2
Niger,Potato (1kg),1.23,-45.2
Niger,Onion (1kg),0.58,-45.2
Niger,Lettuce (1 head),0.62,-45.2
Niger,Water (1.5 liter bottle),0.95,-45.2
Niger,Bottle of Wine (Mid-Range),8.22,-45.2
Niger,Domestic Beer (0.5 liter bottle),1.4,-45.2
Niger,Imported Beer (0.33 liter bottle),2.19,-45.2
Niger,Cigarettes 20 Pack (Marlboro),2.47,-45.2
Niger,One-way Ticket (Local Transport),0.33,-45.2
Niger,Monthly Pass (Regular Price),12.33,-45.2
Niger,Taxi Start (Normal Tariff),0.49,-45.2
Niger,Taxi 1km (Normal Tariff),0.41,-45.2
Niger,Taxi 1hour Waiting (Normal Tariff),8.22,-45.2
Niger,Gasoline (1 liter),0.91,-45.2
Niger,Volkswagen Golf 1.4 90 KW Trendline (Or Equivalent New Car),19734.94,-45.2
Niger,Toyota Corolla Sedan 1.6l 97kW Comfort (Or Equivalent New Car),23711.94,-45.2
Niger,"Basic (Electricity, Heating, Cooling, Water, Garbage) for 85m2 Apartment",224.73,-45.2
Niger,Mobile Phone Monthly Plan with Calls and 10GB+ Data,16.45,-45.2
Niger,"Internet (60 Mbps or More, Unlimited Data, Cable/ADSL)",46.6,-45.2
Niger,"Fitness Club, Monthly Fee for 1 Adult",54.82,-45.2
Niger,Tennis Court Rent (1 Hour on Weekend),4.11,-45.2
Niger,"Cinema, International Release, 1 Seat",4.11,-45.2
Niger,"Preschool (or Kindergarten), Full Day, Private, Monthly for 1 Child",931.93,-45.2
Niger,"International Primary School, Yearly for 1 Child",4522.59,-45.2
Niger,1 Pair of Jeans (Levis 501 Or Similar),41.11,-45.2
Niger,"1 Summer Dress in a Chain Store (Zara, H&M, ...)",46.6,-45.2
Niger,1 Pair of Nike Running Shoes (Mid-Range),41.11,-45.2
Niger,1 Pair of Men Leather Business Shoes,41.11,-45.2
Niger,Apartment (1 bedroom) in City Centre,801.73,-45.2
Niger,Apartment (1 bedroom) Outside of Centre,411.14,-45.2
Niger,Apartment (3 bedrooms) in City Centre,678.39,-45.2
Niger,Apartment (3 bedrooms) Outside of Centre,430.33,-45.2
Niger,Price per Square Meter to Buy Apartment in City Centre,246686.76,-45.2
Niger,Price per Square Meter to Buy Apartment Outside of Centre,82228.92,-45.2
Niger,Average Monthly Net Salary (After Tax),299.45,-45.2
Niger,"Mortgage Interest Rate in Percentages (%), Yearly, for 20 Years Fixed-Rate",11.0,-45.2
Nigeria,"Meal, Inexpensive Restaurant",2.35,6.0
Nigeria,"Meal for 2 People, Mid-range Restaurant, Three-course",36.13,6.0
Nigeria,McMeal at McDonalds (or Equivalent Combo Meal),5.75,6.0
Nigeria,Domestic Beer (0.5 liter draught),0.95,6.0
Nigeria,Imported Beer (0.33 liter bottle),1.3,6.0
Nigeria,Cappuccino (regular),2.23,6.0
Nigeria,Coke/Pepsi (0.33 liter bottle),0.38,6.0
Nigeria,Water (0.33 liter bottle),0.23,6.0
Nigeria,"Milk (regular), (1 liter)",2.81,6.0
Nigeria,Loaf of Fresh White Bread (500g),1.36,6.0
Nigeria,"Rice (white), (1kg)",2.28,6.0
Nigeria,Eggs (regular) (12),2.01,6.0
Nigeria,Local Cheese (1kg),4.66,6.0
Nigeria,Chicken Fillets (1kg),4.77,6.0
Nigeria,Beef Round (1kg) (or Equivalent Back Leg Red Meat),4.88,6.0
Nigeria,Apples (1kg),3.74,6.0
Nigeria,Banana (1kg),2.41,6.0
Nigeria,Oranges (1kg),1.82,6.0
Nigeria,Tomato (1kg),2.23,6.0
Nigeria,Potato (1kg),2.14,6.0
Nigeria,Onion (1kg),1.74,6.0
Nigeria,Lettuce (1 head),0.83,6.0
Nigeria,Water (1.5 liter bottle),0.47,6.0
Nigeria,Bottle of Wine (Mid-Range),5.59,6.0
Nigeria,Domestic Beer (0.5 liter bottle),0.95,6.0
Nigeria,Imported Beer (0.33 liter bottle),1.23,6.0
Nigeria,Cigarettes 20 Pack (Marlboro),1.29,6.0
Nigeria,One-way Ticket (Local Transport),0.6,6.0
Nigeria,Monthly Pass (Regular Price),31.22,6.0
Nigeria,Taxi Start (Normal Tariff),0.98,6.0
Nigeria,Taxi 1km (Normal Tariff),1.93,6.0
Nigeria,Taxi 1hour Waiting (Normal Tariff),4.5,6.0
Nigeria,Gasoline (1 liter),0.65,6.0
Nigeria,Volkswagen Golf 1.4 90 KW Trendline (Or Equivalent New Car),16572.0,6.0
Nigeria,Toyota Corolla Sedan 1.6l 97kW Comfort (Or Equivalent New Car),21633.04,6.0
Nigeria,"Basic (Electricity, Heating, Cooling, Water, Garbage) for 85m2 Apartment",31.27,6.0
Nigeria,Mobile Phone Monthly Plan with Calls and 10GB+ Data,10.06,6.0
Nigeria,"Internet (60 Mbps or More, Unlimited Data, Cable/ADSL)",36.28,6.0
Nigeria,"Fitness Club, Monthly Fee for 1 Adult",36.23,6.0
Nigeria,Tennis Court Rent (1 Hour on Weekend),9.98,6.0
Nigeria,"Cinema, International Release, 1 Seat",6.47,6.0
Nigeria,"Preschool (or Kindergarten), Full Day, Private, Monthly for 1 Child",77.64,6.0
Nigeria,"International Primary School, Yearly for 1 Child",1561.43,6.0
Nigeria,1 Pair of Jeans (Levis 501 Or Similar),19.12,6.0
Nigeria,"1 Summer Dress in a Chain Store (Zara, H&M, ...)",26.73,6.0
Nigeria,1 Pair of Nike Running Shoes (Mid-Range),62.57,6.0
Nigeria,1 Pair of Men Leather Business Shoes,62.28,6.0
Nigeria,Apartment (1 bedroom) in City Centre,848.36,6.0
Nigeria,Apartment (1 bedroom) Outside of Centre,529.79,6.0
Nigeria,Apartment (3 bedrooms) in City Centre,1984.86,6.0
Nigeria,Apartment (3 bedrooms) Outside of Centre,1125.47,6.0
Nigeria,Price per Square Meter to Buy Apartment in City Centre,995.11,6.0
Nigeria,Price per Square Meter to Buy Apartment Outside of Centre,521.46,6.0
Nigeria,Average Monthly Net Salary (After Tax),151.18,6.0
Nigeria,"Mortgage Interest Rate in Percentages (%), Yearly, for 20 Years Fixed-Rate",17.6,6.0
Norfolk Island,"Meal, Inexpensive Restaurant",19.77,
Norfolk Island,"Meal for 2 People, Mid-range Restaurant, Three-course",65.9,
Norfolk Island,McMeal at McDonalds (or Equivalent Combo Meal),,
Norfolk Island,Domestic Beer (0.5 liter draught),,
Norfolk Island,Imported Beer (0.33 liter bottle),,
Norfolk Island,Cappuccino (regular),2.97,
Norfolk Island,Coke/Pepsi (0.33 liter bottle),1.98,
Norfolk Island,Water (0.33 liter bottle),1.19,
Norfolk Island,"Milk (regular), (1 liter)",3.95,
Norfolk Island,Loaf of Fresh White Bread (500g),2.06,
Norfolk Island,"Rice (white), (1kg)",1.98,
Norfolk Island,Eggs (regular) (12),7.91,
Norfolk Island,Local Cheese (1kg),11.2,
Norfolk Island,Chicken Fillets (1kg),18.45,
Norfolk Island,Beef Round (1kg) (or Equivalent Back Leg Red Meat),,
Norfolk Island,Apples (1kg),,
Norfolk Island,Banana (1kg),,
Norfolk Island,Oranges (1kg),,
Norfolk Island,Tomato (1kg),3.95,
Norfolk Island,Potato (1kg),3.95,
Norfolk Island,Onion (1kg),3.95,
Norfolk Island,Lettuce (1 head),,
Norfolk Island,Water (1.5 liter bottle),,
Norfolk Island,Bottle of Wine (Mid-Range),13.51,
Norfolk Island,Domestic Beer (0.5 liter bottle),,
Norfolk Island,Imported Beer (0.33 liter bottle),,
Norfolk Island,Cigarettes 20 Pack (Marlboro),7.91,
Norfolk Island,One-way Ticket (Local Transport),,
Norfolk Island,Monthly Pass (Regular Price),,
Norfolk Island,Taxi Start (Normal Tariff),,
Norfolk Island,Taxi 1km (Normal Tariff),,
Norfolk Island,Taxi 1hour Waiting (Normal Tariff),,
Norfolk Island,Gasoline (1 liter),1.58,
Norfolk Island,Volkswagen Golf 1.4 90 KW Trendline (Or Equivalent New Car),,
Norfolk Island,Toyota Corolla Sedan 1.6l 97kW Comfort (Or Equivalent New Car),,
Norfolk Island,"Basic (Electricity, Heating, Cooling, Water, Garbage) for 85m2 Apartment",131.81,
Norfolk Island,Mobile Phone Monthly Plan with Calls and 10GB+ Data,,
Norfolk Island,"Internet (60 Mbps or More, Unlimited Data, Cable/ADSL)",59.31,
Norfolk Island,"Fitness Club, Monthly Fee for 1 Adult",,
Norfolk Island,Tennis Court Rent (1 Hour on Weekend),,
Norfolk Island,"Cinema, International Release, 1 Seat",9.89,
Norfolk Island,"Preschool (or Kindergarten), Full Day, Private, Monthly for 1 Child",,
Norfolk Island,"International Primary School, Yearly for 1 Child",,
Norfolk Island,1 Pair of Jeans (Levis 501 Or Similar),,
Norfolk Island,"1 Summer Dress in a Chain Store (Zara, H&M, ...)",,
Norfolk Island,1 Pair of Nike Running Shoes (Mid-Range),52.72,
Norfolk Island,1 Pair of Men Leather Business Shoes,52.72,
Norfolk Island,Apartment (1 bedroom) in City Centre,527.22,
Norfolk Island,Apartment (1 bedroom) Outside of Centre,125.22,
Norfolk Island,Apartment (3 bedrooms) in City Centre,790.84,
Norfolk Island,Apartment (3 bedrooms) Outside of Centre,790.84,
Norfolk Island,Price per Square Meter to Buy Apartment in City Centre,,
Norfolk Island,Price per Square Meter to Buy Apartment Outside of Centre,,
Norfolk Island,Average Monthly Net Salary (After Tax),1845.28,
Norfolk Island,"Mortgage Interest Rate in Percentages (%), Yearly, for 20 Years Fixed-Rate",,
North Korea,"Meal, Inexpensive Restaurant",2.7,-40.3
North Korea,"Meal for 2 People, Mid-range Restaurant, Three-course",21.8,-40.3
North Korea,McMeal at McDonalds (or Equivalent Combo Meal),11.99,-40.3
North Korea,Domestic Beer (0.5 liter draught),9.71,-40.3
North Korea,Imported Beer (0.33 liter bottle),2.16,-40.3
North Korea,Cappuccino (regular),1.39,-40.3
North Korea,Coke/Pepsi (0.33 liter bottle),1.84,-40.3
North Korea,Water (0.33 liter bottle),1.06,-40.3
North Korea,"Milk (regular), (1 liter)",0.91,-40.3
North Korea,Loaf of Fresh White Bread (500g),2.2,-40.3
North Korea,"Rice (white), (1kg)",2.16,-40.3
North Korea,Eggs (regular) (12),2.72,-40.3
North Korea,Local Cheese (1kg),4.32,-40.3
North Korea,Chicken Fillets (1kg),3.78,-40.3
North Korea,Beef Round (1kg) (or Equivalent Back Leg Red Meat),5.93,-40.3
North Korea,Apples (1kg),5.39,-40.3
North Korea,Banana (1kg),3.24,-40.3
North Korea,Oranges (1kg),2.16,-40.3
North Korea,Tomato (1kg),2.7,-40.3
North Korea,Potato (1kg),3.24,-40.3
North Korea,Onion (1kg),2.7,-40.3
North Korea,Lettuce (1 head),2.16,-40.3
North Korea,Water (1.5 liter bottle),0.43,-40.3
North Korea,Bottle of Wine (Mid-Range),7.55,-40.3
North Korea,Domestic Beer (0.5 liter bottle),1.08,-40.3
North Korea,Imported Beer (0.33 liter bottle),2.16,-40.3
North Korea,Cigarettes 20 Pack (Marlboro),4.32,-40.3
North Korea,One-way Ticket (Local Transport),0.97,-40.3
North Korea,Monthly Pass (Regular Price),37.76,-40.3
North Korea,Taxi Start (Normal Tariff),1.46,-40.3
North Korea,Taxi 1km (Normal Tariff),2.16,-40.3
North Korea,Taxi 1hour Waiting (Normal Tariff),38.84,-40.3
North Korea,Gasoline (1 liter),0.7,-40.3
North Korea,Volkswagen Golf 1.4 90 KW Trendline (Or Equivalent New Car),21575.46,-40.3
North Korea,Toyota Corolla Sedan 1.6l 97kW Comfort (Or Equivalent New Car),26969.33,-40.3
North Korea,"Basic (Electricity, Heating, Cooling, Water, Garbage) for 85m2 Apartment",32.36,-40.3
North Korea,Mobile Phone Monthly Plan with Calls and 10GB+ Data,10.79,-40.3
North Korea,"Internet (60 Mbps or More, Unlimited Data, Cable/ADSL)",43.15,-40.3
North Korea,"Fitness Club, Monthly Fee for 1 Adult",40.99,-40.3
North Korea,Tennis Court Rent (1 Hour on Weekend),14.02,-40.3
North Korea,"Cinema, International Release, 1 Seat",7.55,-40.3
North Korea,"Preschool (or Kindergarten), Full Day, Private, Monthly for 1 Child",102.48,-40.3
North Korea,"International Primary School, Yearly for 1 Child",2034.94,-40.3
North Korea,1 Pair of Jeans (Levis 501 Or Similar),21.58,-40.3
North Korea,"1 Summer Dress in a Chain Store (Zara, H&M, ...)",26.97,-40.3
North Korea,1 Pair of Nike Running Shoes (Mid-Range),70.12,-40.3
North Korea,1 Pair of Men Leather Business Shoes,70.12,-40.3
North Korea,Apartment (1 bedroom) in City Centre,86.3,-40.3
North Korea,Apartment (1 bedroom) Outside of Centre,86.3,-40.3
North Korea,Apartment (3 bedrooms) in City Centre,2224.97,-40.3
North Korea,Apartment (3 bedrooms) Outside of Centre,129.45,-40.3
North Korea,Price per Square Meter to Buy Apartment in City Centre,1621.91,-40.3
North Korea,Price per Square Meter to Buy Apartment Outside of Centre,1341.91,-40.3
North Korea,Average Monthly Net Salary (After Tax),244.44,-40.3
North Korea,"Mortgage Interest Rate in Percentages (%), Yearly, for 20 Years Fixed-Rate",7.2,-40.3
North Macedonia,"Meal, Inexpensive Restaurant",6.14,-67.8
North Macedonia,"Meal for 2 People, Mid-range Restaurant, Three-course",28.09,-67.8
North Macedonia,McMeal at McDonalds (or Equivalent Combo Meal),5.27,-67.8
North Macedonia,Domestic Beer (0.5 liter draught),2.11,-67.8
North Macedonia,Imported Beer (0.33 liter bottle),2.63,-67.8
North Macedonia,Cappuccino (regular),1.7,-67.8
North Macedonia,Coke/Pepsi (0.33 liter bottle),1.6,-67.8
North Macedonia,Water (0.33 liter bottle),1.12,-67.8
North Macedonia,"Milk (regular), (1 liter)",1.25,-67.8
North Macedonia,Loaf of Fresh White Bread (500g),0.7,-67.8
North Macedonia,"Rice (white), (1kg)",1.48,-67.8
North Macedonia,Eggs (regular) (12),2.12,-67.8
North Macedonia,Local Cheese (1kg),7.75,-67.8
North Macedonia,Chicken Fillets (1kg),7.14,-67.8
North Macedonia,Beef Round (1kg) (or Equivalent Back Leg Red Meat),11.66,-67.8
North Macedonia,Apples (1kg),0.92,-67.8
North Macedonia,Banana (1kg),1.35,-67.8
North Macedonia,Oranges (1kg),1.24,-67.8
North Macedonia,Tomato (1kg),1.7,-67.8
North Macedonia,Potato (1kg),0.86,-67.8
North Macedonia,Onion (1kg),1.0,-67.8
North Macedonia,Lettuce (1 head),0.56,-67.8
North Macedonia,Water (1.5 liter bottle),0.5,-67.8
North Macedonia,Bottle of Wine (Mid-Range),5.27,-67.8
North Macedonia,Domestic Beer (0.5 liter bottle),1.0,-67.8
North Macedonia,Imported Beer (0.33 liter bottle),1.35,-67.8
North Macedonia,Cigarettes 20 Pack (Marlboro),2.81,-67.8
North Macedonia,One-way Ticket (Local Transport),0.7,-67.8
North Macedonia,Monthly Pass (Regular Price),24.79,-67.8
North Macedonia,Taxi Start (Normal Tariff),1.05,-67.8
North Macedonia,Taxi 1km (Normal Tariff),0.67,-67.8
North Macedonia,Taxi 1hour Waiting (Normal Tariff),5.27,-67.8
North Macedonia,Gasoline (1 liter),1.44,-67.8
North Macedonia,Volkswagen Golf 1.4 90 KW Trendline (Or Equivalent New Car),31599.09,-67.8
North Macedonia,Toyota Corolla Sedan 1.6l 97kW Comfort (Or Equivalent New Car),28606.88,-67.8
North Macedonia,"Basic (Electricity, Heating, Cooling, Water, Garbage) for 85m2 Apartment",138.29,-67.8
North Macedonia,Mobile Phone Monthly Plan with Calls and 10GB+ Data,16.76,-67.8
North Macedonia,"Internet (60 Mbps or More, Unlimited Data, Cable/ADSL)",18.2,-67.8
North Macedonia,"Fitness Club, Monthly Fee for 1 Adult",28.57,-67.8
North Macedonia,Tennis Court Rent (1 Hour on Weekend),11.95,-67.8
North Macedonia,"Cinema, International Release, 1 Seat",6.14,-67.8
North Macedonia,"Preschool (or Kindergarten), Full Day, Private, Monthly for 1 Child",253.28,-67.8
North Macedonia,"International Primary School, Yearly for 1 Child",3667.39,-67.8
North Macedonia,1 Pair of Jeans (Levis 501 Or Similar),54.57,-67.8
North Macedonia,"1 Summer Dress in a Chain Store (Zara, H&M, ...)",37.23,-67.8
North Macedonia,1 Pair of Nike Running Shoes (Mid-Range),80.46,-67.8
North Macedonia,1 Pair of Men Leather Business Shoes,94.2,-67.8
North Macedonia,Apartment (1 bedroom) in City Centre,299.61,-67.8
North Macedonia,Apartment (1 bedroom) Outside of Centre,224.04,-67.8
North Macedonia,Apartment (3 bedrooms) in City Centre,489.79,-67.8
North Macedonia,Apartment (3 bedrooms) Outside of Centre,349.39,-67.8
North Macedonia,Price per Square Meter to Buy Apartment in City Centre,1809.74,-67.8
North Macedonia,Price per Square Meter to Buy Apartment Outside of Centre,1306.75,-67.8
North Macedonia,Average Monthly Net Salary (After Tax),623.97,-67.8
North Macedonia,"Mortgage Interest Rate in Percentages (%), Yearly, for 20 Years Fixed-Rate",4.97,-67.8
Northern Mariana Islands,"Meal, Inexpensive Restaurant",8.0,
Northern Mariana Islands,"Meal for 2 People, Mid-range Restaurant, Three-course",40.0,
Northern Mariana Islands,McMeal at McDonalds (or Equivalent Combo Meal),12.0,
Northern Mariana Islands,Domestic Beer (0.5 liter draught),5.5,
Northern Mariana Islands,Imported Beer (0.33 liter bottle),6.0,
Northern Mariana Islands,Cappuccino (regular),4.83,
Northern Mariana Islands,Coke/Pepsi (0.33 liter bottle),1.5,
Northern Mariana Islands,Water (0.33 liter bottle),0.9,
Northern Mariana Islands,"Milk (regular), (1 liter)",2.23,
Northern Mariana Islands,Loaf of Fresh White Bread (500g),3.33,
Northern Mariana Islands,"Rice (white), (1kg)",45.0,
Northern Mariana Islands,Eggs (regular) (12),5.75,
Northern Mariana Islands,Local Cheese (1kg),,
Northern Mariana Islands,Chicken Fillets (1kg),13.23,
Northern Mariana Islands,Beef Round (1kg) (or Equivalent Back Leg Red Meat),,
Northern Mariana Islands,Apples (1kg),6.59,
Northern Mariana Islands,Banana (1kg),2.2,
Northern Mariana Islands,Oranges (1kg),6.59,
Northern Mariana Islands,Tomato (1kg),,
Northern Mariana Islands,Potato (1kg),2.09,
Northern Mariana Islands,Onion (1kg),2.28,
Northern Mariana Islands,Lettuce (1 head),4.99,
Northern Mariana Islands,Water (1.5 liter bottle),,
Northern Mariana Islands,Bottle of Wine (Mid-Range),15.0,
Northern Mariana Islands,Domestic Beer (0.5 liter bottle),,
Northern Mariana Islands,Imported Beer (0.33 liter bottle),,
Northern Mariana Islands,Cigarettes 20 Pack (Marlboro),,
Northern Mariana Islands,One-way Ticket (Local Transport),0.0,
Northern Mariana Islands,Monthly Pass (Regular Price),,
Northern Mariana Islands,Taxi Start (Normal Tariff),6.5,
Northern Mariana Islands,Taxi 1km (Normal Tariff),1.86,
Northern Mariana Islands,Taxi 1hour Waiting (Normal Tariff),,
Northern Mariana Islands,Gasoline (1 liter),1.41,
Northern Mariana Islands,Volkswagen Golf 1.4 90 KW Trendline (Or Equivalent New Car),36999.0,
Northern Mariana Islands,Toyota Corolla Sedan 1.6l 97kW Comfort (Or Equivalent New Car),22999.5,
Northern Mariana Islands,"Basic (Electricity, Heating, Cooling, Water, Garbage) for 85m2 Apartment",332.7,
Northern Mariana Islands,Mobile Phone Monthly Plan with Calls and 10GB+ Data,65.0,
Northern Mariana Islands,"Internet (60 Mbps or More, Unlimited Data, Cable/ADSL)",60.0,
Northern Mariana Islands,"Fitness Club, Monthly Fee for 1 Adult",47.5,
Northern Mariana Islands,Tennis Court Rent (1 Hour on Weekend),,
Northern Mariana Islands,"Cinema, International Release, 1 Seat",8.0,
Northern Mariana Islands,"Preschool (or Kindergarten), Full Day, Private, Monthly for 1 Child",,
Northern Mariana Islands,"International Primary School, Yearly for 1 Child",6000.0,
Northern Mariana Islands,1 Pair of Jeans (Levis 501 Or Similar),30.0,
Northern Mariana Islands,"1 Summer Dress in a Chain Store (Zara, H&M, ...)",40.0,
Northern Mariana Islands,1 Pair of Nike Running Shoes (Mid-Range),70.0,
Northern Mariana Islands,1 Pair of Men Leather Business Shoes,55.0,
Northern Mariana Islands,Apartment (1 bedroom) in City Centre,625.0,
Northern Mariana Islands,Apartment (1 bedroom) Outside of Centre,450.0,
Northern Mariana Islands,Apartment (3 bedrooms) in City Centre,1050.0,
Northern Mariana Islands,Apartment (3 bedrooms) Outside of Centre,966.67,
Northern Mariana Islands,Price per Square Meter to Buy Apartment in City Centre,1800.0,
Northern Mariana Islands,Price per Square Meter to Buy Apartment Outside of Centre,12916.69,
Northern Mariana Islands,Average Monthly Net Salary (After Tax),1010.0,
Northern Mariana Islands,"Mortgage Interest Rate in Percentages (%), Yearly, for 20 Years Fixed-Rate",,
Norway,"Meal, Inexpensive Restaurant",19.98,25.3
Norway,"Meal for 2 People, Mid-range Restaurant, Three-course",90.83,25.3
Norway,McMeal at McDonalds (or Equivalent Combo Meal),12.26,25.3
Norway,Domestic Beer (0.5 liter draught),9.08,25.3
Norway,Imported Beer (0.33 liter bottle),9.08,25.3
Norway,Cappuccino (regular),4.41,25.3
Norway,Coke/Pepsi (0.33 liter bottle),3.17,25.3
Norway,Water (0.33 liter bottle),2.62,25.3
Norway,"Milk (regular), (1 liter)",2.02,25.3
Norway,Loaf of Fresh White Bread (500g),3.07,25.3
Norway,"Rice (white), (1kg)",2.93,25.3
Norway,Eggs (regular) (12),3.93,25.3
Norway,Local Cheese (1kg),10.81,25.3
Norway,Chicken Fillets (1kg),13.47,25.3
Norway,Beef Round (1kg) (or Equivalent Back Leg Red Meat),26.73,25.3
Norway,Apples (1kg),3.04,25.3
Norway,Banana (1kg),2.27,25.3
Norway,Oranges (1kg),2.9,25.3
Norway,Tomato (1kg),4.23,25.3
Norway,Potato (1kg),2.16,25.3
Norway,Onion (1kg),2.33,25.3
Norway,Lettuce (1 head),2.4,25.3
Norway,Water (1.5 liter bottle),1.93,25.3
Norway,Bottle of Wine (Mid-Range),14.08,25.3
Norway,Domestic Beer (0.5 liter bottle),3.11,25.3
Norway,Imported Beer (0.33 liter bottle),3.87,25.3
Norway,Cigarettes 20 Pack (Marlboro),13.62,25.3
Norway,One-way Ticket (Local Transport),3.81,25.3
Norway,Monthly Pass (Regular Price),72.62,25.3
Norway,Taxi Start (Normal Tariff),10.9,25.3
Norway,Taxi 1km (Normal Tariff),1.58,25.3
Norway,Taxi 1hour Waiting (Normal Tariff),49.05,25.3
Norway,Gasoline (1 liter),1.96,25.3
Norway,Volkswagen Golf 1.4 90 KW Trendline (Or Equivalent New Car),33379.99,25.3
Norway,Toyota Corolla Sedan 1.6l 97kW Comfort (Or Equivalent New Car),34294.47,25.3
Norway,"Basic (Electricity, Heating, Cooling, Water, Garbage) for 85m2 Apartment",216.51,25.3
Norway,Mobile Phone Monthly Plan with Calls and 10GB+ Data,37.31,25.3
Norway,"Internet (60 Mbps or More, Unlimited Data, Cable/ADSL)",55.39,25.3
Norway,"Fitness Club, Monthly Fee for 1 Adult",42.86,25.3
Norway,Tennis Court Rent (1 Hour on Weekend),28.3,25.3
Norway,"Cinema, International Release, 1 Seat",13.62,25.3
Norway,"Preschool (or Kindergarten), Full Day, Private, Monthly for 1 Child",288.04,25.3
Norway,"International Primary School, Yearly for 1 Child",5856.07,25.3
Norway,1 Pair of Jeans (Levis 501 Or Similar),87.38,25.3
Norway,"1 Summer Dress in a Chain Store (Zara, H&M, ...)",45.53,25.3
Norway,1 Pair of Nike Running Shoes (Mid-Range),105.55,25.3
Norway,1 Pair of Men Leather Business Shoes,131.81,25.3
Norway,Apartment (1 bedroom) in City Centre,1184.91,25.3
Norway,Apartment (1 bedroom) Outside of Centre,880.84,25.3
Norway,Apartment (3 bedrooms) in City Centre,1828.94,25.3
Norway,Apartment (3 bedrooms) Outside of Centre,1413.88,25.3
Norway,Price per Square Meter to Buy Apartment in City Centre,6420.43,25.3
Norway,Price per Square Meter to Buy Apartment Outside of Centre,4468.16,25.3
Norway,Average Monthly Net Salary (After Tax),3307.13,25.3
Norway,"Mortgage Interest Rate in Percentages (%), Yearly, for 20 Years Fixed-Rate",4.32,25.3
Oman,"Meal, Inexpensive Restaurant",5.2,-41.1
Oman,"Meal for 2 People, Mid-range Restaurant, Three-course",25.98,-41.1
Oman,McMeal at McDonalds (or Equivalent Combo Meal),7.8,-41.1
Oman,Domestic Beer (0.5 liter draught),10.39,-41.1
Oman,Imported Beer (0.33 liter bottle),10.39,-41.1
Oman,Cappuccino (regular),4.7,-41.1
Oman,Coke/Pepsi (0.33 liter bottle),0.79,-41.1
Oman,Water (0.33 liter bottle),0.28,-41.1
Oman,"Milk (regular), (1 liter)",1.81,-41.1
Oman,Loaf of Fresh White Bread (500g),1.16,-41.1
Oman,"Rice (white), (1kg)",1.86,-41.1
Oman,Eggs (regular) (12),2.41,-41.1
Oman,Local Cheese (1kg),4.76,-41.1
Oman,Chicken Fillets (1kg),5.07,-41.1
Oman,Beef Round (1kg) (or Equivalent Back Leg Red Meat),8.67,-41.1
Oman,Apples (1kg),2.37,-41.1
Oman,Banana (1kg),1.74,-41.1
Oman,Oranges (1kg),1.81,-41.1
Oman,Tomato (1kg),1.15,-41.1
Oman,Potato (1kg),1.0,-41.1
Oman,Onion (1kg),0.95,-41.1
Oman,Lettuce (1 head),1.01,-41.1
Oman,Water (1.5 liter bottle),0.55,-41.1
Oman,Bottle of Wine (Mid-Range),18.19,-41.1
Oman,Domestic Beer (0.5 liter bottle),4.33,-41.1
Oman,Imported Beer (0.33 liter bottle),8.6,-41.1
Oman,Cigarettes 20 Pack (Marlboro),5.98,-41.1
Oman,One-way Ticket (Local Transport),1.3,-41.1
Oman,Monthly Pass (Regular Price),58.47,-41.1
Oman,Taxi Start (Normal Tariff),3.9,-41.1
Oman,Taxi 1km (Normal Tariff),0.78,-41.1
Oman,Taxi 1hour Waiting (Normal Tariff),10.39,-41.1
Oman,Gasoline (1 liter),0.62,-41.1
Oman,Volkswagen Golf 1.4 90 KW Trendline (Or Equivalent New Car),22606.62,-41.1
Oman,Toyota Corolla Sedan 1.6l 97kW Comfort (Or Equivalent New Car),20938.14,-41.1
Oman,"Basic (Electricity, Heating, Cooling, Water, Garbage) for 85m2 Apartment",98.96,-41.1
Oman,Mobile Phone Monthly Plan with Calls and 10GB+ Data,39.97,-41.1
Oman,"Internet (60 Mbps or More, Unlimited Data, Cable/ADSL)",73.85,-41.1
Oman,"Fitness Club, Monthly Fee for 1 Adult",48.33,-41.1
Oman,Tennis Court Rent (1 Hour on Weekend),27.2,-41.1
Oman,"Cinema, International Release, 1 Seat",10.07,-41.1
Oman,"Preschool (or Kindergarten), Full Day, Private, Monthly for 1 Child",191.94,-41.1
Oman,"International Primary School, Yearly for 1 Child",7675.87,-41.1
Oman,1 Pair of Jeans (Levis 501 Or Similar),43.16,-41.1
Oman,"1 Summer Dress in a Chain Store (Zara, H&M, ...)",38.21,-41.1
Oman,1 Pair of Nike Running Shoes (Mid-Range),75.65,-41.1
Oman,1 Pair of Men Leather Business Shoes,78.44,-41.1
Oman,Apartment (1 bedroom) in City Centre,532.09,-41.1
Oman,Apartment (1 bedroom) Outside of Centre,366.08,-41.1
Oman,Apartment (3 bedrooms) in City Centre,922.79,-41.1
Oman,Apartment (3 bedrooms) Outside of Centre,672.68,-41.1
Oman,Price per Square Meter to Buy Apartment in City Centre,1548.03,-41.1
Oman,Price per Square Meter to Buy Apartment Outside of Centre,1036.92,-41.1
Oman,Average Monthly Net Salary (After Tax),2322.05,-41.1
Oman,"Mortgage Interest Rate in Percentages (%), Yearly, for 20 Years Fixed-Rate",4.76,-41.1
Pakistan,"Meal, Inexpensive Restaurant",1.8,-86.0
Pakistan,"Meal for 2 People, Mid-range Restaurant, Three-course",12.58,-86.0
Pakistan,McMeal at McDonalds (or Equivalent Combo Meal),4.31,-86.0
Pakistan,Domestic Non-Alcoholic Beer (0.5 liter draught),1.8,-86.0
Pakistan,Imported Non-Alcoholic Beer (0.33 liter bottle),4.31,-86.0
Pakistan,Cappuccino (regular),1.74,-86.0
Pakistan,Coke/Pepsi (0.33 liter bottle),0.33,-86.0
Pakistan,Water (0.33 liter bottle),0.23,-86.0
Pakistan,"Milk (regular), (1 liter)",0.78,-86.0
Pakistan,Loaf of Fresh White Bread (500g),0.59,-86.0
Pakistan,"Rice (white), (1kg)",1.24,-86.0
Pakistan,Eggs (regular) (12),1.19,-86.0
Pakistan,Local Cheese (1kg),5.46,-86.0
Pakistan,Chicken Fillets (1kg),2.79,-86.0
Pakistan,Beef Round (1kg) (or Equivalent Back Leg Red Meat),3.94,-86.0
Pakistan,Apples (1kg),1.05,-86.0
Pakistan,Banana (1kg),0.64,-86.0
Pakistan,Oranges (1kg),0.75,-86.0
Pakistan,Tomato (1kg),0.52,-86.0
Pakistan,Potato (1kg),0.37,-86.0
Pakistan,Onion (1kg),0.53,-86.0
Pakistan,Lettuce (1 head),0.38,-86.0
Pakistan,Water (1.5 liter bottle),0.37,-86.0
Pakistan,Bottle of Non-Alcoholic Wine (Mid-Range),1.8,-86.0
Pakistan,Domestic Non-Alcoholic Beer (0.5 liter bottle),1.12,-86.0
Pakistan,Imported Non-Alcoholic Beer (0.33 liter bottle),1.96,-86.0
Pakistan,Cigarettes 20 Pack (Marlboro),1.98,-86.0
Pakistan,One-way Ticket (Local Transport),0.18,-86.0
Pakistan,Monthly Pass (Regular Price),7.19,-86.0
Pakistan,Taxi Start (Normal Tariff),0.72,-86.0
Pakistan,Taxi 1km (Normal Tariff),0.54,-86.0
Pakistan,Taxi 1hour Waiting (Normal Tariff),1.8,-86.0
Pakistan,Gasoline (1 liter),0.99,-86.0
Pakistan,Volkswagen Golf 1.4 90 KW Trendline (Or Equivalent New Car),17973.5,-86.0
Pakistan,Toyota Corolla Sedan 1.6l 97kW Comfort (Or Equivalent New Car),23536.03,-86.0
Pakistan,"Basic (Electricity, Heating, Cooling, Water, Garbage) for 85m2 Apartment",102.33,-86.0
Pakistan,Mobile Phone Monthly Plan with Calls and 10GB+ Data,4.43,-86.0
Pakistan,"Internet (60 Mbps or More, Unlimited Data, Cable/ADSL)",14.36,-86.0
Pakistan,"Fitness Club, Monthly Fee for 1 Adult",12.54,-86.0
Pakistan,Tennis Court Rent (1 Hour on Weekend),8.27,-86.0
Pakistan,"Cinema, International Release, 1 Seat",4.31,-86.0
Pakistan,"Preschool (or Kindergarten), Full Day, Private, Monthly for 1 Child",36.53,-86.0
Pakistan,"International Primary School, Yearly for 1 Child",1137.29,-86.0
Pakistan,1 Pair of Jeans (Levis 501 Or Similar),15.36,-86.0
Pakistan,"1 Summer Dress in a Chain Store (Zara, H&M, ...)",23.07,-86.0
Pakistan,1 Pair of Nike Running Shoes (Mid-Range),65.83,-86.0
Pakistan,1 Pair of Men Leather Business Shoes,30.65,-86.0
Pakistan,Apartment (1 bedroom) in City Centre,111.42,-86.0
Pakistan,Apartment (1 bedroom) Outside of Centre,68.55,-86.0
Pakistan,Apartment (3 bedrooms) in City Centre,258.94,-86.0
Pakistan,Apartment (3 bedrooms) Outside of Centre,153.39,-86.0
Pakistan,Price per Square Meter to Buy Apartment in City Centre,584.44,-86.0
Pakistan,Price per Square Meter to Buy Apartment Outside of Centre,403.22,-86.0
Pakistan,Average Monthly Net Salary (After Tax),182.47,-86.0
Pakistan,"Mortgage Interest Rate in Percentages (%), Yearly, for 20 Years Fixed-Rate",20.27,-86.0
Palau,"Meal, Inexpensive Restaurant",12.0,
Palau,"Meal for 2 People, Mid-range Restaurant, Three-course",75.0,
Palau,McMeal at McDonalds (or Equivalent Combo Meal),10.0,
Palau,Domestic Beer (0.5 liter draught),1.5,
Palau,Imported Beer (0.33 liter bottle),2.2,
Palau,Cappuccino (regular),4.08,
Palau,Coke/Pepsi (0.33 liter bottle),1.37,
Palau,Water (0.33 liter bottle),1.07,
Palau,"Milk (regular), (1 liter)",2.92,
Palau,Loaf of Fresh White Bread (500g),3.13,
Palau,"Rice (white), (1kg)",0.25,
Palau,Eggs (regular) (12),5.97,
Palau,Local Cheese (1kg),10.0,
Palau,Chicken Fillets (1kg),13.88,
Palau,Beef Round (1kg) (or Equivalent Back Leg Red Meat),19.24,
Palau,Apples (1kg),5.28,
Palau,Banana (1kg),2.2,
Palau,Oranges (1kg),5.51,
Palau,Tomato (1kg),16.53,
Palau,Potato (1kg),4.61,
Palau,Onion (1kg),3.31,
Palau,Lettuce (1 head),2.0,
Palau,Water (1.5 liter bottle),1.67,
Palau,Bottle of Wine (Mid-Range),22.5,
Palau,Domestic Beer (0.5 liter bottle),3.44,
Palau,Imported Beer (0.33 liter bottle),3.35,
Palau,Cigarettes 20 Pack (Marlboro),11.25,
Palau,One-way Ticket (Local Transport),0.0,
Palau,Monthly Pass (Regular Price),0.0,
Palau,Taxi Start (Normal Tariff),2.5,
Palau,Taxi 1km (Normal Tariff),0.0,
Palau,Taxi 1hour Waiting (Normal Tariff),0.0,
Palau,Gasoline (1 liter),1.78,
Palau,Volkswagen Golf 1.4 90 KW Trendline (Or Equivalent New Car),17500.0,
Palau,Toyota Corolla Sedan 1.6l 97kW Comfort (Or Equivalent New Car),15000.0,
Palau,"Basic (Electricity, Heating, Cooling, Water, Garbage) for 85m2 Apartment",170.0,
Palau,Mobile Phone Monthly Plan with Calls and 10GB+ Data,51.5,
Palau,"Internet (60 Mbps or More, Unlimited Data, Cable/ADSL)",129.5,
Palau,"Fitness Club, Monthly Fee for 1 Adult",55.0,
Palau,Tennis Court Rent (1 Hour on Weekend),,
Palau,"Cinema, International Release, 1 Seat",,
Palau,"Preschool (or Kindergarten), Full Day, Private, Monthly for 1 Child",200.0,
Palau,"International Primary School, Yearly for 1 Child",1920.0,
Palau,1 Pair of Jeans (Levis 501 Or Similar),62.5,
Palau,"1 Summer Dress in a Chain Store (Zara, H&M, ...)",52.5,
Palau,1 Pair of Nike Running Shoes (Mid-Range),147.5,
Palau,1 Pair of Men Leather Business Shoes,195.0,
Palau,Apartment (1 bedroom) in City Centre,900.0,
Palau,Apartment (1 bedroom) Outside of Centre,700.0,
Palau,Apartment (3 bedrooms) in City Centre,1750.0,
Palau,Apartment (3 bedrooms) Outside of Centre,1000.0,
Palau,Price per Square Meter to Buy Apartment in City Centre,8490.56,
Palau,Price per Square Meter to Buy Apartment Outside of Centre,788.8,
Palau,Average Monthly Net Salary (After Tax),1000.0,
Palau,"Mortgage Interest Rate in Percentages (%), Yearly, for 20 Years Fixed-Rate",,
Palestine,"Meal, Inexpensive Restaurant",7.39,-63.0
Palestine,"Meal for 2 People, Mid-range Restaurant, Three-course",26.39,-63.0
Palestine,McMeal at McDonalds (or Equivalent Combo Meal),7.92,-63.0
Palestine,Domestic Beer (0.5 liter draught),3.96,-63.0
Palestine,Imported Beer (0.33 liter bottle),4.75,-63.0
Palestine,Cappuccino (regular),2.46,-63.0
Palestine,Coke/Pepsi (0.33 liter bottle),0.71,-63.0
Palestine,Water (0.33 liter bottle),0.59,-63.0
Palestine,"Milk (regular), (1 liter)",1.71,-63.0
Palestine,Loaf of Fresh White Bread (500g),0.82,-63.0
Palestine,"Rice (white), (1kg)",2.18,-63.0
Palestine,Eggs (regular) (12),2.37,-63.0
Palestine,Local Cheese (1kg),5.99,-63.0
Palestine,Chicken Fillets (1kg),6.49,-63.0
Palestine,Beef Round (1kg) (or Equivalent Back Leg Red Meat),14.0,-63.0
Palestine,Apples (1kg),1.91,-63.0
Palestine,Banana (1kg),1.34,-63.0
Palestine,Oranges (1kg),1.19,-63.0
Palestine,Tomato (1kg),1.25,-63.0
Palestine,Potato (1kg),1.04,-63.0
Palestine,Onion (1kg),1.0,-63.0
Palestine,Lettuce (1 head),1.17,-63.0
Palestine,Water (1.5 liter bottle),0.73,-63.0
Palestine,Bottle of Wine (Mid-Range),10.56,-63.0
Palestine,Domestic Beer (0.5 liter bottle),2.82,-63.0
Palestine,Imported Beer (0.33 liter bottle),3.01,-63.0
Palestine,Cigarettes 20 Pack (Marlboro),7.13,-63.0
Palestine,One-way Ticket (Local Transport),1.32,-63.0
Palestine,Monthly Pass (Regular Price),54.9,-63.0
Palestine,Taxi Start (Normal Tariff),2.64,-63.0
Palestine,Taxi 1km (Normal Tariff),1.32,-63.0
Palestine,Taxi 1hour Waiting (Normal Tariff),13.2,-63.0
Palestine,Gasoline (1 liter),1.8,-63.0
Palestine,Volkswagen Golf 1.4 90 KW Trendline (Or Equivalent New Car),34969.19,-63.0
Palestine,Toyota Corolla Sedan 1.6l 97kW Comfort (Or Equivalent New Car),42095.95,-63.0
Palestine,"Basic (Electricity, Heating, Cooling, Water, Garbage) for 85m2 Apartment",85.4,-63.0
Palestine,Mobile Phone Monthly Plan with Calls and 10GB+ Data,15.23,-63.0
Palestine,"Internet (60 Mbps or More, Unlimited Data, Cable/ADSL)",37.97,-63.0
Palestine,"Fitness Club, Monthly Fee for 1 Adult",48.53,-63.0
Palestine,Tennis Court Rent (1 Hour on Weekend),18.08,-63.0
Palestine,"Cinema, International Release, 1 Seat",7.92,-63.0
Palestine,"Preschool (or Kindergarten), Full Day, Private, Monthly for 1 Child",160.33,-63.0
Palestine,"International Primary School, Yearly for 1 Child",2694.11,-63.0
Palestine,1 Pair of Jeans (Levis 501 Or Similar),42.23,-63.0
Palestine,"1 Summer Dress in a Chain Store (Zara, H&M, ...)",44.92,-63.0
Palestine,1 Pair of Nike Running Shoes (Mid-Range),81.81,-63.0
Palestine,1 Pair of Men Leather Business Shoes,53.7,-63.0
Palestine,Apartment (1 bedroom) in City Centre,319.18,-63.0
Palestine,Apartment (1 bedroom) Outside of Centre,248.46,-63.0
Palestine,Apartment (3 bedrooms) in City Centre,566.4,-63.0
Palestine,Apartment (3 bedrooms) Outside of Centre,434.34,-63.0
Palestine,Price per Square Meter to Buy Apartment in City Centre,992.13,-63.0
Palestine,Price per Square Meter to Buy Apartment Outside of Centre,726.09,-63.0
Palestine,Average Monthly Net Salary (After Tax),639.9,-63.0
Palestine,"Mortgage Interest Rate in Percentages (%), Yearly, for 20 Years Fixed-Rate",7.73,-63.0
Panama,"Meal, Inexpensive Restaurant",10.0,-0.1
Panama,"Meal for 2 People, Mid-range Restaurant, Three-course",55.5,-0.1
Panama,McMeal at McDonalds (or Equivalent Combo Meal),8.0,-0.1
Panama,Domestic Beer (0.5 liter draught),2.0,-0.1
Panama,Imported Beer (0.33 liter bottle),3.61,-0.1
Panama,Cappuccino (regular),3.5,-0.1
Panama,Coke/Pepsi (0.33 liter bottle),1.62,-0.1
Panama,Water (0.33 liter bottle),1.28,-0.1
Panama,"Milk (regular), (1 liter)",1.75,-0.1
Panama,Loaf of Fresh White Bread (500g),2.37,-0.1
Panama,"Rice (white), (1kg)",2.31,-0.1
Panama,Eggs (regular) (12),2.55,-0.1
Panama,Local Cheese (1kg),11.78,-0.1
Panama,Chicken Fillets (1kg),7.19,-0.1
Panama,Beef Round (1kg) (or Equivalent Back Leg Red Meat),9.09,-0.1
Panama,Apples (1kg),3.58,-0.1
Panama,Banana (1kg),1.45,-0.1
Panama,Oranges (1kg),2.88,-0.1
Panama,Tomato (1kg),3.05,-0.1
Panama,Potato (1kg),2.16,-0.1
Panama,Onion (1kg),2.25,-0.1
Panama,Lettuce (1 head),2.03,-0.1
Panama,Water (1.5 liter bottle),1.53,-0.1
Panama,Bottle of Wine (Mid-Range),9.0,-0.1
Panama,Domestic Beer (0.5 liter bottle),1.15,-0.1
Panama,Imported Beer (0.33 liter bottle),1.97,-0.1
Panama,Cigarettes 20 Pack (Marlboro),5.5,-0.1
Panama,One-way Ticket (Local Transport),0.5,-0.1
Panama,Monthly Pass (Regular Price),25.0,-0.1
Panama,Taxi Start (Normal Tariff),2.0,-0.1
Panama,Taxi 1km (Normal Tariff),2.0,-0.1
Panama,Taxi 1hour Waiting (Normal Tariff),20.0,-0.1
Panama,Gasoline (1 liter),0.97,-0.1
Panama,Volkswagen Golf 1.4 90 KW Trendline (Or Equivalent New Car),19750.0,-0.1
Panama,Toyota Corolla Sedan 1.6l 97kW Comfort (Or Equivalent New Car),20250.0,-0.1
Panama,"Basic (Electricity, Heating, Cooling, Water, Garbage) for 85m2 Apartment",99.35,-0.1
Panama,Mobile Phone Monthly Plan with Calls and 10GB+ Data,29.6,-0.1
Panama,"Internet (60 Mbps or More, Unlimited Data, Cable/ADSL)",48.87,-0.1
Panama,"Fitness Club, Monthly Fee for 1 Adult",54.45,-0.1
Panama,Tennis Court Rent (1 Hour on Weekend),32.78,-0.1
Panama,"Cinema, International Release, 1 Seat",7.0,-0.1
Panama,"Preschool (or Kindergarten), Full Day, Private, Monthly for 1 Child",398.12,-0.1
Panama,"International Primary School, Yearly for 1 Child",8319.5,-0.1
Panama,1 Pair of Jeans (Levis 501 Or Similar),50.19,-0.1
Panama,"1 Summer Dress in a Chain Store (Zara, H&M, ...)",37.08,-0.1
Panama,1 Pair of Nike Running Shoes (Mid-Range),82.75,-0.1
Panama,1 Pair of Men Leather Business Shoes,94.58,-0.1
Panama,Apartment (1 bedroom) in City Centre,813.19,-0.1
Panama,Apartment (1 bedroom) Outside of Centre,600.3,-0.1
Panama,Apartment (3 bedrooms) in City Centre,1679.88,-0.1
Panama,Apartment (3 bedrooms) Outside of Centre,1136.21,-0.1
Panama,Price per Square Meter to Buy Apartment in City Centre,2240.35,-0.1
Panama,Price per Square Meter to Buy Apartment Outside of Centre,1600.0,-0.1
Panama,Average Monthly Net Salary (After Tax),796.36,-0.1
Panama,"Mortgage Interest Rate in Percentages (%), Yearly, for 20 Years Fixed-Rate",6.17,-0.1
Papua New Guinea,"Meal, Inexpensive Restaurant",10.94,82.3
Papua New Guinea,"Meal for 2 People, Mid-range Restaurant, Three-course",49.87,82.3
Papua New Guinea,McMeal at McDonalds (or Equivalent Combo Meal),7.48,82.3
Papua New Guinea,Domestic Beer (0.5 liter draught),2.99,82.3
Papua New Guinea,Imported Beer (0.33 liter bottle),4.49,82.3
Papua New Guinea,Cappuccino (regular),2.32,82.3
Papua New Guinea,Coke/Pepsi (0.33 liter bottle),0.88,82.3
Papua New Guinea,Water (0.33 liter bottle),0.78,82.3
Papua New Guinea,"Milk (regular), (1 liter)",1.87,82.3
Papua New Guinea,Loaf of Fresh White Bread (500g),1.48,82.3
Papua New Guinea,"Rice (white), (1kg)",1.4,82.3
Papua New Guinea,Eggs (regular) (12),3.87,82.3
Papua New Guinea,Local Cheese (1kg),5.48,82.3
Papua New Guinea,Chicken Fillets (1kg),6.74,82.3
Papua New Guinea,Beef Round (1kg) (or Equivalent Back Leg Red Meat),7.84,82.3
Papua New Guinea,Apples (1kg),4.07,82.3
Papua New Guinea,Banana (1kg),2.68,82.3
Papua New Guinea,Oranges (1kg),3.6,82.3
Papua New Guinea,Tomato (1kg),3.18,82.3
Papua New Guinea,Potato (1kg),3.52,82.3
Papua New Guinea,Onion (1kg),2.63,82.3
Papua New Guinea,Lettuce (1 head),3.63,82.3
Papua New Guinea,Water (1.5 liter bottle),0.91,82.3
Papua New Guinea,Bottle of Wine (Mid-Range),11.59,82.3
Papua New Guinea,Domestic Beer (0.5 liter bottle),2.34,82.3
Papua New Guinea,Imported Beer (0.33 liter bottle),3.35,82.3
Papua New Guinea,Cigarettes 20 Pack (Marlboro),7.11,82.3
Papua New Guinea,One-way Ticket (Local Transport),0.5,82.3
Papua New Guinea,Monthly Pass (Regular Price),33.41,82.3
Papua New Guinea,Taxi Start (Normal Tariff),5.61,82.3
Papua New Guinea,Taxi 1km (Normal Tariff),1.5,82.3
Papua New Guinea,Taxi 1hour Waiting (Normal Tariff),14.96,82.3
Papua New Guinea,Gasoline (1 liter),1.08,82.3
Papua New Guinea,Volkswagen Golf 1.4 90 KW Trendline (Or Equivalent New Car),29920.78,82.3
Papua New Guinea,Toyota Corolla Sedan 1.6l 97kW Comfort (Or Equivalent New Car),29089.64,82.3
Papua New Guinea,"Basic (Electricity, Heating, Cooling, Water, Garbage) for 85m2 Apartment",91.84,82.3
Papua New Guinea,Mobile Phone Monthly Plan with Calls and 10GB+ Data,55.06,82.3
Papua New Guinea,"Internet (60 Mbps or More, Unlimited Data, Cable/ADSL)",204.46,82.3
Papua New Guinea,"Fitness Club, Monthly Fee for 1 Adult",60.55,82.3
Papua New Guinea,Tennis Court Rent (1 Hour on Weekend),16.52,82.3
Papua New Guinea,"Cinema, International Release, 1 Seat",8.1,82.3
Papua New Guinea,"Preschool (or Kindergarten), Full Day, Private, Monthly for 1 Child",339.93,82.3
Papua New Guinea,"International Primary School, Yearly for 1 Child",4915.56,82.3
Papua New Guinea,1 Pair of Jeans (Levis 501 Or Similar),35.94,82.3
Papua New Guinea,"1 Summer Dress in a Chain Store (Zara, H&M, ...)",32.73,82.3
Papua New Guinea,1 Pair of Nike Running Shoes (Mid-Range),63.17,82.3
Papua New Guinea,1 Pair of Men Leather Business Shoes,85.19,82.3
Papua New Guinea,Apartment (1 bedroom) in City Centre,3258.99,82.3
Papua New Guinea,Apartment (1 bedroom) Outside of Centre,730.89,82.3
Papua New Guinea,Apartment (3 bedrooms) in City Centre,2908.96,82.3
Papua New Guinea,Apartment (3 bedrooms) Outside of Centre,822.82,82.3
Papua New Guinea,Price per Square Meter to Buy Apartment in City Centre,8198.78,82.3
Papua New Guinea,Price per Square Meter to Buy Apartment Outside of Centre,64124.2,82.3
Papua New Guinea,Average Monthly Net Salary (After Tax),401.44,82.3
Papua New Guinea,"Mortgage Interest Rate in Percentages (%), Yearly, for 20 Years Fixed-Rate",13.67,82.3
Paraguay,"Meal, Inexpensive Restaurant",3.74,-58.9
Paraguay,"Meal for 2 People, Mid-range Restaurant, Three-course",22.44,-58.9
Paraguay,McMeal at McDonalds (or Equivalent Combo Meal),4.49,-58.9
Paraguay,Domestic Beer (0.5 liter draught),1.25,-58.9
Paraguay,Imported Beer (0.33 liter bottle),1.87,-58.9
Paraguay,Cappuccino (regular),1.8,-58.9
Paraguay,Coke/Pepsi (0.33 liter bottle),0.83,-58.9
Paraguay,Water (0.33 liter bottle),0.48,-58.9
Paraguay,"Milk (regular), (1 liter)",0.8,-58.9
Paraguay,Loaf of Fresh White Bread (500g),0.69,-58.9
Paraguay,"Rice (white), (1kg)",0.85,-58.9
Paraguay,Eggs (regular) (12),1.7,-58.9
Paraguay,Local Cheese (1kg),5.46,-58.9
Paraguay,Chicken Fillets (1kg),3.04,-58.9
Paraguay,Beef Round (1kg) (or Equivalent Back Leg Red Meat),5.51,-58.9
Paraguay,Apples (1kg),1.88,-58.9
Paraguay,Banana (1kg),0.75,-58.9
Paraguay,Oranges (1kg),0.89,-58.9
Paraguay,Tomato (1kg),1.58,-58.9
Paraguay,Potato (1kg),0.99,-58.9
Paraguay,Onion (1kg),0.96,-58.9
Paraguay,Lettuce (1 head),0.53,-58.9
Paraguay,Water (1.5 liter bottle),0.47,-58.9
Paraguay,Bottle of Wine (Mid-Range),5.5,-58.9
Paraguay,Domestic Beer (0.5 liter bottle),0.73,-58.9
Paraguay,Imported Beer (0.33 liter bottle),1.36,-58.9
Paraguay,Cigarettes 20 Pack (Marlboro),1.5,-58.9
Paraguay,One-way Ticket (Local Transport),0.45,-58.9
Paraguay,Monthly Pass (Regular Price),32.46,-58.9
Paraguay,Taxi Start (Normal Tariff),1.12,-58.9
Paraguay,Taxi 1km (Normal Tariff),1.25,-58.9
Paraguay,Taxi 1hour Waiting (Normal Tariff),6.23,-58.9
Paraguay,Gasoline (1 liter),0.94,-58.9
Paraguay,Volkswagen Golf 1.4 90 KW Trendline (Or Equivalent New Car),14000.0,-58.9
Paraguay,Toyota Corolla Sedan 1.6l 97kW Comfort (Or Equivalent New Car),23751.63,-58.9
Paraguay,"Basic (Electricity, Heating, Cooling, Water, Garbage) for 85m2 Apartment",46.8,-58.9
Paraguay,Mobile Phone Monthly Plan with Calls and 10GB+ Data,14.14,-58.9
Paraguay,"Internet (60 Mbps or More, Unlimited Data, Cable/ADSL)",17.1,-58.9
Paraguay,"Fitness Club, Monthly Fee for 1 Adult",25.15,-58.9
Paraguay,Tennis Court Rent (1 Hour on Weekend),12.38,-58.9
Paraguay,"Cinema, International Release, 1 Seat",4.99,-58.9
Paraguay,"Preschool (or Kindergarten), Full Day, Private, Monthly for 1 Child",141.77,-58.9
Paraguay,"International Primary School, Yearly for 1 Child",3177.35,-58.9
Paraguay,1 Pair of Jeans (Levis 501 Or Similar),58.56,-58.9
Paraguay,"1 Summer Dress in a Chain Store (Zara, H&M, ...)",35.92,-58.9
Paraguay,1 Pair of Nike Running Shoes (Mid-Range),70.28,-58.9
Paraguay,1 Pair of Men Leather Business Shoes,51.72,-58.9
Paraguay,Apartment (1 bedroom) in City Centre,386.23,-58.9
Paraguay,Apartment (1 bedroom) Outside of Centre,289.09,-58.9
Paraguay,Apartment (3 bedrooms) in City Centre,643.21,-58.9
Paraguay,Apartment (3 bedrooms) Outside of Centre,422.3,-58.9
Paraguay,Price per Square Meter to Buy Apartment in City Centre,1340.49,-58.9
Paraguay,Price per Square Meter to Buy Apartment Outside of Centre,933.94,-58.9
Paraguay,Average Monthly Net Salary (After Tax),357.03,-58.9
Paraguay,"Mortgage Interest Rate in Percentages (%), Yearly, for 20 Years Fixed-Rate",10.19,-58.9
Peru,"Meal, Inexpensive Restaurant",3.99,-51.7
Peru,"Meal for 2 People, Mid-range Restaurant, Three-course",26.57,-51.7
Peru,McMeal at McDonalds (or Equivalent Combo Meal),5.82,-51.7
Peru,Domestic Beer (0.5 liter draught),2.13,-51.7
Peru,Imported Beer (0.33 liter bottle),3.72,-51.7
Peru,Cappuccino (regular),2.52,-51.7
Peru,Coke/Pepsi (0.33 liter bottle),0.8,-51.7
Peru,Water (0.33 liter bottle),0.5,-51.7
Peru,"Milk (regular), (1 liter)",1.25,-51.7
Peru,Loaf of Fresh White Bread (500g),2.16,-51.7
Peru,"Rice (white), (1kg)",1.16,-51.7
Peru,Eggs (regular) (12),2.43,-51.7
Peru,Local Cheese (1kg),6.62,-51.7
Peru,Chicken Fillets (1kg),4.81,-51.7
Peru,Beef Round (1kg) (or Equivalent Back Leg Red Meat),8.61,-51.7
Peru,Apples (1kg),1.69,-51.7
Peru,Banana (1kg),0.92,-51.7
Peru,Oranges (1kg),0.95,-51.7
Peru,Tomato (1kg),1.03,-51.7
Peru,Potato (1kg),0.97,-51.7
Peru,Onion (1kg),0.87,-51.7
Peru,Lettuce (1 head),0.73,-51.7
Peru,Water (1.5 liter bottle),0.75,-51.7
Peru,Bottle of Wine (Mid-Range),7.97,-51.7
Peru,Domestic Beer (0.5 liter bottle),1.62,-51.7
Peru,Imported Beer (0.33 liter bottle),2.45,-51.7
Peru,Cigarettes 20 Pack (Marlboro),5.31,-51.7
Peru,One-way Ticket (Local Transport),0.53,-51.7
Peru,Monthly Pass (Regular Price),15.94,-51.7
Peru,Taxi Start (Normal Tariff),1.98,-51.7
Peru,Taxi 1km (Normal Tariff),1.86,-51.7
Peru,Taxi 1hour Waiting (Normal Tariff),6.64,-51.7
Peru,Gasoline (1 liter),1.41,-51.7
Peru,Volkswagen Golf 1.4 90 KW Trendline (Or Equivalent New Car),21259.98,-51.7
Peru,Toyota Corolla Sedan 1.6l 97kW Comfort (Or Equivalent New Car),24432.67,-51.7
Peru,"Basic (Electricity, Heating, Cooling, Water, Garbage) for 85m2 Apartment",51.56,-51.7
Peru,Mobile Phone Monthly Plan with Calls and 10GB+ Data,11.34,-51.7
Peru,"Internet (60 Mbps or More, Unlimited Data, Cable/ADSL)",27.57,-51.7
Peru,"Fitness Club, Monthly Fee for 1 Adult",30.06,-51.7
Peru,Tennis Court Rent (1 Hour on Weekend),14.06,-51.7
Peru,"Cinema, International Release, 1 Seat",6.64,-51.7
Peru,"Preschool (or Kindergarten), Full Day, Private, Monthly for 1 Child",166.76,-51.7
Peru,"International Primary School, Yearly for 1 Child",5176.81,-51.7
Peru,1 Pair of Jeans (Levis 501 Or Similar),40.41,-51.7
Peru,"1 Summer Dress in a Chain Store (Zara, H&M, ...)",30.56,-51.7
Peru,1 Pair of Nike Running Shoes (Mid-Range),77.8,-51.7
Peru,1 Pair of Men Leather Business Shoes,81.73,-51.7
Peru,Apartment (1 bedroom) in City Centre,468.16,-51.7
Peru,Apartment (1 bedroom) Outside of Centre,293.86,-51.7
Peru,Apartment (3 bedrooms) in City Centre,781.54,-51.7
Peru,Apartment (3 bedrooms) Outside of Centre,503.87,-51.7
Peru,Price per Square Meter to Buy Apartment in City Centre,1804.99,-51.7
Peru,Price per Square Meter to Buy Apartment Outside of Centre,1413.84,-51.7
Peru,Average Monthly Net Salary (After Tax),427.2,-51.7
Peru,"Mortgage Interest Rate in Percentages (%), Yearly, for 20 Years Fixed-Rate",10.63,-51.7
Philippines,"Meal, Inexpensive Restaurant",3.6,-66.9
Philippines,"Meal for 2 People, Mid-range Restaurant, Three-course",20.56,-66.9
Philippines,McMeal at McDonalds (or Equivalent Combo Meal),3.43,-66.9
Philippines,Domestic Beer (0.5 liter draught),1.2,-66.9
Philippines,Imported Beer (0.33 liter bottle),2.06,-66.9
Philippines,Cappuccino (regular),2.28,-66.9
Philippines,Coke/Pepsi (0.33 liter bottle),0.72,-66.9
Philippines,Water (0.33 liter bottle),0.38,-66.9
Philippines,"Milk (regular), (1 liter)",1.73,-66.9
Philippines,Loaf of Fresh White Bread (500g),1.21,-66.9
Philippines,"Rice (white), (1kg)",0.91,-66.9
Philippines,Eggs (regular) (12),1.99,-66.9
Philippines,Local Cheese (1kg),7.43,-66.9
Philippines,Chicken Fillets (1kg),4.18,-66.9
Philippines,Beef Round (1kg) (or Equivalent Back Leg Red Meat),6.97,-66.9
Philippines,Apples (1kg),2.79,-66.9
Philippines,Banana (1kg),1.43,-66.9
Philippines,Oranges (1kg),2.61,-66.9
Philippines,Tomato (1kg),1.56,-66.9
Philippines,Potato (1kg),2.09,-66.9
Philippines,Onion (1kg),2.54,-66.9
Philippines,Lettuce (1 head),1.31,-66.9
Philippines,Water (1.5 liter bottle),0.7,-66.9
Philippines,Bottle of Wine (Mid-Range),6.32,-66.9
Philippines,Domestic Beer (0.5 liter bottle),1.12,-66.9
Philippines,Imported Beer (0.33 liter bottle),1.79,-66.9
Philippines,Cigarettes 20 Pack (Marlboro),2.74,-66.9
Philippines,One-way Ticket (Local Transport),0.26,-66.9
Philippines,Monthly Pass (Regular Price),10.28,-66.9
Philippines,Taxi Start (Normal Tariff),0.69,-66.9
Philippines,Taxi 1km (Normal Tariff),0.26,-66.9
Philippines,Taxi 1hour Waiting (Normal Tariff),2.57,-66.9
Philippines,Gasoline (1 liter),1.14,-66.9
Philippines,Volkswagen Golf 1.4 90 KW Trendline (Or Equivalent New Car),22269.81,-66.9
Philippines,Toyota Corolla Sedan 1.6l 97kW Comfort (Or Equivalent New Car),20372.43,-66.9
Philippines,"Basic (Electricity, Heating, Cooling, Water, Garbage) for 85m2 Apartment",104.86,-66.9
Philippines,Mobile Phone Monthly Plan with Calls and 10GB+ Data,31.84,-66.9
Philippines,"Internet (60 Mbps or More, Unlimited Data, Cable/ADSL)",29.87,-66.9
Philippines,"Fitness Club, Monthly Fee for 1 Adult",30.15,-66.9
Philippines,Tennis Court Rent (1 Hour on Weekend),5.16,-66.9
Philippines,"Cinema, International Release, 1 Seat",5.65,-66.9
Philippines,"Preschool (or Kindergarten), Full Day, Private, Monthly for 1 Child",121.88,-66.9
Philippines,"International Primary School, Yearly for 1 Child",4834.61,-66.9
Philippines,1 Pair of Jeans (Levis 501 Or Similar),40.3,-66.9
Philippines,"1 Summer Dress in a Chain Store (Zara, H&M, ...)",23.52,-66.9
Philippines,1 Pair of Nike Running Shoes (Mid-Range),66.85,-66.9
Philippines,1 Pair of Men Leather Business Shoes,61.49,-66.9
Philippines,Apartment (1 bedroom) in City Centre,286.42,-66.9
Philippines,Apartment (1 bedroom) Outside of Centre,161.53,-66.9
Philippines,Apartment (3 bedrooms) in City Centre,610.01,-66.9
Philippines,Apartment (3 bedrooms) Outside of Centre,343.65,-66.9
Philippines,Price per Square Meter to Buy Apartment in City Centre,2256.12,-66.9
Philippines,Price per Square Meter to Buy Apartment Outside of Centre,1157.19,-66.9
Philippines,Average Monthly Net Salary (After Tax),379.42,-66.9
Philippines,"Mortgage Interest Rate in Percentages (%), Yearly, for 20 Years Fixed-Rate",7.42,-66.9
Poland,"Meal, Inexpensive Restaurant",9.91,-18.5
Poland,"Meal for 2 People, Mid-range Restaurant, Three-course",42.14,-18.5
Poland,McMeal at McDonalds (or Equivalent Combo Meal),7.44,-18.5
Poland,Domestic Beer (0.5 liter draught),3.47,-18.5
Poland,Imported Beer (0.33 liter bottle),3.72,-18.5
Poland,Cappuccino (regular),3.29,-18.5
Poland,Coke/Pepsi (0.33 liter bottle),1.82,-18.5
Poland,Water (0.33 liter bottle),1.54,-18.5
Poland,"Milk (regular), (1 liter)",0.95,-18.5
Poland,Loaf of Fresh White Bread (500g),1.21,-18.5
Poland,"Rice (white), (1kg)",1.38,-18.5
Poland,Eggs (regular) (12),2.99,-18.5
Poland,Local Cheese (1kg),8.75,-18.5
Poland,Chicken Fillets (1kg),5.95,-18.5
Poland,Beef Round (1kg) (or Equivalent Back Leg Red Meat),11.07,-18.5
Poland,Apples (1kg),0.95,-18.5
Poland,Banana (1kg),1.6,-18.5
Poland,Oranges (1kg),1.68,-18.5
Poland,Tomato (1kg),2.61,-18.5
Poland,Potato (1kg),0.83,-18.5
Poland,Onion (1kg),1.11,-18.5
Poland,Lettuce (1 head),1.2,-18.5
Poland,Water (1.5 liter bottle),0.61,-18.5
Poland,Bottle of Wine (Mid-Range),6.2,-18.5
Poland,Domestic Beer (0.5 liter bottle),1.04,-18.5
Poland,Imported Beer (0.33 liter bottle),1.53,-18.5
Poland,Cigarettes 20 Pack (Marlboro),4.71,-18.5
Poland,One-way Ticket (Local Transport),1.09,-18.5
Poland,Monthly Pass (Regular Price),29.5,-18.5
Poland,Taxi Start (Normal Tariff),1.98,-18.5
Poland,Taxi 1km (Normal Tariff),0.74,-18.5
Poland,Taxi 1hour Waiting (Normal Tariff),10.66,-18.5
Poland,Gasoline (1 liter),1.62,-18.5
Poland,Volkswagen Golf 1.4 90 KW Trendline (Or Equivalent New Car),30881.56,-18.5
Poland,Toyota Corolla Sedan 1.6l 97kW Comfort (Or Equivalent New Car),27804.7,-18.5
Poland,"Basic (Electricity, Heating, Cooling, Water, Garbage) for 85m2 Apartment",260.37,-18.5
Poland,Mobile Phone Monthly Plan with Calls and 10GB+ Data,8.86,-18.5
Poland,"Internet (60 Mbps or More, Unlimited Data, Cable/ADSL)",15.12,-18.5
Poland,"Fitness Club, Monthly Fee for 1 Adult",34.05,-18.5
Poland,Tennis Court Rent (1 Hour on Weekend),19.11,-18.5
Poland,"Cinema, International Release, 1 Seat",6.94,-18.5
Poland,"Preschool (or Kindergarten), Full Day, Private, Monthly for 1 Child",346.31,-18.5
Poland,"International Primary School, Yearly for 1 Child",8571.76,-18.5
Poland,1 Pair of Jeans (Levis 501 Or Similar),75.34,-18.5
Poland,"1 Summer Dress in a Chain Store (Zara, H&M, ...)",36.52,-18.5
Poland,1 Pair of Nike Running Shoes (Mid-Range),81.43,-18.5
Poland,1 Pair of Men Leather Business Shoes,90.54,-18.5
Poland,Apartment (1 bedroom) in City Centre,731.75,-18.5
Poland,Apartment (1 bedroom) Outside of Centre,586.68,-18.5
Poland,Apartment (3 bedrooms) in City Centre,1197.31,-18.5
Poland,Apartment (3 bedrooms) Outside of Centre,935.92,-18.5
Poland,Price per Square Meter to Buy Apartment in City Centre,3766.13,-18.5
Poland,Price per Square Meter to Buy Apartment Outside of Centre,2720.59,-18.5
Poland,Average Monthly Net Salary (After Tax),1462.39,-18.5
Poland,"Mortgage Interest Rate in Percentages (%), Yearly, for 20 Years Fixed-Rate",6.9,-18.5
Portugal,"Meal, Inexpensive Restaurant",10.79,15.8
Portugal,"Meal for 2 People, Mid-range Restaurant, Three-course",43.15,15.8
Portugal,McMeal at McDonalds (or Equivalent Combo Meal),8.63,15.8
Portugal,Domestic Beer (0.5 liter draught),2.7,15.8
Portugal,Imported Beer (0.33 liter bottle),3.24,15.8
Portugal,Cappuccino (regular),1.96,15.8
Portugal,Coke/Pepsi (0.33 liter bottle),1.75,15.8
Portugal,Water (0.33 liter bottle),1.25,15.8
Portugal,"Milk (regular), (1 liter)",1.01,15.8
Portugal,Loaf of Fresh White Bread (500g),1.46,15.8
Portugal,"Rice (white), (1kg)",1.49,15.8
Portugal,Eggs (regular) (12),2.94,15.8
Portugal,Local Cheese (1kg),10.83,15.8
Portugal,Chicken Fillets (1kg),7.36,15.8
Portugal,Beef Round (1kg) (or Equivalent Back Leg Red Meat),12.93,15.8
Portugal,Apples (1kg),2.15,15.8
Portugal,Banana (1kg),1.37,15.8
Portugal,Oranges (1kg),1.74,15.8
Portugal,Tomato (1kg),2.37,15.8
Portugal,Potato (1kg),1.62,15.8
Portugal,Onion (1kg),1.9,15.8
Portugal,Lettuce (1 head),1.45,15.8
Portugal,Water (1.5 liter bottle),0.72,15.8
Portugal,Bottle of Wine (Mid-Range),5.38,15.8
Portugal,Domestic Beer (0.5 liter bottle),1.22,15.8
Portugal,Imported Beer (0.33 liter bottle),2.3,15.8
Portugal,Cigarettes 20 Pack (Marlboro),5.93,15.8
Portugal,One-way Ticket (Local Transport),2.1,15.8
Portugal,Monthly Pass (Regular Price),43.15,15.8
Portugal,Taxi Start (Normal Tariff),3.78,15.8
Portugal,Taxi 1km (Normal Tariff),0.86,15.8
Portugal,Taxi 1hour Waiting (Normal Tariff),16.18,15.8
Portugal,Gasoline (1 liter),1.82,15.8
Portugal,Volkswagen Golf 1.4 90 KW Trendline (Or Equivalent New Car),32363.19,15.8
Portugal,Toyota Corolla Sedan 1.6l 97kW Comfort (Or Equivalent New Car),36636.98,15.8
Portugal,"Basic (Electricity, Heating, Cooling, Water, Garbage) for 85m2 Apartment",122.65,15.8
Portugal,Mobile Phone Monthly Plan with Calls and 10GB+ Data,20.43,15.8
Portugal,"Internet (60 Mbps or More, Unlimited Data, Cable/ADSL)",40.72,15.8
Portugal,"Fitness Club, Monthly Fee for 1 Adult",40.15,15.8
Portugal,Tennis Court Rent (1 Hour on Weekend),13.29,15.8
Portugal,"Cinema, International Release, 1 Seat",8.09,15.8
Portugal,"Preschool (or Kindergarten), Full Day, Private, Monthly for 1 Child",467.65,15.8
Portugal,"International Primary School, Yearly for 1 Child",10650.24,15.8
Portugal,1 Pair of Jeans (Levis 501 Or Similar),84.5,15.8
Portugal,"1 Summer Dress in a Chain Store (Zara, H&M, ...)",36.69,15.8
Portugal,1 Pair of Nike Running Shoes (Mid-Range),82.08,15.8
Portugal,1 Pair of Men Leather Business Shoes,95.39,15.8
Portugal,Apartment (1 bedroom) in City Centre,1024.3,15.8
Portugal,Apartment (1 bedroom) Outside of Centre,794.32,15.8
Portugal,Apartment (3 bedrooms) in City Centre,1775.88,15.8
Portugal,Apartment (3 bedrooms) Outside of Centre,1310.97,15.8
Portugal,Price per Square Meter to Buy Apartment in City Centre,3747.45,15.8
Portugal,Price per Square Meter to Buy Apartment Outside of Centre,2542.89,15.8
Portugal,Average Monthly Net Salary (After Tax),1132.6,15.8
Portugal,"Mortgage Interest Rate in Percentages (%), Yearly, for 20 Years Fixed-Rate",4.88,15.8
Puerto Rico,"Meal, Inexpensive Restaurant",15.0,-1.5
Puerto Rico,"Meal for 2 People, Mid-range Restaurant, Three-course",75.0,-1.5
Puerto Rico,McMeal at McDonalds (or Equivalent Combo Meal),9.0,-1.5
Puerto Rico,Domestic Beer (0.5 liter draught),2.25,-1.5
Puerto Rico,Imported Beer (0.33 liter bottle),4.0,-1.5
Puerto Rico,Cappuccino (regular),3.34,-1.5
Puerto Rico,Coke/Pepsi (0.33 liter bottle),1.52,-1.5
Puerto Rico,Water (0.33 liter bottle),1.2,-1.5
Puerto Rico,"Milk (regular), (1 liter)",1.96,-1.5
Puerto Rico,Loaf of Fresh White Bread (500g),2.9,-1.5
Puerto Rico,"Rice (white), (1kg)",2.46,-1.5
Puerto Rico,Eggs (regular) (12),4.37,-1.5
Puerto Rico,Local Cheese (1kg),8.32,-1.5
Puerto Rico,Chicken Fillets (1kg),8.81,-1.5
Puerto Rico,Beef Round (1kg) (or Equivalent Back Leg Red Meat),9.76,-1.5
Puerto Rico,Apples (1kg),5.17,-1.5
Puerto Rico,Banana (1kg),2.58,-1.5
Puerto Rico,Oranges (1kg),3.58,-1.5
Puerto Rico,Tomato (1kg),4.56,-1.5
Puerto Rico,Potato (1kg),3.05,-1.5
Puerto Rico,Onion (1kg),2.5,-1.5
Puerto Rico,Lettuce (1 head),2.44,-1.5
Puerto Rico,Water (1.5 liter bottle),1.77,-1.5
Puerto Rico,Bottle of Wine (Mid-Range),15.0,-1.5
Puerto Rico,Domestic Beer (0.5 liter bottle),2.27,-1.5
Puerto Rico,Imported Beer (0.33 liter bottle),3.04,-1.5
Puerto Rico,Cigarettes 20 Pack (Marlboro),11.0,-1.5
Puerto Rico,One-way Ticket (Local Transport),1.75,-1.5
Puerto Rico,Monthly Pass (Regular Price),60.0,-1.5
Puerto Rico,Taxi Start (Normal Tariff),10.0,-1.5
Puerto Rico,Taxi 1km (Normal Tariff),0.97,-1.5
Puerto Rico,Taxi 1hour Waiting (Normal Tariff),40.0,-1.5
Puerto Rico,Gasoline (1 liter),0.98,-1.5
Puerto Rico,Volkswagen Golf 1.4 90 KW Trendline (Or Equivalent New Car),30000.0,-1.5
Puerto Rico,Toyota Corolla Sedan 1.6l 97kW Comfort (Or Equivalent New Car),26021.94,-1.5
Puerto Rico,"Basic (Electricity, Heating, Cooling, Water, Garbage) for 85m2 Apartment",264.82,-1.5
Puerto Rico,Mobile Phone Monthly Plan with Calls and 10GB+ Data,69.47,-1.5
Puerto Rico,"Internet (60 Mbps or More, Unlimited Data, Cable/ADSL)",63.68,-1.5
Puerto Rico,"Fitness Club, Monthly Fee for 1 Adult",34.48,-1.5
Puerto Rico,Tennis Court Rent (1 Hour on Weekend),27.75,-1.5
Puerto Rico,"Cinema, International Release, 1 Seat",9.0,-1.5
Puerto Rico,"Preschool (or Kindergarten), Full Day, Private, Monthly for 1 Child",363.36,-1.5
Puerto Rico,"International Primary School, Yearly for 1 Child",6860.0,-1.5
Puerto Rico,1 Pair of Jeans (Levis 501 Or Similar),45.9,-1.5
Puerto Rico,"1 Summer Dress in a Chain Store (Zara, H&M, ...)",44.0,-1.5
Puerto Rico,1 Pair of Nike Running Shoes (Mid-Range),80.33,-1.5
Puerto Rico,1 Pair of Men Leather Business Shoes,99.16,-1.5
Puerto Rico,Apartment (1 bedroom) in City Centre,939.84,-1.5
Puerto Rico,Apartment (1 bedroom) Outside of Centre,603.5,-1.5
Puerto Rico,Apartment (3 bedrooms) in City Centre,1546.87,-1.5
Puerto Rico,Apartment (3 bedrooms) Outside of Centre,1080.95,-1.5
Puerto Rico,Price per Square Meter to Buy Apartment in City Centre,2275.96,-1.5
Puerto Rico,Price per Square Meter to Buy Apartment Outside of Centre,1645.53,-1.5
Puerto Rico,Average Monthly Net Salary (After Tax),2486.79,-1.5
Puerto Rico,"Mortgage Interest Rate in Percentages (%), Yearly, for 20 Years Fixed-Rate",5.18,-1.5
Qatar,"Meal, Inexpensive Restaurant",8.21,63.5
Qatar,"Meal for 2 People, Mid-range Restaurant, Three-course",54.72,63.5
Qatar,McMeal at McDonalds (or Equivalent Combo Meal),7.11,63.5
Qatar,Domestic Non-Alcoholic Beer (0.5 liter draught),12.31,63.5
Qatar,Imported Non-Alcoholic Beer (0.33 liter bottle),12.31,63.5
Qatar,Cappuccino (regular),5.25,63.5
Qatar,Coke/Pepsi (0.33 liter bottle),0.96,63.5
Qatar,Water (0.33 liter bottle),0.36,63.5
Qatar,"Milk (regular), (1 liter)",2.11,63.5
Qatar,Loaf of Fresh White Bread (500g),1.57,63.5
Qatar,"Rice (white), (1kg)",2.09,63.5
Qatar,Eggs (regular) (12),2.65,63.5
Qatar,Local Cheese (1kg),10.89,63.5
Qatar,Chicken Fillets (1kg),8.12,63.5
Qatar,Beef Round (1kg) (or Equivalent Back Leg Red Meat),10.62,63.5
Qatar,Apples (1kg),1.95,63.5
Qatar,Banana (1kg),1.54,63.5
Qatar,Oranges (1kg),1.51,63.5
Qatar,Tomato (1kg),1.32,63.5
Qatar,Potato (1kg),0.93,63.5
Qatar,Onion (1kg),1.19,63.5
Qatar,Lettuce (1 head),1.25,63.5
Qatar,Water (1.5 liter bottle),0.47,63.5
Qatar,Bottle of Non-Alcoholic Wine (Mid-Range),8.93,63.5
Qatar,Domestic Non-Alcoholic Beer (0.5 liter bottle),1.85,63.5
Qatar,Imported Non-Alcoholic Beer (0.33 liter bottle),4.51,63.5
Qatar,Cigarettes 20 Pack (Marlboro),6.57,63.5
Qatar,One-way Ticket (Local Transport),0.55,63.5
Qatar,Monthly Pass (Regular Price),35.57,63.5
Qatar,Taxi Start (Normal Tariff),2.19,63.5
Qatar,Taxi 1km (Normal Tariff),2.19,63.5
Qatar,Taxi 1hour Waiting (Normal Tariff),8.76,63.5
Qatar,Gasoline (1 liter),0.57,63.5
Qatar,Volkswagen Golf 1.4 90 KW Trendline (Or Equivalent New Car),21889.0,63.5
Qatar,Toyota Corolla Sedan 1.6l 97kW Comfort (Or Equivalent New Car),20207.4,63.5
Qatar,"Basic (Electricity, Heating, Cooling, Water, Garbage) for 85m2 Apartment",100.18,63.5
Qatar,Mobile Phone Monthly Plan with Calls and 10GB+ Data,42.99,63.5
Qatar,"Internet (60 Mbps or More, Unlimited Data, Cable/ADSL)",88.75,63.5
Qatar,"Fitness Club, Monthly Fee for 1 Adult",113.35,63.5
Qatar,Tennis Court Rent (1 Hour on Weekend),35.81,63.5
Qatar,"Cinema, International Release, 1 Seat",12.31,63.5
Qatar,"Preschool (or Kindergarten), Full Day, Private, Monthly for 1 Child",816.39,63.5
Qatar,"International Primary School, Yearly for 1 Child",11279.57,63.5
Qatar,1 Pair of Jeans (Levis 501 Or Similar),57.47,63.5
Qatar,"1 Summer Dress in a Chain Store (Zara, H&M, ...)",52.13,63.5
Qatar,1 Pair of Nike Running Shoes (Mid-Range),93.02,63.5
Qatar,1 Pair of Men Leather Business Shoes,85.3,63.5
Qatar,Apartment (1 bedroom) in City Centre,1521.77,63.5
Qatar,Apartment (1 bedroom) Outside of Centre,957.0,63.5
Qatar,Apartment (3 bedrooms) in City Centre,2626.68,63.5
Qatar,Apartment (3 bedrooms) Outside of Centre,1819.83,63.5
Qatar,Price per Square Meter to Buy Apartment in City Centre,4914.26,63.5
Qatar,Price per Square Meter to Buy Apartment Outside of Centre,3328.95,63.5
Qatar,Average Monthly Net Salary (After Tax),4093.84,63.5
Qatar,"Mortgage Interest Rate in Percentages (%), Yearly, for 20 Years Fixed-Rate",5.22,63.5
Republic of the Congo,"Meal, Inexpensive Restaurant",14.38,32.0
Republic of the Congo,"Meal for 2 People, Mid-range Restaurant, Three-course",50.0,32.0
Republic of the Congo,McMeal at McDonalds (or Equivalent Combo Meal),7.87,32.0
Republic of the Congo,Domestic Beer (0.5 liter draught),4.85,32.0
Republic of the Congo,Imported Beer (0.33 liter bottle),3.64,32.0
Republic of the Congo,Cappuccino (regular),4.14,32.0
Republic of the Congo,Coke/Pepsi (0.33 liter bottle),2.3,32.0
Republic of the Congo,Water (0.33 liter bottle),1.49,32.0
Republic of the Congo,"Milk (regular), (1 liter)",2.14,32.0
Republic of the Congo,Loaf of Fresh White Bread (500g),4.62,32.0
Republic of the Congo,"Rice (white), (1kg)",2.97,32.0
Republic of the Congo,Eggs (regular) (12),2.94,32.0
Republic of the Congo,Local Cheese (1kg),6.76,32.0
Republic of the Congo,Chicken Fillets (1kg),4.76,32.0
Republic of the Congo,Beef Round (1kg) (or Equivalent Back Leg Red Meat),8.43,32.0
Republic of the Congo,Apples (1kg),2.45,32.0
Republic of the Congo,Banana (1kg),1.65,32.0
Republic of the Congo,Oranges (1kg),3.65,32.0
Republic of the Congo,Tomato (1kg),2.56,32.0
Republic of the Congo,Potato (1kg),1.85,32.0
Republic of the Congo,Onion (1kg),1.25,32.0
Republic of the Congo,Lettuce (1 head),1.33,32.0
Republic of the Congo,Water (1.5 liter bottle),0.5,32.0
Republic of the Congo,Bottle of Wine (Mid-Range),10.31,32.0
Republic of the Congo,Domestic Beer (0.5 liter bottle),0.6,32.0
Republic of the Congo,Imported Beer (0.33 liter bottle),2.0,32.0
Republic of the Congo,Cigarettes 20 Pack (Marlboro),3.25,32.0
Republic of the Congo,One-way Ticket (Local Transport),0.25,32.0
Republic of the Congo,Monthly Pass (Regular Price),23.44,32.0
Republic of the Congo,Taxi Start (Normal Tariff),1.65,32.0
Republic of the Congo,Taxi 1km (Normal Tariff),1.35,32.0
Republic of the Congo,Taxi 1hour Waiting (Normal Tariff),6.55,32.0
Republic of the Congo,Gasoline (1 liter),1.13,32.0
Republic of the Congo,Volkswagen Golf 1.4 90 KW Trendline (Or Equivalent New Car),29343.54,32.0
Republic of the Congo,Toyota Corolla Sedan 1.6l 97kW Comfort (Or Equivalent New Car),27223.33,32.0
Republic of the Congo,"Basic (Electricity, Heating, Cooling, Water, Garbage) for 85m2 Apartment",812.45,32.0
Republic of the Congo,Mobile Phone Monthly Plan with Calls and 10GB+ Data,23.75,32.0
Republic of the Congo,"Internet (60 Mbps or More, Unlimited Data, Cable/ADSL)",41.25,32.0
Republic of the Congo,"Fitness Club, Monthly Fee for 1 Adult",41.25,32.0
Republic of the Congo,Tennis Court Rent (1 Hour on Weekend),25.0,32.0
Republic of the Congo,"Cinema, International Release, 1 Seat",6.34,32.0
Republic of the Congo,"Preschool (or Kindergarten), Full Day, Private, Monthly for 1 Child",49.1,32.0
Republic of the Congo,"International Primary School, Yearly for 1 Child",8800.0,32.0
Republic of the Congo,1 Pair of Jeans (Levis 501 Or Similar),57.5,32.0
Republic of the Congo,"1 Summer Dress in a Chain Store (Zara, H&M, ...)",60.0,32.0
Republic of the Congo,1 Pair of Nike Running Shoes (Mid-Range),100.0,32.0
Republic of the Congo,1 Pair of Men Leather Business Shoes,55.0,32.0
Republic of the Congo,Apartment (1 bedroom) in City Centre,1059.44,32.0
Republic of the Congo,Apartment (1 bedroom) Outside of Centre,383.33,32.0
Republic of the Congo,Apartment (3 bedrooms) in City Centre,3250.0,32.0
Republic of the Congo,Apartment (3 bedrooms) Outside of Centre,900.0,32.0
Republic of the Congo,Price per Square Meter to Buy Apartment in City Centre,3435.53,32.0
Republic of the Congo,Price per Square Meter to Buy Apartment Outside of Centre,2953.24,32.0
Republic of the Congo,Average Monthly Net Salary (After Tax),456.23,32.0
Republic of the Congo,"Mortgage Interest Rate in Percentages (%), Yearly, for 20 Years Fixed-Rate",6.54,32.0
Reunion,"Meal, Inexpensive Restaurant",13.48,-14.0
Reunion,"Meal for 2 People, Mid-range Restaurant, Three-course",53.94,-14.0
Reunion,McMeal at McDonalds (or Equivalent Combo Meal),12.89,-14.0
Reunion,Domestic Beer (0.5 liter draught),4.58,-14.0
Reunion,Imported Beer (0.33 liter bottle),4.32,-14.0
Reunion,Cappuccino (regular),2.8,-14.0
Reunion,Coke/Pepsi (0.33 liter bottle),3.1,-14.0
Reunion,Water (0.33 liter bottle),2.16,-14.0
Reunion,"Milk (regular), (1 liter)",1.14,-14.0
Reunion,Loaf of Fresh White Bread (500g),3.46,-14.0
Reunion,"Rice (white), (1kg)",1.67,-14.0
Reunion,Eggs (regular) (12),4.42,-14.0
Reunion,Local Cheese (1kg),16.94,-14.0
Reunion,Chicken Fillets (1kg),12.7,-14.0
Reunion,Beef Round (1kg) (or Equivalent Back Leg Red Meat),14.38,-14.0
Reunion,Apples (1kg),2.92,-14.0
Reunion,Banana (1kg),1.84,-14.0
Reunion,Oranges (1kg),2.97,-14.0
Reunion,Tomato (1kg),2.48,-14.0
Reunion,Potato (1kg),3.42,-14.0
Reunion,Onion (1kg),2.25,-14.0
Reunion,Lettuce (1 head),1.4,-14.0
Reunion,Water (1.5 liter bottle),1.15,-14.0
Reunion,Bottle of Wine (Mid-Range),8.63,-14.0
Reunion,Domestic Beer (0.5 liter bottle),2.1,-14.0
Reunion,Imported Beer (0.33 liter bottle),3.6,-14.0
Reunion,Cigarettes 20 Pack (Marlboro),12.95,-14.0
Reunion,One-way Ticket (Local Transport),1.73,-14.0
Reunion,Monthly Pass (Regular Price),41.53,-14.0
Reunion,Taxi Start (Normal Tariff),5.39,-14.0
Reunion,Taxi 1km (Normal Tariff),1.36,-14.0
Reunion,Taxi 1hour Waiting (Normal Tariff),36.14,-14.0
Reunion,Gasoline (1 liter),1.84,-14.0
Reunion,Volkswagen Golf 1.4 90 KW Trendline (Or Equivalent New Car),34520.74,-14.0
Reunion,Toyota Corolla Sedan 1.6l 97kW Comfort (Or Equivalent New Car),29499.05,-14.0
Reunion,"Basic (Electricity, Heating, Cooling, Water, Garbage) for 85m2 Apartment",92.46,-14.0
Reunion,Mobile Phone Monthly Plan with Calls and 10GB+ Data,12.95,-14.0
Reunion,"Internet (60 Mbps or More, Unlimited Data, Cable/ADSL)",56.08,-14.0
Reunion,"Fitness Club, Monthly Fee for 1 Adult",33.71,-14.0
Reunion,Tennis Court Rent (1 Hour on Weekend),15.1,-14.0
Reunion,"Cinema, International Release, 1 Seat",10.79,-14.0
Reunion,"Preschool (or Kindergarten), Full Day, Private, Monthly for 1 Child",80.91,-14.0
Reunion,"International Primary School, Yearly for 1 Child",,-14.0
Reunion,1 Pair of Jeans (Levis 501 Or Similar),93.49,-14.0
Reunion,"1 Summer Dress in a Chain Store (Zara, H&M, ...)",39.56,-14.0
Reunion,1 Pair of Nike Running Shoes (Mid-Range),108.78,-14.0
Reunion,1 Pair of Men Leather Business Shoes,122.26,-14.0
Reunion,Apartment (1 bedroom) in City Centre,740.76,-14.0
Reunion,Apartment (1 bedroom) Outside of Centre,607.71,-14.0
Reunion,Apartment (3 bedrooms) in City Centre,1321.5,-14.0
Reunion,Apartment (3 bedrooms) Outside of Centre,970.9,-14.0
Reunion,Price per Square Meter to Buy Apartment in City Centre,3236.32,-14.0
Reunion,Price per Square Meter to Buy Apartment Outside of Centre,2858.75,-14.0
Reunion,Average Monthly Net Salary (After Tax),1915.9,-14.0
Reunion,"Mortgage Interest Rate in Percentages (%), Yearly, for 20 Years Fixed-Rate",4.0,-14.0
Romania,"Meal, Inexpensive Restaurant",9.76,-51.0
Romania,"Meal for 2 People, Mid-range Restaurant, Three-course",43.37,-51.0
Romania,McMeal at McDonalds (or Equivalent Combo Meal),6.51,-51.0
Romania,Domestic Beer (0.5 liter draught),2.17,-51.0
Romania,Imported Beer (0.33 liter bottle),3.24,-51.0
Romania,Cappuccino (regular),2.63,-51.0
Romania,Coke/Pepsi (0.33 liter bottle),1.83,-51.0
Romania,Water (0.33 liter bottle),1.64,-51.0
Romania,"Milk (regular), (1 liter)",1.53,-51.0
Romania,Loaf of Fresh White Bread (500g),1.17,-51.0
Romania,"Rice (white), (1kg)",1.67,-51.0
Romania,Eggs (regular) (12),3.09,-51.0
Romania,Local Cheese (1kg),8.3,-51.0
Romania,Chicken Fillets (1kg),6.38,-51.0
Romania,Beef Round (1kg) (or Equivalent Back Leg Red Meat),10.03,-51.0
Romania,Apples (1kg),1.09,-51.0
Romania,Banana (1kg),1.54,-51.0
Romania,Oranges (1kg),1.52,-51.0
Romania,Tomato (1kg),1.97,-51.0
Romania,Potato (1kg),0.91,-51.0
Romania,Onion (1kg),0.97,-51.0
Romania,Lettuce (1 head),0.84,-51.0
Romania,Water (1.5 liter bottle),0.77,-51.0
Romania,Bottle of Wine (Mid-Range),6.51,-51.0
Romania,Domestic Beer (0.5 liter bottle),1.04,-51.0
Romania,Imported Beer (0.33 liter bottle),1.63,-51.0
Romania,Cigarettes 20 Pack (Marlboro),5.42,-51.0
Romania,One-way Ticket (Local Transport),0.65,-51.0
Romania,Monthly Pass (Regular Price),19.52,-51.0
Romania,Taxi Start (Normal Tariff),0.76,-51.0
Romania,Taxi 1km (Normal Tariff),0.74,-51.0
Romania,Taxi 1hour Waiting (Normal Tariff),6.56,-51.0
Romania,Gasoline (1 liter),1.52,-51.0
Romania,Volkswagen Golf 1.4 90 KW Trendline (Or Equivalent New Car),26173.19,-51.0
Romania,Toyota Corolla Sedan 1.6l 97kW Comfort (Or Equivalent New Car),25419.11,-51.0
Romania,"Basic (Electricity, Heating, Cooling, Water, Garbage) for 85m2 Apartment",151.43,-51.0
Romania,Mobile Phone Monthly Plan with Calls and 10GB+ Data,7.93,-51.0
Romania,"Internet (60 Mbps or More, Unlimited Data, Cable/ADSL)",8.91,-51.0
Romania,"Fitness Club, Monthly Fee for 1 Adult",41.04,-51.0
Romania,Tennis Court Rent (1 Hour on Weekend),18.11,-51.0
Romania,"Cinema, International Release, 1 Seat",6.51,-51.0
Romania,"Preschool (or Kindergarten), Full Day, Private, Monthly for 1 Child",435.67,-51.0
Romania,"International Primary School, Yearly for 1 Child",8358.93,-51.0
Romania,1 Pair of Jeans (Levis 501 Or Similar),62.79,-51.0
Romania,"1 Summer Dress in a Chain Store (Zara, H&M, ...)",37.96,-51.0
Romania,1 Pair of Nike Running Shoes (Mid-Range),74.96,-51.0
Romania,1 Pair of Men Leather Business Shoes,86.7,-51.0
Romania,Apartment (1 bedroom) in City Centre,449.97,-51.0
Romania,Apartment (1 bedroom) Outside of Centre,331.51,-51.0
Romania,Apartment (3 bedrooms) in City Centre,745.77,-51.0
Romania,Apartment (3 bedrooms) Outside of Centre,547.18,-51.0
Romania,Price per Square Meter to Buy Apartment in City Centre,2173.73,-51.0
Romania,Price per Square Meter to Buy Apartment Outside of Centre,1576.52,-51.0
Romania,Average Monthly Net Salary (After Tax),933.59,-51.0
Romania,"Mortgage Interest Rate in Percentages (%), Yearly, for 20 Years Fixed-Rate",7.01,-51.0
Russia,"Meal, Inexpensive Restaurant",7.19,-56.3
Russia,"Meal for 2 People, Mid-range Restaurant, Three-course",30.83,-56.3
Russia,McMeal at McDonalds (or Equivalent Combo Meal),4.11,-56.3
Russia,Domestic Beer (0.5 liter draught),1.54,-56.3
Russia,Imported Beer (0.33 liter bottle),2.06,-56.3
Russia,Cappuccino (regular),1.85,-56.3
Russia,Coke/Pepsi (0.33 liter bottle),0.82,-56.3
Russia,Water (0.33 liter bottle),0.39,-56.3
Russia,"Milk (regular), (1 liter)",0.83,-56.3
Russia,Loaf of Fresh White Bread (500g),0.49,-56.3
Russia,"Rice (white), (1kg)",1.08,-56.3
Russia,Eggs (regular) (12),1.3,-56.3
Russia,Local Cheese (1kg),7.79,-56.3
Russia,Chicken Fillets (1kg),3.74,-56.3
Russia,Beef Round (1kg) (or Equivalent Back Leg Red Meat),6.94,-56.3
Russia,Apples (1kg),1.19,-56.3
Russia,Banana (1kg),1.24,-56.3
Russia,Oranges (1kg),1.48,-56.3
Russia,Tomato (1kg),2.02,-56.3
Russia,Potato (1kg),0.47,-56.3
Russia,Onion (1kg),0.44,-56.3
Russia,Lettuce (1 head),0.95,-56.3
Russia,Water (1.5 liter bottle),0.5,-56.3
Russia,Bottle of Wine (Mid-Range),5.14,-56.3
Russia,Domestic Beer (0.5 liter bottle),0.74,-56.3
Russia,Imported Beer (0.33 liter bottle),1.43,-56.3
Russia,Cigarettes 20 Pack (Marlboro),2.16,-56.3
Russia,One-way Ticket (Local Transport),0.38,-56.3
Russia,Monthly Pass (Regular Price),25.53,-56.3
Russia,Taxi Start (Normal Tariff),1.54,-56.3
Russia,Taxi 1km (Normal Tariff),0.31,-56.3
Russia,Taxi 1hour Waiting (Normal Tariff),4.93,-56.3
Russia,Gasoline (1 liter),0.56,-56.3
Russia,Volkswagen Golf 1.4 90 KW Trendline (Or Equivalent New Car),28770.37,-56.3
Russia,Toyota Corolla Sedan 1.6l 97kW Comfort (Or Equivalent New Car),27341.77,-56.3
Russia,"Basic (Electricity, Heating, Cooling, Water, Garbage) for 85m2 Apartment",88.32,-56.3
Russia,Mobile Phone Monthly Plan with Calls and 10GB+ Data,4.84,-56.3
Russia,"Internet (60 Mbps or More, Unlimited Data, Cable/ADSL)",5.96,-56.3
Russia,"Fitness Club, Monthly Fee for 1 Adult",26.68,-56.3
Russia,Tennis Court Rent (1 Hour on Weekend),16.77,-56.3
Russia,"Cinema, International Release, 1 Seat",4.11,-56.3
Russia,"Preschool (or Kindergarten), Full Day, Private, Monthly for 1 Child",235.73,-56.3
Russia,"International Primary School, Yearly for 1 Child",6049.53,-56.3
Russia,1 Pair of Jeans (Levis 501 Or Similar),60.11,-56.3
Russia,"1 Summer Dress in a Chain Store (Zara, H&M, ...)",35.99,-56.3
Russia,1 Pair of Nike Running Shoes (Mid-Range),81.98,-56.3
Russia,1 Pair of Men Leather Business Shoes,80.81,-56.3
Russia,Apartment (1 bedroom) in City Centre,387.34,-56.3
Russia,Apartment (1 bedroom) Outside of Centre,253.3,-56.3
Russia,Apartment (3 bedrooms) in City Centre,739.54,-56.3
Russia,Apartment (3 bedrooms) Outside of Centre,471.35,-56.3
Russia,Price per Square Meter to Buy Apartment in City Centre,1896.11,-56.3
Russia,Price per Square Meter to Buy Apartment Outside of Centre,1330.58,-56.3
Russia,Average Monthly Net Salary (After Tax),535.62,-56.3
Russia,"Mortgage Interest Rate in Percentages (%), Yearly, for 20 Years Fixed-Rate",12.97,-56.3
Rwanda,"Meal, Inexpensive Restaurant",2.77,-53.1
Rwanda,"Meal for 2 People, Mid-range Restaurant, Three-course",25.82,-53.1
Rwanda,McMeal at McDonalds (or Equivalent Combo Meal),6.27,-53.1
Rwanda,Domestic Beer (0.5 liter draught),1.11,-53.1
Rwanda,Imported Beer (0.33 liter bottle),2.21,-53.1
Rwanda,Cappuccino (regular),2.25,-53.1
Rwanda,Coke/Pepsi (0.33 liter bottle),0.86,-53.1
Rwanda,Water (0.33 liter bottle),0.47,-53.1
Rwanda,"Milk (regular), (1 liter)",0.7,-53.1
Rwanda,Loaf of Fresh White Bread (500g),1.02,-53.1
Rwanda,"Rice (white), (1kg)",1.22,-53.1
Rwanda,Eggs (regular) (12),1.65,-53.1
Rwanda,Local Cheese (1kg),4.09,-53.1
Rwanda,Chicken Fillets (1kg),4.64,-53.1
Rwanda,Beef Round (1kg) (or Equivalent Back Leg Red Meat),3.39,-53.1
Rwanda,Apples (1kg),3.12,-53.1
Rwanda,Banana (1kg),1.08,-53.1
Rwanda,Oranges (1kg),1.8,-53.1
Rwanda,Tomato (1kg),1.03,-53.1
Rwanda,Potato (1kg),0.48,-53.1
Rwanda,Onion (1kg),0.68,-53.1
Rwanda,Lettuce (1 head),0.44,-53.1
Rwanda,Water (1.5 liter bottle),0.72,-53.1
Rwanda,Bottle of Wine (Mid-Range),8.85,-53.1
Rwanda,Domestic Beer (0.5 liter bottle),0.83,-53.1
Rwanda,Imported Beer (0.33 liter bottle),1.84,-53.1
Rwanda,Cigarettes 20 Pack (Marlboro),1.84,-53.1
Rwanda,One-way Ticket (Local Transport),0.37,-53.1
Rwanda,Monthly Pass (Regular Price),25.09,-53.1
Rwanda,Taxi Start (Normal Tariff),3.69,-53.1
Rwanda,Taxi 1km (Normal Tariff),1.01,-53.1
Rwanda,Taxi 1hour Waiting (Normal Tariff),8.3,-53.1
Rwanda,Gasoline (1 liter),1.2,-53.1
Rwanda,Volkswagen Golf 1.4 90 KW Trendline (Or Equivalent New Car),21766.63,-53.1
Rwanda,Toyota Corolla Sedan 1.6l 97kW Comfort (Or Equivalent New Car),23426.79,-53.1
Rwanda,"Basic (Electricity, Heating, Cooling, Water, Garbage) for 85m2 Apartment",43.83,-53.1
Rwanda,Mobile Phone Monthly Plan with Calls and 10GB+ Data,10.33,-53.1
Rwanda,"Internet (60 Mbps or More, Unlimited Data, Cable/ADSL)",26.96,-53.1
Rwanda,"Fitness Club, Monthly Fee for 1 Adult",31.88,-53.1
Rwanda,Tennis Court Rent (1 Hour on Weekend),4.24,-53.1
Rwanda,"Cinema, International Release, 1 Seat",3.69,-53.1
Rwanda,"Preschool (or Kindergarten), Full Day, Private, Monthly for 1 Child",143.67,-53.1
Rwanda,"International Primary School, Yearly for 1 Child",4969.24,-53.1
Rwanda,1 Pair of Jeans (Levis 501 Or Similar),16.6,-53.1
Rwanda,"1 Summer Dress in a Chain Store (Zara, H&M, ...)",26.32,-53.1
Rwanda,1 Pair of Nike Running Shoes (Mid-Range),28.39,-53.1
Rwanda,1 Pair of Men Leather Business Shoes,34.43,-53.1
Rwanda,Apartment (1 bedroom) in City Centre,479.6,-53.1
Rwanda,Apartment (1 bedroom) Outside of Centre,276.7,-53.1
Rwanda,Apartment (3 bedrooms) in City Centre,823.93,-53.1
Rwanda,Apartment (3 bedrooms) Outside of Centre,405.82,-53.1
Rwanda,Price per Square Meter to Buy Apartment in City Centre,24031.92,-53.1
Rwanda,Price per Square Meter to Buy Apartment Outside of Centre,24103.16,-53.1
Rwanda,Average Monthly Net Salary (After Tax),263.17,-53.1
Rwanda,"Mortgage Interest Rate in Percentages (%), Yearly, for 20 Years Fixed-Rate",16.93,-53.1
Saint Helena,"Meal, Inexpensive Restaurant",15.54,
Saint Helena,"Meal for 2 People, Mid-range Restaurant, Three-course",51.79,
Saint Helena,McMeal at McDonalds (or Equivalent Combo Meal),11.65,
Saint Helena,Domestic Beer (0.5 liter draught),4.53,
Saint Helena,Imported Beer (0.33 liter bottle),2.52,
Saint Helena,Cappuccino (regular),2.91,
Saint Helena,Coke/Pepsi (0.33 liter bottle),1.13,
Saint Helena,Water (0.33 liter bottle),1.1,
Saint Helena,"Milk (regular), (1 liter)",1.78,
Saint Helena,Loaf of Fresh White Bread (500g),1.64,
Saint Helena,"Rice (white), (1kg)",1.29,
Saint Helena,Eggs (regular) (12),3.52,
Saint Helena,Local Cheese (1kg),7.77,
Saint Helena,Chicken Fillets (1kg),10.36,
Saint Helena,Beef Round (1kg) (or Equivalent Back Leg Red Meat),,
Saint Helena,Apples (1kg),,
Saint Helena,Banana (1kg),,
Saint Helena,Oranges (1kg),,
Saint Helena,Tomato (1kg),,
Saint Helena,Potato (1kg),,
Saint Helena,Onion (1kg),,
Saint Helena,Lettuce (1 head),2.59,
Saint Helena,Water (1.5 liter bottle),2.59,
Saint Helena,Bottle of Wine (Mid-Range),15.02,
Saint Helena,Domestic Beer (0.5 liter bottle),,
Saint Helena,Imported Beer (0.33 liter bottle),,
Saint Helena,Cigarettes 20 Pack (Marlboro),10.03,
Saint Helena,One-way Ticket (Local Transport),,
Saint Helena,Monthly Pass (Regular Price),38.84,
Saint Helena,Taxi Start (Normal Tariff),2.59,
Saint Helena,Taxi 1km (Normal Tariff),,
Saint Helena,Taxi 1hour Waiting (Normal Tariff),,
Saint Helena,Gasoline (1 liter),2.43,
Saint Helena,Volkswagen Golf 1.4 90 KW Trendline (Or Equivalent New Car),,
Saint Helena,Toyota Corolla Sedan 1.6l 97kW Comfort (Or Equivalent New Car),,
Saint Helena,"Basic (Electricity, Heating, Cooling, Water, Garbage) for 85m2 Apartment",,
Saint Helena,Mobile Phone Monthly Plan with Calls and 10GB+ Data,,
Saint Helena,"Internet (60 Mbps or More, Unlimited Data, Cable/ADSL)",156.01,
Saint Helena,"Fitness Club, Monthly Fee for 1 Adult",12.95,
Saint Helena,Tennis Court Rent (1 Hour on Weekend),0.0,
Saint Helena,"Cinema, International Release, 1 Seat",,
Saint Helena,"Preschool (or Kindergarten), Full Day, Private, Monthly for 1 Child",,
Saint Helena,"International Primary School, Yearly for 1 Child",,
Saint Helena,1 Pair of Jeans (Levis 501 Or Similar),38.84,
Saint Helena,"1 Summer Dress in a Chain Store (Zara, H&M, ...)",19.42,
Saint Helena,1 Pair of Nike Running Shoes (Mid-Range),45.31,
Saint Helena,1 Pair of Men Leather Business Shoes,,
Saint Helena,Apartment (1 bedroom) in City Centre,668.9,
Saint Helena,Apartment (1 bedroom) Outside of Centre,582.59,
Saint Helena,Apartment (3 bedrooms) in City Centre,679.69,
Saint Helena,Apartment (3 bedrooms) Outside of Centre,621.43,
Saint Helena,Price per Square Meter to Buy Apartment in City Centre,,
Saint Helena,Price per Square Meter to Buy Apartment Outside of Centre,,
Saint Helena,Average Monthly Net Salary (After Tax),845.12,
Saint Helena,"Mortgage Interest Rate in Percentages (%), Yearly, for 20 Years Fixed-Rate",6.2,
Saint Kitts And Nevis,"Meal, Inexpensive Restaurant",22.2,
Saint Kitts And Nevis,"Meal for 2 People, Mid-range Restaurant, Three-course",92.51,
Saint Kitts And Nevis,McMeal at McDonalds (or Equivalent Combo Meal),13.98,
Saint Kitts And Nevis,Domestic Beer (0.5 liter draught),2.22,
Saint Kitts And Nevis,Imported Beer (0.33 liter bottle),4.35,
Saint Kitts And Nevis,Cappuccino (regular),3.7,
Saint Kitts And Nevis,Coke/Pepsi (0.33 liter bottle),2.04,
Saint Kitts And Nevis,Water (0.33 liter bottle),2.28,
Saint Kitts And Nevis,"Milk (regular), (1 liter)",3.32,
Saint Kitts And Nevis,Loaf of Fresh White Bread (500g),4.07,
Saint Kitts And Nevis,"Rice (white), (1kg)",2.96,
Saint Kitts And Nevis,Eggs (regular) (12),5.77,
Saint Kitts And Nevis,Local Cheese (1kg),11.01,
Saint Kitts And Nevis,Chicken Fillets (1kg),12.4,
Saint Kitts And Nevis,Beef Round (1kg) (or Equivalent Back Leg Red Meat),4.81,
Saint Kitts And Nevis,Apples (1kg),2.22,
Saint Kitts And Nevis,Banana (1kg),2.45,
Saint Kitts And Nevis,Oranges (1kg),1.85,
Saint Kitts And Nevis,Tomato (1kg),1.46,
Saint Kitts And Nevis,Potato (1kg),1.11,
Saint Kitts And Nevis,Onion (1kg),1.57,
Saint Kitts And Nevis,Lettuce (1 head),4.06,
Saint Kitts And Nevis,Water (1.5 liter bottle),1.57,
Saint Kitts And Nevis,Bottle of Wine (Mid-Range),18.5,
Saint Kitts And Nevis,Domestic Beer (0.5 liter bottle),2.51,
Saint Kitts And Nevis,Imported Beer (0.33 liter bottle),2.96,
Saint Kitts And Nevis,Cigarettes 20 Pack (Marlboro),5.55,
Saint Kitts And Nevis,One-way Ticket (Local Transport),2.22,
Saint Kitts And Nevis,Monthly Pass (Regular Price),,
Saint Kitts And Nevis,Taxi Start (Normal Tariff),,
Saint Kitts And Nevis,Taxi 1km (Normal Tariff),,
Saint Kitts And Nevis,Taxi 1hour Waiting (Normal Tariff),,
Saint Kitts And Nevis,Gasoline (1 liter),1.76,
Saint Kitts And Nevis,Volkswagen Golf 1.4 90 KW Trendline (Or Equivalent New Car),,
Saint Kitts And Nevis,Toyota Corolla Sedan 1.6l 97kW Comfort (Or Equivalent New Car),,
Saint Kitts And Nevis,"Basic (Electricity, Heating, Cooling, Water, Garbage) for 85m2 Apartment",96.25,
Saint Kitts And Nevis,Mobile Phone Monthly Plan with Calls and 10GB+ Data,42.0,
Saint Kitts And Nevis,"Internet (60 Mbps or More, Unlimited Data, Cable/ADSL)",,
Saint Kitts And Nevis,"Fitness Club, Monthly Fee for 1 Adult",,
Saint Kitts And Nevis,Tennis Court Rent (1 Hour on Weekend),,
Saint Kitts And Nevis,"Cinema, International Release, 1 Seat",6.29,
Saint Kitts And Nevis,"Preschool (or Kindergarten), Full Day, Private, Monthly for 1 Child",111.01,
Saint Kitts And Nevis,"International Primary School, Yearly for 1 Child",,
Saint Kitts And Nevis,1 Pair of Jeans (Levis 501 Or Similar),88.81,
Saint Kitts And Nevis,"1 Summer Dress in a Chain Store (Zara, H&M, ...)",,
Saint Kitts And Nevis,1 Pair of Nike Running Shoes (Mid-Range),129.51,
Saint Kitts And Nevis,1 Pair of Men Leather Business Shoes,,
Saint Kitts And Nevis,Apartment (1 bedroom) in City Centre,850.0,
Saint Kitts And Nevis,Apartment (1 bedroom) Outside of Centre,850.0,
Saint Kitts And Nevis,Apartment (3 bedrooms) in City Centre,3500.0,
Saint Kitts And Nevis,Apartment (3 bedrooms) Outside of Centre,1555.03,
Saint Kitts And Nevis,Price per Square Meter to Buy Apartment in City Centre,5000.0,
Saint Kitts And Nevis,Price per Square Meter to Buy Apartment Outside of Centre,4000.0,
Saint Kitts And Nevis,Average Monthly Net Salary (After Tax),1110.06,
Saint Kitts And Nevis,"Mortgage Interest Rate in Percentages (%), Yearly, for 20 Years Fixed-Rate",,
Saint Lucia,"Meal, Inexpensive Restaurant",7.4,
Saint Lucia,"Meal for 2 People, Mid-range Restaurant, Three-course",74.0,
Saint Lucia,McMeal at McDonalds (or Equivalent Combo Meal),7.4,
Saint Lucia,Domestic Beer (0.5 liter draught),1.85,
Saint Lucia,Imported Beer (0.33 liter bottle),3.15,
Saint Lucia,Cappuccino (regular),3.29,
Saint Lucia,Coke/Pepsi (0.33 liter bottle),1.31,
Saint Lucia,Water (0.33 liter bottle),1.08,
Saint Lucia,"Milk (regular), (1 liter)",2.12,
Saint Lucia,Loaf of Fresh White Bread (500g),1.47,
Saint Lucia,"Rice (white), (1kg)",1.9,
Saint Lucia,Eggs (regular) (12),3.71,
Saint Lucia,Local Cheese (1kg),10.44,
Saint Lucia,Chicken Fillets (1kg),10.36,
Saint Lucia,Beef Round (1kg) (or Equivalent Back Leg Red Meat),14.45,
Saint Lucia,Apples (1kg),5.93,
Saint Lucia,Banana (1kg),1.66,
Saint Lucia,Oranges (1kg),4.98,
Saint Lucia,Tomato (1kg),7.66,
Saint Lucia,Potato (1kg),3.86,
Saint Lucia,Onion (1kg),2.39,
Saint Lucia,Lettuce (1 head),1.78,
Saint Lucia,Water (1.5 liter bottle),1.21,
Saint Lucia,Bottle of Wine (Mid-Range),12.4,
Saint Lucia,Domestic Beer (0.5 liter bottle),2.01,
Saint Lucia,Imported Beer (0.33 liter bottle),3.55,
Saint Lucia,Cigarettes 20 Pack (Marlboro),6.66,
Saint Lucia,One-way Ticket (Local Transport),1.11,
Saint Lucia,Monthly Pass (Regular Price),,
Saint Lucia,Taxi Start (Normal Tariff),9.25,
Saint Lucia,Taxi 1km (Normal Tariff),,
Saint Lucia,Taxi 1hour Waiting (Normal Tariff),18.5,
Saint Lucia,Gasoline (1 liter),1.51,
Saint Lucia,Volkswagen Golf 1.4 90 KW Trendline (Or Equivalent New Car),28676.62,
Saint Lucia,Toyota Corolla Sedan 1.6l 97kW Comfort (Or Equivalent New Car),27134.87,
Saint Lucia,"Basic (Electricity, Heating, Cooling, Water, Garbage) for 85m2 Apartment",115.63,
Saint Lucia,Mobile Phone Monthly Plan with Calls and 10GB+ Data,88.81,
Saint Lucia,"Internet (60 Mbps or More, Unlimited Data, Cable/ADSL)",43.01,
Saint Lucia,"Fitness Club, Monthly Fee for 1 Adult",44.09,
Saint Lucia,Tennis Court Rent (1 Hour on Weekend),37.0,
Saint Lucia,"Cinema, International Release, 1 Seat",7.59,
Saint Lucia,"Preschool (or Kindergarten), Full Day, Private, Monthly for 1 Child",181.93,
Saint Lucia,"International Primary School, Yearly for 1 Child",8510.48,
Saint Lucia,1 Pair of Jeans (Levis 501 Or Similar),57.35,
Saint Lucia,"1 Summer Dress in a Chain Store (Zara, H&M, ...)",50.88,
Saint Lucia,1 Pair of Nike Running Shoes (Mid-Range),101.76,
Saint Lucia,1 Pair of Men Leather Business Shoes,87.88,
Saint Lucia,Apartment (1 bedroom) in City Centre,508.36,
Saint Lucia,Apartment (1 bedroom) Outside of Centre,373.77,
Saint Lucia,Apartment (3 bedrooms) in City Centre,891.7,
Saint Lucia,Apartment (3 bedrooms) Outside of Centre,653.17,
Saint Lucia,Price per Square Meter to Buy Apartment in City Centre,142.29,
Saint Lucia,Price per Square Meter to Buy Apartment Outside of Centre,161.37,
Saint Lucia,Average Monthly Net Salary (After Tax),897.3,
Saint Lucia,"Mortgage Interest Rate in Percentages (%), Yearly, for 20 Years Fixed-Rate",7.0,
Saint Vincent And The Grenadines,"Meal, Inexpensive Restaurant",7.4,-34.3
Saint Vincent And The Grenadines,"Meal for 2 People, Mid-range Restaurant, Three-course",55.5,-34.3
Saint Vincent And The Grenadines,McMeal at McDonalds (or Equivalent Combo Meal),11.1,-34.3
Saint Vincent And The Grenadines,Domestic Beer (0.5 liter draught),1.85,-34.3
Saint Vincent And The Grenadines,Imported Beer (0.33 liter bottle),3.7,-34.3
Saint Vincent And The Grenadines,Cappuccino (regular),2.71,-34.3
Saint Vincent And The Grenadines,Coke/Pepsi (0.33 liter bottle),1.85,-34.3
Saint Vincent And The Grenadines,Water (0.33 liter bottle),1.78,-34.3
Saint Vincent And The Grenadines,"Milk (regular), (1 liter)",3.28,-34.3
Saint Vincent And The Grenadines,Loaf of Fresh White Bread (500g),1.9,-34.3
Saint Vincent And The Grenadines,"Rice (white), (1kg)",1.81,-34.3
Saint Vincent And The Grenadines,Eggs (regular) (12),4.57,-34.3
Saint Vincent And The Grenadines,Local Cheese (1kg),12.94,-34.3
Saint Vincent And The Grenadines,Chicken Fillets (1kg),4.55,-34.3
Saint Vincent And The Grenadines,Beef Round (1kg) (or Equivalent Back Leg Red Meat),12.94,-34.3
Saint Vincent And The Grenadines,Apples (1kg),11.7,-34.3
Saint Vincent And The Grenadines,Banana (1kg),1.9,-34.3
Saint Vincent And The Grenadines,Oranges (1kg),8.87,-34.3
Saint Vincent And The Grenadines,Tomato (1kg),5.26,-34.3
Saint Vincent And The Grenadines,Potato (1kg),5.02,-34.3
Saint Vincent And The Grenadines,Onion (1kg),3.52,-34.3
Saint Vincent And The Grenadines,Lettuce (1 head),4.44,-34.3
Saint Vincent And The Grenadines,Water (1.5 liter bottle),3.33,-34.3
Saint Vincent And The Grenadines,Bottle of Wine (Mid-Range),14.8,-34.3
Saint Vincent And The Grenadines,Domestic Beer (0.5 liter bottle),2.43,-34.3
Saint Vincent And The Grenadines,Imported Beer (0.33 liter bottle),2.96,-34.3
Saint Vincent And The Grenadines,Cigarettes 20 Pack (Marlboro),5.18,-34.3
Saint Vincent And The Grenadines,One-way Ticket (Local Transport),1.67,-34.3
Saint Vincent And The Grenadines,Monthly Pass (Regular Price),55.5,-34.3
Saint Vincent And The Grenadines,Taxi Start (Normal Tariff),11.1,-34.3
Saint Vincent And The Grenadines,Taxi 1km (Normal Tariff),1.85,-34.3
Saint Vincent And The Grenadines,Taxi 1hour Waiting (Normal Tariff),37.0,-34.3
Saint Vincent And The Grenadines,Gasoline (1 liter),4.09,-34.3
Saint Vincent And The Grenadines,Volkswagen Golf 1.4 90 KW Trendline (Or Equivalent New Car),33301.88,-34.3
Saint Vincent And The Grenadines,Toyota Corolla Sedan 1.6l 97kW Comfort (Or Equivalent New Car),22817.96,-34.3
Saint Vincent And The Grenadines,"Basic (Electricity, Heating, Cooling, Water, Garbage) for 85m2 Apartment",92.51,-34.3
Saint Vincent And The Grenadines,Mobile Phone Monthly Plan with Calls and 10GB+ Data,37.0,-34.3
Saint Vincent And The Grenadines,"Internet (60 Mbps or More, Unlimited Data, Cable/ADSL)",52.42,-34.3
Saint Vincent And The Grenadines,"Fitness Club, Monthly Fee for 1 Adult",29.6,-34.3
Saint Vincent And The Grenadines,Tennis Court Rent (1 Hour on Weekend),13.88,-34.3
Saint Vincent And The Grenadines,"Cinema, International Release, 1 Seat",6.48,-34.3
Saint Vincent And The Grenadines,"Preschool (or Kindergarten), Full Day, Private, Monthly for 1 Child",185.01,-34.3
Saint Vincent And The Grenadines,"International Primary School, Yearly for 1 Child",,-34.3
Saint Vincent And The Grenadines,1 Pair of Jeans (Levis 501 Or Similar),92.51,-34.3
Saint Vincent And The Grenadines,"1 Summer Dress in a Chain Store (Zara, H&M, ...)",92.51,-34.3
Saint Vincent And The Grenadines,1 Pair of Nike Running Shoes (Mid-Range),135.67,-34.3
Saint Vincent And The Grenadines,1 Pair of Men Leather Business Shoes,117.17,-34.3
Saint Vincent And The Grenadines,Apartment (1 bedroom) in City Centre,382.35,-34.3
Saint Vincent And The Grenadines,Apartment (1 bedroom) Outside of Centre,252.85,-34.3
Saint Vincent And The Grenadines,Apartment (3 bedrooms) in City Centre,1566.42,-34.3
Saint Vincent And The Grenadines,Apartment (3 bedrooms) Outside of Centre,579.7,-34.3
Saint Vincent And The Grenadines,Price per Square Meter to Buy Apartment in City Centre,1095.29,-34.3
Saint Vincent And The Grenadines,Price per Square Meter to Buy Apartment Outside of Centre,697.0,-34.3
Saint Vincent And The Grenadines,Average Monthly Net Salary (After Tax),962.05,-34.3
Saint Vincent And The Grenadines,"Mortgage Interest Rate in Percentages (%), Yearly, for 20 Years Fixed-Rate",12.0,-34.3
Saint-Pierre And Miquelon,"Meal, Inexpensive Restaurant",37.76,
Saint-Pierre And Miquelon,"Meal for 2 People, Mid-range Restaurant, Three-course",107.88,
Saint-Pierre And Miquelon,McMeal at McDonalds (or Equivalent Combo Meal),,
Saint-Pierre And Miquelon,Domestic Beer (0.5 liter draught),7.01,
Saint-Pierre And Miquelon,Imported Beer (0.33 liter bottle),3.99,
Saint-Pierre And Miquelon,Cappuccino (regular),,
Saint-Pierre And Miquelon,Coke/Pepsi (0.33 liter bottle),1.56,
Saint-Pierre And Miquelon,Water (0.33 liter bottle),1.62,
Saint-Pierre And Miquelon,"Milk (regular), (1 liter)",2.27,
Saint-Pierre And Miquelon,Loaf of Fresh White Bread (500g),1.62,
Saint-Pierre And Miquelon,"Rice (white), (1kg)",5.39,
Saint-Pierre And Miquelon,Eggs (regular) (12),3.88,
Saint-Pierre And Miquelon,Local Cheese (1kg),21.58,
Saint-Pierre And Miquelon,Chicken Fillets (1kg),18.34,
Saint-Pierre And Miquelon,Beef Round (1kg) (or Equivalent Back Leg Red Meat),26.97,
Saint-Pierre And Miquelon,Apples (1kg),10.79,
Saint-Pierre And Miquelon,Banana (1kg),10.79,
Saint-Pierre And Miquelon,Oranges (1kg),10.79,
Saint-Pierre And Miquelon,Tomato (1kg),10.79,
Saint-Pierre And Miquelon,Potato (1kg),3.78,
Saint-Pierre And Miquelon,Onion (1kg),3.78,
Saint-Pierre And Miquelon,Lettuce (1 head),1.62,
Saint-Pierre And Miquelon,Water (1.5 liter bottle),1.29,
Saint-Pierre And Miquelon,Bottle of Wine (Mid-Range),5.39,
Saint-Pierre And Miquelon,Domestic Beer (0.5 liter bottle),,
Saint-Pierre And Miquelon,Imported Beer (0.33 liter bottle),2.7,
Saint-Pierre And Miquelon,Cigarettes 20 Pack (Marlboro),7.55,
Saint-Pierre And Miquelon,One-way Ticket (Local Transport),,
Saint-Pierre And Miquelon,Monthly Pass (Regular Price),,
Saint-Pierre And Miquelon,Taxi Start (Normal Tariff),,
Saint-Pierre And Miquelon,Taxi 1km (Normal Tariff),,
Saint-Pierre And Miquelon,Taxi 1hour Waiting (Normal Tariff),,
Saint-Pierre And Miquelon,Gasoline (1 liter),,
Saint-Pierre And Miquelon,Volkswagen Golf 1.4 90 KW Trendline (Or Equivalent New Car),,
Saint-Pierre And Miquelon,Toyota Corolla Sedan 1.6l 97kW Comfort (Or Equivalent New Car),,
Saint-Pierre And Miquelon,"Basic (Electricity, Heating, Cooling, Water, Garbage) for 85m2 Apartment",215.75,
Saint-Pierre And Miquelon,Mobile Phone Monthly Plan with Calls and 10GB+ Data,,
Saint-Pierre And Miquelon,"Internet (60 Mbps or More, Unlimited Data, Cable/ADSL)",59.33,
Saint-Pierre And Miquelon,"Fitness Club, Monthly Fee for 1 Adult",91.7,
Saint-Pierre And Miquelon,Tennis Court Rent (1 Hour on Weekend),,
Saint-Pierre And Miquelon,"Cinema, International Release, 1 Seat",8.63,
Saint-Pierre And Miquelon,"Preschool (or Kindergarten), Full Day, Private, Monthly for 1 Child",,
Saint-Pierre And Miquelon,"International Primary School, Yearly for 1 Child",,
Saint-Pierre And Miquelon,1 Pair of Jeans (Levis 501 Or Similar),,
Saint-Pierre And Miquelon,"1 Summer Dress in a Chain Store (Zara, H&M, ...)",,
Saint-Pierre And Miquelon,1 Pair of Nike Running Shoes (Mid-Range),107.88,
Saint-Pierre And Miquelon,1 Pair of Men Leather Business Shoes,,
Saint-Pierre And Miquelon,Apartment (1 bedroom) in City Centre,809.08,
Saint-Pierre And Miquelon,Apartment (1 bedroom) Outside of Centre,755.14,
Saint-Pierre And Miquelon,Apartment (3 bedrooms) in City Centre,1294.53,
Saint-Pierre And Miquelon,Apartment (3 bedrooms) Outside of Centre,1294.53,
Saint-Pierre And Miquelon,Price per Square Meter to Buy Apartment in City Centre,,
Saint-Pierre And Miquelon,Price per Square Meter to Buy Apartment Outside of Centre,,
Saint-Pierre And Miquelon,Average Monthly Net Salary (After Tax),,
Saint-Pierre And Miquelon,"Mortgage Interest Rate in Percentages (%), Yearly, for 20 Years Fixed-Rate",,
Samoa,"Meal, Inexpensive Restaurant",60.0,
Samoa,"Meal for 2 People, Mid-range Restaurant, Three-course",74.99,
Samoa,McMeal at McDonalds (or Equivalent Combo Meal),11.66,
Samoa,Domestic Beer (0.5 liter draught),5.83,
Samoa,Imported Beer (0.33 liter bottle),3.5,
Samoa,Cappuccino (regular),1.75,
Samoa,Coke/Pepsi (0.33 liter bottle),2.33,
Samoa,Water (0.33 liter bottle),1.58,
Samoa,"Milk (regular), (1 liter)",1.79,
Samoa,Loaf of Fresh White Bread (500g),0.71,
Samoa,"Rice (white), (1kg)",,
Samoa,Eggs (regular) (12),,
Samoa,Local Cheese (1kg),,
Samoa,Chicken Fillets (1kg),,
Samoa,Beef Round (1kg) (or Equivalent Back Leg Red Meat),,
Samoa,Apples (1kg),,
Samoa,Banana (1kg),,
Samoa,Oranges (1kg),,
Samoa,Tomato (1kg),,
Samoa,Potato (1kg),,
Samoa,Onion (1kg),,
Samoa,Lettuce (1 head),,
Samoa,Water (1.5 liter bottle),0.96,
Samoa,Bottle of Wine (Mid-Range),,
Samoa,Domestic Beer (0.5 liter bottle),,
Samoa,Imported Beer (0.33 liter bottle),,
Samoa,Cigarettes 20 Pack (Marlboro),,
Samoa,One-way Ticket (Local Transport),,
Samoa,Monthly Pass (Regular Price),,
Samoa,Taxi Start (Normal Tariff),,
Samoa,Taxi 1km (Normal Tariff),,
Samoa,Taxi 1hour Waiting (Normal Tariff),,
Samoa,Gasoline (1 liter),,
Samoa,Volkswagen Golf 1.4 90 KW Trendline (Or Equivalent New Car),,
Samoa,Toyota Corolla Sedan 1.6l 97kW Comfort (Or Equivalent New Car),,
Samoa,"Basic (Electricity, Heating, Cooling, Water, Garbage) for 85m2 Apartment",,
Samoa,Mobile Phone Monthly Plan with Calls and 10GB+ Data,,
Samoa,"Internet (60 Mbps or More, Unlimited Data, Cable/ADSL)",,
Samoa,"Fitness Club, Monthly Fee for 1 Adult",,
Samoa,Tennis Court Rent (1 Hour on Weekend),7.94,
Samoa,"Cinema, International Release, 1 Seat",,
Samoa,"Preschool (or Kindergarten), Full Day, Private, Monthly for 1 Child",,
Samoa,"International Primary School, Yearly for 1 Child",,
Samoa,1 Pair of Jeans (Levis 501 Or Similar),50.0,
Samoa,"1 Summer Dress in a Chain Store (Zara, H&M, ...)",40.0,
Samoa,1 Pair of Nike Running Shoes (Mid-Range),75.0,
Samoa,1 Pair of Men Leather Business Shoes,100.0,
Samoa,Apartment (1 bedroom) in City Centre,350.0,
Samoa,Apartment (1 bedroom) Outside of Centre,150.0,
Samoa,Apartment (3 bedrooms) in City Centre,700.0,
Samoa,Apartment (3 bedrooms) Outside of Centre,1077.61,
Samoa,Price per Square Meter to Buy Apartment in City Centre,24603.12,
Samoa,Price per Square Meter to Buy Apartment Outside of Centre,24603.12,
Samoa,Average Monthly Net Salary (After Tax),600.0,
Samoa,"Mortgage Interest Rate in Percentages (%), Yearly, for 20 Years Fixed-Rate",,
San Marino,"Meal, Inexpensive Restaurant",16.18,
San Marino,"Meal for 2 People, Mid-range Restaurant, Three-course",61.51,
San Marino,McMeal at McDonalds (or Equivalent Combo Meal),7.9,
San Marino,Domestic Beer (0.5 liter draught),4.32,
San Marino,Imported Beer (0.33 liter bottle),6.15,
San Marino,Cappuccino (regular),1.58,
San Marino,Coke/Pepsi (0.33 liter bottle),2.13,
San Marino,Water (0.33 liter bottle),1.38,
San Marino,"Milk (regular), (1 liter)",1.04,
San Marino,Loaf of Fresh White Bread (500g),1.62,
San Marino,"Rice (white), (1kg)",0.97,
San Marino,Eggs (regular) (12),2.16,
San Marino,Local Cheese (1kg),12.95,
San Marino,Chicken Fillets (1kg),8.63,
San Marino,Beef Round (1kg) (or Equivalent Back Leg Red Meat),14.94,
San Marino,Apples (1kg),1.62,
San Marino,Banana (1kg),2.15,
San Marino,Oranges (1kg),2.16,
San Marino,Tomato (1kg),2.16,
San Marino,Potato (1kg),1.08,
San Marino,Onion (1kg),1.21,
San Marino,Lettuce (1 head),1.08,
San Marino,Water (1.5 liter bottle),0.63,
San Marino,Bottle of Wine (Mid-Range),4.32,
San Marino,Domestic Beer (0.5 liter bottle),,
San Marino,Imported Beer (0.33 liter bottle),1.48,
San Marino,Cigarettes 20 Pack (Marlboro),5.39,
San Marino,One-way Ticket (Local Transport),2.16,
San Marino,Monthly Pass (Regular Price),30.21,
San Marino,Taxi Start (Normal Tariff),10.68,
San Marino,Taxi 1km (Normal Tariff),1.78,
San Marino,Taxi 1hour Waiting (Normal Tariff),23.73,
San Marino,Gasoline (1 liter),1.73,
San Marino,Volkswagen Golf 1.4 90 KW Trendline (Or Equivalent New Car),23193.62,
San Marino,Toyota Corolla Sedan 1.6l 97kW Comfort (Or Equivalent New Car),23733.01,
San Marino,"Basic (Electricity, Heating, Cooling, Water, Garbage) for 85m2 Apartment",89.0,
San Marino,Mobile Phone Monthly Plan with Calls and 10GB+ Data,21.58,
San Marino,"Internet (60 Mbps or More, Unlimited Data, Cable/ADSL)",32.36,
San Marino,"Fitness Club, Monthly Fee for 1 Adult",86.3,
San Marino,Tennis Court Rent (1 Hour on Weekend),24.27,
San Marino,"Cinema, International Release, 1 Seat",7.01,
San Marino,"Preschool (or Kindergarten), Full Day, Private, Monthly for 1 Child",352.4,
San Marino,"International Primary School, Yearly for 1 Child",5393.87,
San Marino,1 Pair of Jeans (Levis 501 Or Similar),102.48,
San Marino,"1 Summer Dress in a Chain Store (Zara, H&M, ...)",32.36,
San Marino,1 Pair of Nike Running Shoes (Mid-Range),107.88,
San Marino,1 Pair of Men Leather Business Shoes,104.28,
San Marino,Apartment (1 bedroom) in City Centre,539.39,
San Marino,Apartment (1 bedroom) Outside of Centre,521.41,
San Marino,Apartment (3 bedrooms) in City Centre,708.39,
San Marino,Apartment (3 bedrooms) Outside of Centre,719.18,
San Marino,Price per Square Meter to Buy Apartment in City Centre,3128.44,
San Marino,Price per Square Meter to Buy Apartment Outside of Centre,2930.67,
San Marino,Average Monthly Net Salary (After Tax),2835.91,
San Marino,"Mortgage Interest Rate in Percentages (%), Yearly, for 20 Years Fixed-Rate",3.4,
Sao Tome And Principe,"Meal, Inexpensive Restaurant",18.88,
Sao Tome And Principe,"Meal for 2 People, Mid-range Restaurant, Three-course",39.76,
Sao Tome And Principe,McMeal at McDonalds (or Equivalent Combo Meal),9.17,
Sao Tome And Principe,Domestic Beer (0.5 liter draught),1.09,
Sao Tome And Principe,Imported Beer (0.33 liter bottle),1.73,
Sao Tome And Principe,Cappuccino (regular),1.89,
Sao Tome And Principe,Coke/Pepsi (0.33 liter bottle),1.77,
Sao Tome And Principe,Water (0.33 liter bottle),0.94,
Sao Tome And Principe,"Milk (regular), (1 liter)",1.26,
Sao Tome And Principe,Loaf of Fresh White Bread (500g),1.43,
Sao Tome And Principe,"Rice (white), (1kg)",1.78,
Sao Tome And Principe,Eggs (regular) (12),3.95,
Sao Tome And Principe,Local Cheese (1kg),18.65,
Sao Tome And Principe,Chicken Fillets (1kg),18.88,
Sao Tome And Principe,Beef Round (1kg) (or Equivalent Back Leg Red Meat),20.09,
Sao Tome And Principe,Apples (1kg),3.24,
Sao Tome And Principe,Banana (1kg),1.08,
Sao Tome And Principe,Oranges (1kg),3.78,
Sao Tome And Principe,Tomato (1kg),3.24,
Sao Tome And Principe,Potato (1kg),2.43,
Sao Tome And Principe,Onion (1kg),1.89,
Sao Tome And Principe,Lettuce (1 head),0.65,
Sao Tome And Principe,Water (1.5 liter bottle),0.83,
Sao Tome And Principe,Bottle of Wine (Mid-Range),6.47,
Sao Tome And Principe,Domestic Beer (0.5 liter bottle),1.21,
Sao Tome And Principe,Imported Beer (0.33 liter bottle),1.22,
Sao Tome And Principe,Cigarettes 20 Pack (Marlboro),2.16,
Sao Tome And Principe,One-way Ticket (Local Transport),1.32,
Sao Tome And Principe,Monthly Pass (Regular Price),,
Sao Tome And Principe,Taxi Start (Normal Tariff),,
Sao Tome And Principe,Taxi 1km (Normal Tariff),,
Sao Tome And Principe,Taxi 1hour Waiting (Normal Tariff),13.16,
Sao Tome And Principe,Gasoline (1 liter),1.53,
Sao Tome And Principe,Volkswagen Golf 1.4 90 KW Trendline (Or Equivalent New Car),,
Sao Tome And Principe,Toyota Corolla Sedan 1.6l 97kW Comfort (Or Equivalent New Car),21575.46,
Sao Tome And Principe,"Basic (Electricity, Heating, Cooling, Water, Garbage) for 85m2 Apartment",,
Sao Tome And Principe,Mobile Phone Monthly Plan with Calls and 10GB+ Data,,
Sao Tome And Principe,"Internet (60 Mbps or More, Unlimited Data, Cable/ADSL)",,
Sao Tome And Principe,"Fitness Club, Monthly Fee for 1 Adult",34.52,
Sao Tome And Principe,Tennis Court Rent (1 Hour on Weekend),26.97,
Sao Tome And Principe,"Cinema, International Release, 1 Seat",19.42,
Sao Tome And Principe,"Preschool (or Kindergarten), Full Day, Private, Monthly for 1 Child",,
Sao Tome And Principe,"International Primary School, Yearly for 1 Child",,
Sao Tome And Principe,1 Pair of Jeans (Levis 501 Or Similar),,
Sao Tome And Principe,"1 Summer Dress in a Chain Store (Zara, H&M, ...)",,
Sao Tome And Principe,1 Pair of Nike Running Shoes (Mid-Range),26.97,
Sao Tome And Principe,1 Pair of Men Leather Business Shoes,17.69,
Sao Tome And Principe,Apartment (1 bedroom) in City Centre,251.71,
Sao Tome And Principe,Apartment (1 bedroom) Outside of Centre,176.2,
Sao Tome And Principe,Apartment (3 bedrooms) in City Centre,620.29,
Sao Tome And Principe,Apartment (3 bedrooms) Outside of Centre,485.45,
Sao Tome And Principe,Price per Square Meter to Buy Apartment in City Centre,,
Sao Tome And Principe,Price per Square Meter to Buy Apartment Outside of Centre,225.53,
Sao Tome And Principe,Average Monthly Net Salary (After Tax),419.37,
Sao Tome And Principe,"Mortgage Interest Rate in Percentages (%), Yearly, for 20 Years Fixed-Rate",7.38,
Saudi Arabia,"Meal, Inexpensive Restaurant",6.66,-45.7
Saudi Arabia,"Meal for 2 People, Mid-range Restaurant, Three-course",39.95,-45.7
Saudi Arabia,McMeal at McDonalds (or Equivalent Combo Meal),7.99,-45.7
Saudi Arabia,Domestic Non-Alcoholic Beer (0.5 liter draught),1.8,-45.7
Saudi Arabia,Imported Non-Alcoholic Beer (0.33 liter bottle),1.6,-45.7
Saudi Arabia,Cappuccino (regular),3.85,-45.7
Saudi Arabia,Coke/Pepsi (0.33 liter bottle),0.74,-45.7
Saudi Arabia,Water (0.33 liter bottle),0.26,-45.7
Saudi Arabia,"Milk (regular), (1 liter)",1.68,-45.7
Saudi Arabia,Loaf of Fresh White Bread (500g),1.02,-45.7
Saudi Arabia,"Rice (white), (1kg)",2.12,-45.7
Saudi Arabia,Eggs (regular) (12),2.53,-45.7
Saudi Arabia,Local Cheese (1kg),7.42,-45.7
Saudi Arabia,Chicken Fillets (1kg),7.68,-45.7
Saudi Arabia,Beef Round (1kg) (or Equivalent Back Leg Red Meat),12.87,-45.7
Saudi Arabia,Apples (1kg),2.16,-45.7
Saudi Arabia,Banana (1kg),1.63,-45.7
Saudi Arabia,Oranges (1kg),1.63,-45.7
Saudi Arabia,Tomato (1kg),1.61,-45.7
Saudi Arabia,Potato (1kg),1.29,-45.7
Saudi Arabia,Onion (1kg),1.27,-45.7
Saudi Arabia,Lettuce (1 head),1.13,-45.7
Saudi Arabia,Water (1.5 liter bottle),0.59,-45.7
Saudi Arabia,Bottle of Non-Alcoholic Wine (Mid-Range),2.93,-45.7
Saudi Arabia,Domestic Non-Alcoholic Beer (0.5 liter bottle),1.73,-45.7
Saudi Arabia,Imported Non-Alcoholic Beer (0.33 liter bottle),2.03,-45.7
Saudi Arabia,Cigarettes 20 Pack (Marlboro),7.46,-45.7
Saudi Arabia,One-way Ticket (Local Transport),1.07,-45.7
Saudi Arabia,Monthly Pass (Regular Price),32.42,-45.7
Saudi Arabia,Taxi Start (Normal Tariff),2.66,-45.7
Saudi Arabia,Taxi 1km (Normal Tariff),1.86,-45.7
Saudi Arabia,Taxi 1hour Waiting (Normal Tariff),13.32,-45.7
Saudi Arabia,Gasoline (1 liter),0.62,-45.7
Saudi Arabia,Volkswagen Golf 1.4 90 KW Trendline (Or Equivalent New Car),23969.36,-45.7
Saudi Arabia,Toyota Corolla Sedan 1.6l 97kW Comfort (Or Equivalent New Car),22436.9,-45.7
Saudi Arabia,"Basic (Electricity, Heating, Cooling, Water, Garbage) for 85m2 Apartment",109.08,-45.7
Saudi Arabia,Mobile Phone Monthly Plan with Calls and 10GB+ Data,34.07,-45.7
Saudi Arabia,"Internet (60 Mbps or More, Unlimited Data, Cable/ADSL)",71.68,-45.7
Saudi Arabia,"Fitness Club, Monthly Fee for 1 Adult",95.31,-45.7
Saudi Arabia,Tennis Court Rent (1 Hour on Weekend),40.73,-45.7
Saudi Arabia,"Cinema, International Release, 1 Seat",15.98,-45.7
Saudi Arabia,"Preschool (or Kindergarten), Full Day, Private, Monthly for 1 Child",327.93,-45.7
Saudi Arabia,"International Primary School, Yearly for 1 Child",7233.36,-45.7
Saudi Arabia,1 Pair of Jeans (Levis 501 Or Similar),47.82,-45.7
Saudi Arabia,"1 Summer Dress in a Chain Store (Zara, H&M, ...)",57.24,-45.7
Saudi Arabia,1 Pair of Nike Running Shoes (Mid-Range),95.23,-45.7
Saudi Arabia,1 Pair of Men Leather Business Shoes,81.11,-45.7
Saudi Arabia,Apartment (1 bedroom) in City Centre,464.75,-45.7
Saudi Arabia,Apartment (1 bedroom) Outside of Centre,363.56,-45.7
Saudi Arabia,Apartment (3 bedrooms) in City Centre,867.71,-45.7
Saudi Arabia,Apartment (3 bedrooms) Outside of Centre,604.52,-45.7
Saudi Arabia,Price per Square Meter to Buy Apartment in City Centre,1689.93,-45.7
Saudi Arabia,Price per Square Meter to Buy Apartment Outside of Centre,1091.49,-45.7
Saudi Arabia,Average Monthly Net Salary (After Tax),2225.19,-45.7
Saudi Arabia,"Mortgage Interest Rate in Percentages (%), Yearly, for 20 Years Fixed-Rate",4.58,-45.7
Senegal,"Meal, Inexpensive Restaurant",4.93,12.8
Senegal,"Meal for 2 People, Mid-range Restaurant, Three-course",58.24,12.8
Senegal,McMeal at McDonalds (or Equivalent Combo Meal),9.05,12.8
Senegal,Domestic Beer (0.5 liter draught),2.47,12.8
Senegal,Imported Beer (0.33 liter bottle),4.11,12.8
Senegal,Cappuccino (regular),4.25,12.8
Senegal,Coke/Pepsi (0.33 liter bottle),1.4,12.8
Senegal,Water (0.33 liter bottle),1.1,12.8
Senegal,"Milk (regular), (1 liter)",2.81,12.8
Senegal,Loaf of Fresh White Bread (500g),0.56,12.8
Senegal,"Rice (white), (1kg)",1.08,12.8
Senegal,Eggs (regular) (12),2.49,12.8
Senegal,Local Cheese (1kg),13.58,12.8
Senegal,Chicken Fillets (1kg),9.73,12.8
Senegal,Beef Round (1kg) (or Equivalent Back Leg Red Meat),9.1,12.8
Senegal,Apples (1kg),2.51,12.8
Senegal,Banana (1kg),1.89,12.8
Senegal,Oranges (1kg),2.37,12.8
Senegal,Tomato (1kg),1.95,12.8
Senegal,Potato (1kg),1.43,12.8
Senegal,Onion (1kg),1.2,12.8
Senegal,Lettuce (1 head),0.92,12.8
Senegal,Water (1.5 liter bottle),0.72,12.8
Senegal,Bottle of Wine (Mid-Range),11.51,12.8
Senegal,Domestic Beer (0.5 liter bottle),1.11,12.8
Senegal,Imported Beer (0.33 liter bottle),1.8,12.8
Senegal,Cigarettes 20 Pack (Marlboro),1.48,12.8
Senegal,One-way Ticket (Local Transport),0.37,12.8
Senegal,Monthly Pass (Regular Price),24.67,12.8
Senegal,Taxi Start (Normal Tariff),2.47,12.8
Senegal,Taxi 1km (Normal Tariff),2.88,12.8
Senegal,Taxi 1hour Waiting (Normal Tariff),16.45,12.8
Senegal,Gasoline (1 liter),1.63,12.8
Senegal,Volkswagen Golf 1.4 90 KW Trendline (Or Equivalent New Car),27135.54,12.8
Senegal,Toyota Corolla Sedan 1.6l 97kW Comfort (Or Equivalent New Car),32069.28,12.8
Senegal,"Basic (Electricity, Heating, Cooling, Water, Garbage) for 85m2 Apartment",128.28,12.8
Senegal,Mobile Phone Monthly Plan with Calls and 10GB+ Data,9.98,12.8
Senegal,"Internet (60 Mbps or More, Unlimited Data, Cable/ADSL)",48.9,12.8
Senegal,"Fitness Club, Monthly Fee for 1 Adult",65.23,12.8
Senegal,Tennis Court Rent (1 Hour on Weekend),16.45,12.8
Senegal,"Cinema, International Release, 1 Seat",8.22,12.8
Senegal,"Preschool (or Kindergarten), Full Day, Private, Monthly for 1 Child",250.8,12.8
Senegal,"International Primary School, Yearly for 1 Child",6841.45,12.8
Senegal,1 Pair of Jeans (Levis 501 Or Similar),59.2,12.8
Senegal,"1 Summer Dress in a Chain Store (Zara, H&M, ...)",37.83,12.8
Senegal,1 Pair of Nike Running Shoes (Mid-Range),81.9,12.8
Senegal,1 Pair of Men Leather Business Shoes,93.33,12.8
Senegal,Apartment (1 bedroom) in City Centre,898.59,12.8
Senegal,Apartment (1 bedroom) Outside of Centre,332.31,12.8
Senegal,Apartment (3 bedrooms) in City Centre,2627.74,12.8
Senegal,Apartment (3 bedrooms) Outside of Centre,919.86,12.8
Senegal,Price per Square Meter to Buy Apartment in City Centre,2466.87,12.8
Senegal,Price per Square Meter to Buy Apartment Outside of Centre,1397.89,12.8
Senegal,Average Monthly Net Salary (After Tax),374.44,12.8
Senegal,"Mortgage Interest Rate in Percentages (%), Yearly, for 20 Years Fixed-Rate",8.19,12.8
Serbia,"Meal, Inexpensive Restaurant",9.23,-36.8
Serbia,"Meal for 2 People, Mid-range Restaurant, Three-course",36.91,-36.8
Serbia,McMeal at McDonalds (or Equivalent Combo Meal),8.3,-36.8
Serbia,Domestic Beer (0.5 liter draught),2.45,-36.8
Serbia,Imported Beer (0.33 liter bottle),2.86,-36.8
Serbia,Cappuccino (regular),1.98,-36.8
Serbia,Coke/Pepsi (0.33 liter bottle),1.85,-36.8
Serbia,Water (0.33 liter bottle),1.36,-36.8
Serbia,"Milk (regular), (1 liter)",1.34,-36.8
Serbia,Loaf of Fresh White Bread (500g),0.77,-36.8
Serbia,"Rice (white), (1kg)",2.36,-36.8
Serbia,Eggs (regular) (12),2.55,-36.8
Serbia,Local Cheese (1kg),8.93,-36.8
Serbia,Chicken Fillets (1kg),6.87,-36.8
Serbia,Beef Round (1kg) (or Equivalent Back Leg Red Meat),11.5,-36.8
Serbia,Apples (1kg),1.11,-36.8
Serbia,Banana (1kg),1.74,-36.8
Serbia,Oranges (1kg),1.55,-36.8
Serbia,Tomato (1kg),2.02,-36.8
Serbia,Potato (1kg),1.04,-36.8
Serbia,Onion (1kg),0.96,-36.8
Serbia,Lettuce (1 head),0.68,-36.8
Serbia,Water (1.5 liter bottle),0.62,-36.8
Serbia,Bottle of Wine (Mid-Range),6.46,-36.8
Serbia,Domestic Beer (0.5 liter bottle),0.76,-36.8
Serbia,Imported Beer (0.33 liter bottle),1.48,-36.8
Serbia,Cigarettes 20 Pack (Marlboro),3.97,-36.8
Serbia,One-way Ticket (Local Transport),0.74,-36.8
Serbia,Monthly Pass (Regular Price),23.07,-36.8
Serbia,Taxi Start (Normal Tariff),1.85,-36.8
Serbia,Taxi 1km (Normal Tariff),0.89,-36.8
Serbia,Taxi 1hour Waiting (Normal Tariff),11.07,-36.8
Serbia,Gasoline (1 liter),1.69,-36.8
Serbia,Volkswagen Golf 1.4 90 KW Trendline (Or Equivalent New Car),28379.42,-36.8
Serbia,Toyota Corolla Sedan 1.6l 97kW Comfort (Or Equivalent New Car),25365.34,-36.8
Serbia,"Basic (Electricity, Heating, Cooling, Water, Garbage) for 85m2 Apartment",171.55,-36.8
Serbia,Mobile Phone Monthly Plan with Calls and 10GB+ Data,17.68,-36.8
Serbia,"Internet (60 Mbps or More, Unlimited Data, Cable/ADSL)",26.75,-36.8
Serbia,"Fitness Club, Monthly Fee for 1 Adult",30.88,-36.8
Serbia,Tennis Court Rent (1 Hour on Weekend),13.88,-36.8
Serbia,"Cinema, International Release, 1 Seat",6.0,-36.8
Serbia,"Preschool (or Kindergarten), Full Day, Private, Monthly for 1 Child",319.87,-36.8
Serbia,"International Primary School, Yearly for 1 Child",7277.7,-36.8
Serbia,1 Pair of Jeans (Levis 501 Or Similar),86.39,-36.8
Serbia,"1 Summer Dress in a Chain Store (Zara, H&M, ...)",38.64,-36.8
Serbia,1 Pair of Nike Running Shoes (Mid-Range),102.71,-36.8
Serbia,1 Pair of Men Leather Business Shoes,115.09,-36.8
Serbia,Apartment (1 bedroom) in City Centre,555.11,-36.8
Serbia,Apartment (1 bedroom) Outside of Centre,383.46,-36.8
Serbia,Apartment (3 bedrooms) in City Centre,1036.86,-36.8
Serbia,Apartment (3 bedrooms) Outside of Centre,702.42,-36.8
Serbia,Price per Square Meter to Buy Apartment in City Centre,3196.34,-36.8
Serbia,Price per Square Meter to Buy Apartment Outside of Centre,2115.01,-36.8
Serbia,Average Monthly Net Salary (After Tax),784.06,-36.8
Serbia,"Mortgage Interest Rate in Percentages (%), Yearly, for 20 Years Fixed-Rate",6.77,-36.8
Seychelles,"Meal, Inexpensive Restaurant",18.92,37.8
Seychelles,"Meal for 2 People, Mid-range Restaurant, Three-course",72.83,37.8
Seychelles,McMeal at McDonalds (or Equivalent Combo Meal),7.57,37.8
Seychelles,Domestic Beer (0.5 liter draught),6.05,37.8
Seychelles,Imported Beer (0.33 liter bottle),5.05,37.8
Seychelles,Cappuccino (regular),5.04,37.8
Seychelles,Coke/Pepsi (0.33 liter bottle),2.15,37.8
Seychelles,Water (0.33 liter bottle),1.99,37.8
Seychelles,"Milk (regular), (1 liter)",2.03,37.8
Seychelles,Loaf of Fresh White Bread (500g),1.96,37.8
Seychelles,"Rice (white), (1kg)",2.14,37.8
Seychelles,Eggs (regular) (12),3.65,37.8
Seychelles,Local Cheese (1kg),33.01,37.8
Seychelles,Chicken Fillets (1kg),6.89,37.8
Seychelles,Beef Round (1kg) (or Equivalent Back Leg Red Meat),11.73,37.8
Seychelles,Apples (1kg),2.04,37.8
Seychelles,Banana (1kg),2.46,37.8
Seychelles,Oranges (1kg),2.18,37.8
Seychelles,Tomato (1kg),6.62,37.8
Seychelles,Potato (1kg),1.32,37.8
Seychelles,Onion (1kg),1.31,37.8
Seychelles,Lettuce (1 head),1.42,37.8
Seychelles,Water (1.5 liter bottle),1.61,37.8
Seychelles,Bottle of Wine (Mid-Range),11.35,37.8
Seychelles,Domestic Beer (0.5 liter bottle),4.1,37.8
Seychelles,Imported Beer (0.33 liter bottle),5.3,37.8
Seychelles,Cigarettes 20 Pack (Marlboro),15.89,37.8
Seychelles,One-way Ticket (Local Transport),0.91,37.8
Seychelles,Monthly Pass (Regular Price),32.54,37.8
Seychelles,Taxi Start (Normal Tariff),9.46,37.8
Seychelles,Taxi 1km (Normal Tariff),3.41,37.8
Seychelles,Taxi 1hour Waiting (Normal Tariff),15.13,37.8
Seychelles,Gasoline (1 liter),1.58,37.8
Seychelles,Volkswagen Golf 1.4 90 KW Trendline (Or Equivalent New Car),26726.9,37.8
Seychelles,Toyota Corolla Sedan 1.6l 97kW Comfort (Or Equivalent New Car),37834.97,37.8
Seychelles,"Basic (Electricity, Heating, Cooling, Water, Garbage) for 85m2 Apartment",114.65,37.8
Seychelles,Mobile Phone Monthly Plan with Calls and 10GB+ Data,44.49,37.8
Seychelles,"Internet (60 Mbps or More, Unlimited Data, Cable/ADSL)",146.3,37.8
Seychelles,"Fitness Club, Monthly Fee for 1 Adult",70.72,37.8
Seychelles,Tennis Court Rent (1 Hour on Weekend),14.56,37.8
Seychelles,"Cinema, International Release, 1 Seat",6.24,37.8
Seychelles,"Preschool (or Kindergarten), Full Day, Private, Monthly for 1 Child",170.26,37.8
Seychelles,"International Primary School, Yearly for 1 Child",7864.52,37.8
Seychelles,1 Pair of Jeans (Levis 501 Or Similar),59.05,37.8
Seychelles,"1 Summer Dress in a Chain Store (Zara, H&M, ...)",27.32,37.8
Seychelles,1 Pair of Nike Running Shoes (Mid-Range),73.74,37.8
Seychelles,1 Pair of Men Leather Business Shoes,72.05,37.8
Seychelles,Apartment (1 bedroom) in City Centre,1077.42,37.8
Seychelles,Apartment (1 bedroom) Outside of Centre,880.34,37.8
Seychelles,Apartment (3 bedrooms) in City Centre,2153.94,37.8
Seychelles,Apartment (3 bedrooms) Outside of Centre,1723.28,37.8
Seychelles,Price per Square Meter to Buy Apartment in City Centre,667.46,37.8
Seychelles,Price per Square Meter to Buy Apartment Outside of Centre,868.3,37.8
Seychelles,Average Monthly Net Salary (After Tax),836.46,37.8
Seychelles,"Mortgage Interest Rate in Percentages (%), Yearly, for 20 Years Fixed-Rate",17.67,37.8
Sierra Leone,"Meal, Inexpensive Restaurant",3.0,
Sierra Leone,"Meal for 2 People, Mid-range Restaurant, Three-course",32.5,
Sierra Leone,McMeal at McDonalds (or Equivalent Combo Meal),10.0,
Sierra Leone,Domestic Beer (0.5 liter draught),1.5,
Sierra Leone,Imported Beer (0.33 liter bottle),2.87,
Sierra Leone,Cappuccino (regular),1.73,
Sierra Leone,Coke/Pepsi (0.33 liter bottle),0.94,
Sierra Leone,Water (0.33 liter bottle),0.81,
Sierra Leone,"Milk (regular), (1 liter)",2.0,
Sierra Leone,Loaf of Fresh White Bread (500g),0.5,
Sierra Leone,"Rice (white), (1kg)",1.0,
Sierra Leone,Eggs (regular) (12),1.95,
Sierra Leone,Local Cheese (1kg),,
Sierra Leone,Chicken Fillets (1kg),7.5,
Sierra Leone,Beef Round (1kg) (or Equivalent Back Leg Red Meat),,
Sierra Leone,Apples (1kg),4.0,
Sierra Leone,Banana (1kg),2.0,
Sierra Leone,Oranges (1kg),,
Sierra Leone,Tomato (1kg),5.0,
Sierra Leone,Potato (1kg),2.0,
Sierra Leone,Onion (1kg),1.63,
Sierra Leone,Lettuce (1 head),1.0,
Sierra Leone,Water (1.5 liter bottle),1.75,
Sierra Leone,Bottle of Wine (Mid-Range),6.5,
Sierra Leone,Domestic Beer (0.5 liter bottle),1.32,
Sierra Leone,Imported Beer (0.33 liter bottle),2.05,
Sierra Leone,Cigarettes 20 Pack (Marlboro),1.93,
Sierra Leone,One-way Ticket (Local Transport),0.5,
Sierra Leone,Monthly Pass (Regular Price),0.0,
Sierra Leone,Taxi Start (Normal Tariff),0.75,
Sierra Leone,Taxi 1km (Normal Tariff),1.25,
Sierra Leone,Taxi 1hour Waiting (Normal Tariff),5.0,
Sierra Leone,Gasoline (1 liter),1.28,
Sierra Leone,Volkswagen Golf 1.4 90 KW Trendline (Or Equivalent New Car),12000.0,
Sierra Leone,Toyota Corolla Sedan 1.6l 97kW Comfort (Or Equivalent New Car),25000.0,
Sierra Leone,"Basic (Electricity, Heating, Cooling, Water, Garbage) for 85m2 Apartment",144.37,
Sierra Leone,Mobile Phone Monthly Plan with Calls and 10GB+ Data,25.0,
Sierra Leone,"Internet (60 Mbps or More, Unlimited Data, Cable/ADSL)",75.0,
Sierra Leone,"Fitness Club, Monthly Fee for 1 Adult",50.0,
Sierra Leone,Tennis Court Rent (1 Hour on Weekend),0.0,
Sierra Leone,"Cinema, International Release, 1 Seat",,
Sierra Leone,"Preschool (or Kindergarten), Full Day, Private, Monthly for 1 Child",,
Sierra Leone,"International Primary School, Yearly for 1 Child",,
Sierra Leone,1 Pair of Jeans (Levis 501 Or Similar),10.0,
Sierra Leone,"1 Summer Dress in a Chain Store (Zara, H&M, ...)",8.0,
Sierra Leone,1 Pair of Nike Running Shoes (Mid-Range),20.0,
Sierra Leone,1 Pair of Men Leather Business Shoes,50.0,
Sierra Leone,Apartment (1 bedroom) in City Centre,1361.67,
Sierra Leone,Apartment (1 bedroom) Outside of Centre,978.33,
Sierra Leone,Apartment (3 bedrooms) in City Centre,965.0,
Sierra Leone,Apartment (3 bedrooms) Outside of Centre,100.0,
Sierra Leone,Price per Square Meter to Buy Apartment in City Centre,1081.77,
Sierra Leone,Price per Square Meter to Buy Apartment Outside of Centre,1083.57,
Sierra Leone,Average Monthly Net Salary (After Tax),1675.0,
Sierra Leone,"Mortgage Interest Rate in Percentages (%), Yearly, for 20 Years Fixed-Rate",,
Singapore,"Meal, Inexpensive Restaurant",11.33,234.0
Singapore,"Meal for 2 People, Mid-range Restaurant, Three-course",73.62,234.0
Singapore,McMeal at McDonalds (or Equivalent Combo Meal),7.55,234.0
Singapore,Domestic Beer (0.5 liter draught),7.47,234.0
Singapore,Imported Beer (0.33 liter bottle),7.55,234.0
Singapore,Cappuccino (regular),4.81,234.0
Singapore,Coke/Pepsi (0.33 liter bottle),1.59,234.0
Singapore,Water (0.33 liter bottle),1.18,234.0
Singapore,"Milk (regular), (1 liter)",2.77,234.0
Singapore,Loaf of Fresh White Bread (500g),2.09,234.0
Singapore,"Rice (white), (1kg)",2.92,234.0
Singapore,Eggs (regular) (12),3.31,234.0
Singapore,Local Cheese (1kg),17.82,234.0
Singapore,Chicken Fillets (1kg),9.5,234.0
Singapore,Beef Round (1kg) (or Equivalent Back Leg Red Meat),19.28,234.0
Singapore,Apples (1kg),4.04,234.0
Singapore,Banana (1kg),3.06,234.0
Singapore,Oranges (1kg),4.01,234.0
Singapore,Tomato (1kg),2.79,234.0
Singapore,Potato (1kg),2.32,234.0
Singapore,Onion (1kg),2.35,234.0
Singapore,Lettuce (1 head),1.68,234.0
Singapore,Water (1.5 liter bottle),1.45,234.0
Singapore,Bottle of Wine (Mid-Range),26.43,234.0
Singapore,Domestic Beer (0.5 liter bottle),4.21,234.0
Singapore,Imported Beer (0.33 liter bottle),5.13,234.0
Singapore,Cigarettes 20 Pack (Marlboro),12.76,234.0
Singapore,One-way Ticket (Local Transport),1.51,234.0
Singapore,Monthly Pass (Regular Price),90.6,234.0
Singapore,Taxi Start (Normal Tariff),3.47,234.0
Singapore,Taxi 1km (Normal Tariff),0.76,234.0
Singapore,Taxi 1hour Waiting (Normal Tariff),15.4,234.0
Singapore,Gasoline (1 liter),2.16,234.0
Singapore,Volkswagen Golf 1.4 90 KW Trendline (Or Equivalent New Car),135904.85,234.0
Singapore,Toyota Corolla Sedan 1.6l 97kW Comfort (Or Equivalent New Car),120422.61,234.0
Singapore,"Basic (Electricity, Heating, Cooling, Water, Garbage) for 85m2 Apartment",160.85,234.0
Singapore,Mobile Phone Monthly Plan with Calls and 10GB+ Data,16.77,234.0
Singapore,"Internet (60 Mbps or More, Unlimited Data, Cable/ADSL)",35.96,234.0
Singapore,"Fitness Club, Monthly Fee for 1 Adult",103.83,234.0
Singapore,Tennis Court Rent (1 Hour on Weekend),12.0,234.0
Singapore,"Cinema, International Release, 1 Seat",12.08,234.0
Singapore,"Preschool (or Kindergarten), Full Day, Private, Monthly for 1 Child",1177.76,234.0
Singapore,"International Primary School, Yearly for 1 Child",27766.38,234.0
Singapore,1 Pair of Jeans (Levis 501 Or Similar),67.54,234.0
Singapore,"1 Summer Dress in a Chain Store (Zara, H&M, ...)",43.61,234.0
Singapore,1 Pair of Nike Running Shoes (Mid-Range),97.07,234.0
Singapore,1 Pair of Men Leather Business Shoes,110.88,234.0
Singapore,Apartment (1 bedroom) in City Centre,2721.63,234.0
Singapore,Apartment (1 bedroom) Outside of Centre,1990.7,234.0
Singapore,Apartment (3 bedrooms) in City Centre,5546.3,234.0
Singapore,Apartment (3 bedrooms) Outside of Centre,3889.33,234.0
Singapore,Price per Square Meter to Buy Apartment in City Centre,21279.99,234.0
Singapore,Price per Square Meter to Buy Apartment Outside of Centre,14029.64,234.0
Singapore,Average Monthly Net Salary (After Tax),4330.01,234.0
Singapore,"Mortgage Interest Rate in Percentages (%), Yearly, for 20 Years Fixed-Rate",3.54,234.0
Sint Maarten,"Meal, Inexpensive Restaurant",19.0,63.3
Sint Maarten,"Meal for 2 People, Mid-range Restaurant, Three-course",100.0,63.3
Sint Maarten,McMeal at McDonalds (or Equivalent Combo Meal),10.0,63.3
Sint Maarten,Domestic Beer (0.5 liter draught),3.5,63.3
Sint Maarten,Imported Beer (0.33 liter bottle),4.0,63.3
Sint Maarten,Cappuccino (regular),4.09,63.3
Sint Maarten,Coke/Pepsi (0.33 liter bottle),2.86,63.3
Sint Maarten,Water (0.33 liter bottle),3.25,63.3
Sint Maarten,"Milk (regular), (1 liter)",3.1,63.3
Sint Maarten,Loaf of Fresh White Bread (500g),2.65,63.3
Sint Maarten,"Rice (white), (1kg)",2.16,63.3
Sint Maarten,Eggs (regular) (12),4.39,63.3
Sint Maarten,Local Cheese (1kg),10.62,63.3
Sint Maarten,Chicken Fillets (1kg),9.9,63.3
Sint Maarten,Beef Round (1kg) (or Equivalent Back Leg Red Meat),13.5,63.3
Sint Maarten,Apples (1kg),4.51,63.3
Sint Maarten,Banana (1kg),3.17,63.3
Sint Maarten,Oranges (1kg),5.15,63.3
Sint Maarten,Tomato (1kg),4.32,63.3
Sint Maarten,Potato (1kg),3.41,63.3
Sint Maarten,Onion (1kg),3.08,63.3
Sint Maarten,Lettuce (1 head),2.9,63.3
Sint Maarten,Water (1.5 liter bottle),1.57,63.3
Sint Maarten,Bottle of Wine (Mid-Range),9.0,63.3
Sint Maarten,Domestic Beer (0.5 liter bottle),2.13,63.3
Sint Maarten,Imported Beer (0.33 liter bottle),2.39,63.3
Sint Maarten,Cigarettes 20 Pack (Marlboro),20.0,63.3
Sint Maarten,One-way Ticket (Local Transport),1.75,63.3
Sint Maarten,Monthly Pass (Regular Price),46.25,63.3
Sint Maarten,Taxi Start (Normal Tariff),10.0,63.3
Sint Maarten,Taxi 1km (Normal Tariff),5.39,63.3
Sint Maarten,Taxi 1hour Waiting (Normal Tariff),5.78,63.3
Sint Maarten,Gasoline (1 liter),1.29,63.3
Sint Maarten,Volkswagen Golf 1.4 90 KW Trendline (Or Equivalent New Car),21750.84,63.3
Sint Maarten,Toyota Corolla Sedan 1.6l 97kW Comfort (Or Equivalent New Car),21510.87,63.3
Sint Maarten,"Basic (Electricity, Heating, Cooling, Water, Garbage) for 85m2 Apartment",251.0,63.3
Sint Maarten,Mobile Phone Monthly Plan with Calls and 10GB+ Data,31.67,63.3
Sint Maarten,"Internet (60 Mbps or More, Unlimited Data, Cable/ADSL)",93.0,63.3
Sint Maarten,"Fitness Club, Monthly Fee for 1 Adult",61.46,63.3
Sint Maarten,Tennis Court Rent (1 Hour on Weekend),19.06,63.3
Sint Maarten,"Cinema, International Release, 1 Seat",11.0,63.3
Sint Maarten,"Preschool (or Kindergarten), Full Day, Private, Monthly for 1 Child",456.27,63.3
Sint Maarten,"International Primary School, Yearly for 1 Child",10500.0,63.3
Sint Maarten,1 Pair of Jeans (Levis 501 Or Similar),61.46,63.3
Sint Maarten,"1 Summer Dress in a Chain Store (Zara, H&M, ...)",33.13,63.3
Sint Maarten,1 Pair of Nike Running Shoes (Mid-Range),85.31,63.3
Sint Maarten,1 Pair of Men Leather Business Shoes,69.79,63.3
Sint Maarten,Apartment (1 bedroom) in City Centre,991.82,63.3
Sint Maarten,Apartment (1 bedroom) Outside of Centre,898.45,63.3
Sint Maarten,Apartment (3 bedrooms) in City Centre,3100.0,63.3
Sint Maarten,Apartment (3 bedrooms) Outside of Centre,1925.0,63.3
Sint Maarten,Price per Square Meter to Buy Apartment in City Centre,2275.0,63.3
Sint Maarten,Price per Square Meter to Buy Apartment Outside of Centre,1200.0,63.3
Sint Maarten,Average Monthly Net Salary (After Tax),1254.72,63.3
Sint Maarten,"Mortgage Interest Rate in Percentages (%), Yearly, for 20 Years Fixed-Rate",6.12,63.3
Slovakia,"Meal, Inexpensive Restaurant",8.63,-28.4
Slovakia,"Meal for 2 People, Mid-range Restaurant, Three-course",43.15,-28.4
Slovakia,McMeal at McDonalds (or Equivalent Combo Meal),8.63,-28.4
Slovakia,Domestic Beer (0.5 liter draught),2.16,-28.4
Slovakia,Imported Beer (0.33 liter bottle),2.7,-28.4
Slovakia,Cappuccino (regular),2.6,-28.4
Slovakia,Coke/Pepsi (0.33 liter bottle),1.75,-28.4
Slovakia,Water (0.33 liter bottle),1.5,-28.4
Slovakia,"Milk (regular), (1 liter)",1.08,-28.4
Slovakia,Loaf of Fresh White Bread (500g),1.53,-28.4
Slovakia,"Rice (white), (1kg)",1.85,-28.4
Slovakia,Eggs (regular) (12),3.45,-28.4
Slovakia,Local Cheese (1kg),13.33,-28.4
Slovakia,Chicken Fillets (1kg),7.47,-28.4
Slovakia,Beef Round (1kg) (or Equivalent Back Leg Red Meat),11.85,-28.4
Slovakia,Apples (1kg),1.7,-28.4
Slovakia,Banana (1kg),1.84,-28.4
Slovakia,Oranges (1kg),2.17,-28.4
Slovakia,Tomato (1kg),4.18,-28.4
Slovakia,Potato (1kg),1.5,-28.4
Slovakia,Onion (1kg),1.58,-28.4
Slovakia,Lettuce (1 head),1.43,-28.4
Slovakia,Water (1.5 liter bottle),0.82,-28.4
Slovakia,Bottle of Wine (Mid-Range),5.39,-28.4
Slovakia,Domestic Beer (0.5 liter bottle),1.01,-28.4
Slovakia,Imported Beer (0.33 liter bottle),1.69,-28.4
Slovakia,Cigarettes 20 Pack (Marlboro),5.39,-28.4
Slovakia,One-way Ticket (Local Transport),1.08,-28.4
Slovakia,Monthly Pass (Regular Price),34.52,-28.4
Slovakia,Taxi Start (Normal Tariff),3.24,-28.4
Slovakia,Taxi 1km (Normal Tariff),1.29,-28.4
Slovakia,Taxi 1hour Waiting (Normal Tariff),21.58,-28.4
Slovakia,Gasoline (1 liter),1.71,-28.4
Slovakia,Volkswagen Golf 1.4 90 KW Trendline (Or Equivalent New Car),24860.33,-28.4
Slovakia,Toyota Corolla Sedan 1.6l 97kW Comfort (Or Equivalent New Car),26346.79,-28.4
Slovakia,"Basic (Electricity, Heating, Cooling, Water, Garbage) for 85m2 Apartment",243.68,-28.4
Slovakia,Mobile Phone Monthly Plan with Calls and 10GB+ Data,29.15,-28.4
Slovakia,"Internet (60 Mbps or More, Unlimited Data, Cable/ADSL)",19.41,-28.4
Slovakia,"Fitness Club, Monthly Fee for 1 Adult",39.99,-28.4
Slovakia,Tennis Court Rent (1 Hour on Weekend),15.32,-28.4
Slovakia,"Cinema, International Release, 1 Seat",8.85,-28.4
Slovakia,"Preschool (or Kindergarten), Full Day, Private, Monthly for 1 Child",503.98,-28.4
Slovakia,"International Primary School, Yearly for 1 Child",11955.2,-28.4
Slovakia,1 Pair of Jeans (Levis 501 Or Similar),67.92,-28.4
Slovakia,"1 Summer Dress in a Chain Store (Zara, H&M, ...)",35.43,-28.4
Slovakia,1 Pair of Nike Running Shoes (Mid-Range),80.31,-28.4
Slovakia,1 Pair of Men Leather Business Shoes,94.93,-28.4
Slovakia,Apartment (1 bedroom) in City Centre,648.72,-28.4
Slovakia,Apartment (1 bedroom) Outside of Centre,520.09,-28.4
Slovakia,Apartment (3 bedrooms) in City Centre,1052.6,-28.4
Slovakia,Apartment (3 bedrooms) Outside of Centre,813.05,-28.4
Slovakia,Price per Square Meter to Buy Apartment in City Centre,3988.03,-28.4
Slovakia,Price per Square Meter to Buy Apartment Outside of Centre,3039.78,-28.4
Slovakia,Average Monthly Net Salary (After Tax),1232.29,-28.4
Slovakia,"Mortgage Interest Rate in Percentages (%), Yearly, for 20 Years Fixed-Rate",4.33,-28.4
Slovenia,"Meal, Inexpensive Restaurant",12.95,-3.8
Slovenia,"Meal for 2 People, Mid-range Restaurant, Three-course",53.94,-3.8
Slovenia,McMeal at McDonalds (or Equivalent Combo Meal),8.63,-3.8
Slovenia,Domestic Beer (0.5 liter draught),3.24,-3.8
Slovenia,Imported Beer (0.33 liter bottle),3.78,-3.8
Slovenia,Cappuccino (regular),2.18,-3.8
Slovenia,Coke/Pepsi (0.33 liter bottle),2.9,-3.8
Slovenia,Water (0.33 liter bottle),1.92,-3.8
Slovenia,"Milk (regular), (1 liter)",1.37,-3.8
Slovenia,Loaf of Fresh White Bread (500g),1.85,-3.8
Slovenia,"Rice (white), (1kg)",2.62,-3.8
Slovenia,Eggs (regular) (12),3.48,-3.8
Slovenia,Local Cheese (1kg),13.73,-3.8
Slovenia,Chicken Fillets (1kg),10.49,-3.8
Slovenia,Beef Round (1kg) (or Equivalent Back Leg Red Meat),12.58,-3.8
Slovenia,Apples (1kg),1.98,-3.8
Slovenia,Banana (1kg),1.71,-3.8
Slovenia,Oranges (1kg),2.1,-3.8
Slovenia,Tomato (1kg),3.19,-3.8
Slovenia,Potato (1kg),1.14,-3.8
Slovenia,Onion (1kg),1.55,-3.8
Slovenia,Lettuce (1 head),1.62,-3.8
Slovenia,Water (1.5 liter bottle),0.89,-3.8
Slovenia,Bottle of Wine (Mid-Range),6.47,-3.8
Slovenia,Domestic Beer (0.5 liter bottle),1.38,-3.8
Slovenia,Imported Beer (0.33 liter bottle),2.05,-3.8
Slovenia,Cigarettes 20 Pack (Marlboro),5.5,-3.8
Slovenia,One-way Ticket (Local Transport),1.4,-3.8
Slovenia,Monthly Pass (Regular Price),39.91,-3.8
Slovenia,Taxi Start (Normal Tariff),2.16,-3.8
Slovenia,Taxi 1km (Normal Tariff),1.19,-3.8
Slovenia,Taxi 1hour Waiting (Normal Tariff),21.58,-3.8
Slovenia,Gasoline (1 liter),1.56,-3.8
Slovenia,Volkswagen Golf 1.4 90 KW Trendline (Or Equivalent New Car),28048.1,-3.8
Slovenia,Toyota Corolla Sedan 1.6l 97kW Comfort (Or Equivalent New Car),28102.04,-3.8
Slovenia,"Basic (Electricity, Heating, Cooling, Water, Garbage) for 85m2 Apartment",269.18,-3.8
Slovenia,Mobile Phone Monthly Plan with Calls and 10GB+ Data,12.75,-3.8
Slovenia,"Internet (60 Mbps or More, Unlimited Data, Cable/ADSL)",35.07,-3.8
Slovenia,"Fitness Club, Monthly Fee for 1 Adult",46.66,-3.8
Slovenia,Tennis Court Rent (1 Hour on Weekend),18.2,-3.8
Slovenia,"Cinema, International Release, 1 Seat",8.63,-3.8
Slovenia,"Preschool (or Kindergarten), Full Day, Private, Monthly for 1 Child",466.46,-3.8
Slovenia,"International Primary School, Yearly for 1 Child",9428.48,-3.8
Slovenia,1 Pair of Jeans (Levis 501 Or Similar),97.52,-3.8
Slovenia,"1 Summer Dress in a Chain Store (Zara, H&M, ...)",41.92,-3.8
Slovenia,1 Pair of Nike Running Shoes (Mid-Range),105.65,-3.8
Slovenia,1 Pair of Men Leather Business Shoes,127.3,-3.8
Slovenia,Apartment (1 bedroom) in City Centre,788.09,-3.8
Slovenia,Apartment (1 bedroom) Outside of Centre,650.56,-3.8
Slovenia,Apartment (3 bedrooms) in City Centre,1491.51,-3.8
Slovenia,Apartment (3 bedrooms) Outside of Centre,1143.25,-3.8
Slovenia,Price per Square Meter to Buy Apartment in City Centre,4696.98,-3.8
Slovenia,Price per Square Meter to Buy Apartment Outside of Centre,3646.41,-3.8
Slovenia,Average Monthly Net Salary (After Tax),1618.72,-3.8
Slovenia,"Mortgage Interest Rate in Percentages (%), Yearly, for 20 Years Fixed-Rate",3.87,-3.8
Solomon Islands,"Meal, Inexpensive Restaurant",4.49,-28.4
Solomon Islands,"Meal for 2 People, Mid-range Restaurant, Three-course",53.89,-28.4
Solomon Islands,McMeal at McDonalds (or Equivalent Combo Meal),14.67,-28.4
Solomon Islands,Domestic Beer (0.5 liter draught),2.39,-28.4
Solomon Islands,Imported Beer (0.33 liter bottle),2.39,-28.4
Solomon Islands,Cappuccino (regular),3.74,-28.4
Solomon Islands,Coke/Pepsi (0.33 liter bottle),1.35,-28.4
Solomon Islands,Water (0.33 liter bottle),1.2,-28.4
Solomon Islands,"Milk (regular), (1 liter)",2.53,-28.4
Solomon Islands,Loaf of Fresh White Bread (500g),1.36,-28.4
Solomon Islands,"Rice (white), (1kg)",1.38,-28.4
Solomon Islands,Eggs (regular) (12),5.24,-28.4
Solomon Islands,Local Cheese (1kg),9.74,-28.4
Solomon Islands,Chicken Fillets (1kg),9.58,-28.4
Solomon Islands,Beef Round (1kg) (or Equivalent Back Leg Red Meat),18.76,-28.4
Solomon Islands,Apples (1kg),7.02,-28.4
Solomon Islands,Banana (1kg),3.79,-28.4
Solomon Islands,Oranges (1kg),8.83,-28.4
Solomon Islands,Tomato (1kg),3.32,-28.4
Solomon Islands,Potato (1kg),2.51,-28.4
Solomon Islands,Onion (1kg),3.35,-28.4
Solomon Islands,Lettuce (1 head),1.65,-28.4
Solomon Islands,Water (1.5 liter bottle),1.16,-28.4
Solomon Islands,Bottle of Wine (Mid-Range),8.38,-28.4
Solomon Islands,Domestic Beer (0.5 liter bottle),1.93,-28.4
Solomon Islands,Imported Beer (0.33 liter bottle),3.39,-28.4
Solomon Islands,Cigarettes 20 Pack (Marlboro),3.95,-28.4
Solomon Islands,One-way Ticket (Local Transport),0.36,-28.4
Solomon Islands,Monthly Pass (Regular Price),29.94,-28.4
Solomon Islands,Taxi Start (Normal Tariff),1.2,-28.4
Solomon Islands,Taxi 1km (Normal Tariff),1.2,-28.4
Solomon Islands,Taxi 1hour Waiting (Normal Tariff),11.97,-28.4
Solomon Islands,Gasoline (1 liter),1.41,-28.4
Solomon Islands,Volkswagen Golf 1.4 90 KW Trendline (Or Equivalent New Car),20057.33,-28.4
Solomon Islands,Toyota Corolla Sedan 1.6l 97kW Comfort (Or Equivalent New Car),20955.42,-28.4
Solomon Islands,"Basic (Electricity, Heating, Cooling, Water, Garbage) for 85m2 Apartment",718.47,-28.4
Solomon Islands,Mobile Phone Monthly Plan with Calls and 10GB+ Data,14.77,-28.4
Solomon Islands,"Internet (60 Mbps or More, Unlimited Data, Cable/ADSL)",119.75,-28.4
Solomon Islands,"Fitness Club, Monthly Fee for 1 Adult",17.96,-28.4
Solomon Islands,Tennis Court Rent (1 Hour on Weekend),5.99,-28.4
Solomon Islands,"Cinema, International Release, 1 Seat",4.19,-28.4
Solomon Islands,"Preschool (or Kindergarten), Full Day, Private, Monthly for 1 Child",119.75,-28.4
Solomon Islands,"International Primary School, Yearly for 1 Child",2235.25,-28.4
Solomon Islands,1 Pair of Jeans (Levis 501 Or Similar),24.55,-28.4
Solomon Islands,"1 Summer Dress in a Chain Store (Zara, H&M, ...)",89.81,-28.4
Solomon Islands,1 Pair of Nike Running Shoes (Mid-Range),95.8,-28.4
Solomon Islands,1 Pair of Men Leather Business Shoes,88.61,-28.4
Solomon Islands,Apartment (1 bedroom) in City Centre,523.06,-28.4
Solomon Islands,Apartment (1 bedroom) Outside of Centre,471.5,-28.4
Solomon Islands,Apartment (3 bedrooms) in City Centre,1127.6,-28.4
Solomon Islands,Apartment (3 bedrooms) Outside of Centre,910.06,-28.4
Solomon Islands,Price per Square Meter to Buy Apartment in City Centre,83821.69,-28.4
Solomon Islands,Price per Square Meter to Buy Apartment Outside of Centre,59872.58,-28.4
Solomon Islands,Average Monthly Net Salary (After Tax),357.74,-28.4
Solomon Islands,"Mortgage Interest Rate in Percentages (%), Yearly, for 20 Years Fixed-Rate",16.33,-28.4
Somalia,"Meal, Inexpensive Restaurant",2.7,-82.5
Somalia,"Meal for 2 People, Mid-range Restaurant, Three-course",15.0,-82.5
Somalia,McMeal at McDonalds (or Equivalent Combo Meal),5.0,-82.5
Somalia,Domestic Beer (0.5 liter draught),10.0,-82.5
Somalia,Imported Beer (0.33 liter bottle),12.5,-82.5
Somalia,Cappuccino (regular),1.25,-82.5
Somalia,Coke/Pepsi (0.33 liter bottle),0.75,-82.5
Somalia,Water (0.33 liter bottle),0.37,-82.5
Somalia,"Milk (regular), (1 liter)",1.49,-82.5
Somalia,Loaf of Fresh White Bread (500g),0.94,-82.5
Somalia,"Rice (white), (1kg)",1.15,-82.5
Somalia,Eggs (regular) (12),2.28,-82.5
Somalia,Local Cheese (1kg),4.71,-82.5
Somalia,Chicken Fillets (1kg),4.5,-82.5
Somalia,Beef Round (1kg) (or Equivalent Back Leg Red Meat),5.58,-82.5
Somalia,Apples (1kg),3.23,-82.5
Somalia,Banana (1kg),1.31,-82.5
Somalia,Oranges (1kg),2.35,-82.5
Somalia,Tomato (1kg),1.12,-82.5
Somalia,Potato (1kg),1.08,-82.5
Somalia,Onion (1kg),1.13,-82.5
Somalia,Lettuce (1 head),0.72,-82.5
Somalia,Water (1.5 liter bottle),0.76,-82.5
Somalia,Bottle of Wine (Mid-Range),14.0,-82.5
Somalia,Domestic Beer (0.5 liter bottle),2.0,-82.5
Somalia,Imported Beer (0.33 liter bottle),0.65,-82.5
Somalia,Cigarettes 20 Pack (Marlboro),1.2,-82.5
Somalia,One-way Ticket (Local Transport),0.3,-82.5
Somalia,Monthly Pass (Regular Price),25.0,-82.5
Somalia,Taxi Start (Normal Tariff),1.5,-82.5
Somalia,Taxi 1km (Normal Tariff),0.6,-82.5
Somalia,Taxi 1hour Waiting (Normal Tariff),5.0,-82.5
Somalia,Gasoline (1 liter),1.08,-82.5
Somalia,Volkswagen Golf 1.4 90 KW Trendline (Or Equivalent New Car),5750.0,-82.5
Somalia,Toyota Corolla Sedan 1.6l 97kW Comfort (Or Equivalent New Car),7125.0,-82.5
Somalia,"Basic (Electricity, Heating, Cooling, Water, Garbage) for 85m2 Apartment",108.57,-82.5
Somalia,Mobile Phone Monthly Plan with Calls and 10GB+ Data,6.33,-82.5
Somalia,"Internet (60 Mbps or More, Unlimited Data, Cable/ADSL)",31.43,-82.5
Somalia,"Fitness Club, Monthly Fee for 1 Adult",26.88,-82.5
Somalia,Tennis Court Rent (1 Hour on Weekend),9.25,-82.5
Somalia,"Cinema, International Release, 1 Seat",5.0,-82.5
Somalia,"Preschool (or Kindergarten), Full Day, Private, Monthly for 1 Child",45.71,-82.5
Somalia,"International Primary School, Yearly for 1 Child",648.0,-82.5
Somalia,1 Pair of Jeans (Levis 501 Or Similar),17.14,-82.5
Somalia,"1 Summer Dress in a Chain Store (Zara, H&M, ...)",21.33,-82.5
Somalia,1 Pair of Nike Running Shoes (Mid-Range),21.33,-82.5
Somalia,1 Pair of Men Leather Business Shoes,35.89,-82.5
Somalia,Apartment (1 bedroom) in City Centre,134.5,-82.5
Somalia,Apartment (1 bedroom) Outside of Centre,73.91,-82.5
Somalia,Apartment (3 bedrooms) in City Centre,355.03,-82.5
Somalia,Apartment (3 bedrooms) Outside of Centre,179.23,-82.5
Somalia,Price per Square Meter to Buy Apartment in City Centre,24697.68,-82.5
Somalia,Price per Square Meter to Buy Apartment Outside of Centre,27397.06,-82.5
Somalia,Average Monthly Net Salary (After Tax),361.67,-82.5
Somalia,"Mortgage Interest Rate in Percentages (%), Yearly, for 20 Years Fixed-Rate",8.99,-82.5
South Africa,"Meal, Inexpensive Restaurant",8.47,-42.4
South Africa,"Meal for 2 People, Mid-range Restaurant, Three-course",39.52,-42.4
South Africa,McMeal at McDonalds (or Equivalent Combo Meal),4.8,-42.4
South Africa,Domestic Beer (0.5 liter draught),2.26,-42.4
South Africa,Imported Beer (0.33 liter bottle),2.54,-42.4
South Africa,Cappuccino (regular),1.96,-42.4
South Africa,Coke/Pepsi (0.33 liter bottle),0.98,-42.4
South Africa,Water (0.33 liter bottle),0.76,-42.4
South Africa,"Milk (regular), (1 liter)",1.08,-42.4
South Africa,Loaf of Fresh White Bread (500g),0.99,-42.4
South Africa,"Rice (white), (1kg)",1.56,-42.4
South Africa,Eggs (regular) (12),2.3,-42.4
South Africa,Local Cheese (1kg),7.48,-42.4
South Africa,Chicken Fillets (1kg),4.58,-42.4
South Africa,Beef Round (1kg) (or Equivalent Back Leg Red Meat),6.65,-42.4
South Africa,Apples (1kg),1.5,-42.4
South Africa,Banana (1kg),1.43,-42.4
South Africa,Oranges (1kg),1.41,-42.4
South Africa,Tomato (1kg),1.51,-42.4
South Africa,Potato (1kg),1.23,-42.4
South Africa,Onion (1kg),1.36,-42.4
South Africa,Lettuce (1 head),1.05,-42.4
South Africa,Water (1.5 liter bottle),0.94,-42.4
South Africa,Bottle of Wine (Mid-Range),4.52,-42.4
South Africa,Domestic Beer (0.5 liter bottle),1.33,-42.4
South Africa,Imported Beer (0.33 liter bottle),1.68,-42.4
South Africa,Cigarettes 20 Pack (Marlboro),2.94,-42.4
South Africa,One-way Ticket (Local Transport),1.69,-42.4
South Africa,Monthly Pass (Regular Price),46.57,-42.4
South Africa,Taxi Start (Normal Tariff),1.13,-42.4
South Africa,Taxi 1km (Normal Tariff),1.13,-42.4
South Africa,Taxi 1hour Waiting (Normal Tariff),4.94,-42.4
South Africa,Gasoline (1 liter),1.32,-42.4
South Africa,Volkswagen Golf 1.4 90 KW Trendline (Or Equivalent New Car),20323.26,-42.4
South Africa,Toyota Corolla Sedan 1.6l 97kW Comfort (Or Equivalent New Car),23545.45,-42.4
South Africa,"Basic (Electricity, Heating, Cooling, Water, Garbage) for 85m2 Apartment",104.73,-42.4
South Africa,Mobile Phone Monthly Plan with Calls and 10GB+ Data,33.04,-42.4
South Africa,"Internet (60 Mbps or More, Unlimited Data, Cable/ADSL)",42.23,-42.4
South Africa,"Fitness Club, Monthly Fee for 1 Adult",32.41,-42.4
South Africa,Tennis Court Rent (1 Hour on Weekend),9.84,-42.4
South Africa,"Cinema, International Release, 1 Seat",6.77,-42.4
South Africa,"Preschool (or Kindergarten), Full Day, Private, Monthly for 1 Child",195.72,-42.4
South Africa,"International Primary School, Yearly for 1 Child",4648.23,-42.4
South Africa,1 Pair of Jeans (Levis 501 Or Similar),48.54,-42.4
South Africa,"1 Summer Dress in a Chain Store (Zara, H&M, ...)",31.41,-42.4
South Africa,1 Pair of Nike Running Shoes (Mid-Range),90.52,-42.4
South Africa,1 Pair of Men Leather Business Shoes,78.19,-42.4
South Africa,Apartment (1 bedroom) in City Centre,458.96,-42.4
South Africa,Apartment (1 bedroom) Outside of Centre,366.45,-42.4
South Africa,Apartment (3 bedrooms) in City Centre,906.96,-42.4
South Africa,Apartment (3 bedrooms) Outside of Centre,706.39,-42.4
South Africa,Price per Square Meter to Buy Apartment in City Centre,1031.83,-42.4
South Africa,Price per Square Meter to Buy Apartment Outside of Centre,784.87,-42.4
South Africa,Average Monthly Net Salary (After Tax),1414.65,-42.4
South Africa,"Mortgage Interest Rate in Percentages (%), Yearly, for 20 Years Fixed-Rate",11.55,-42.4
South Korea,"Meal, Inexpensive Restaurant",7.22,-20.7
South Korea,"Meal for 2 People, Mid-range Restaurant, Three-course",36.1,-20.7
South Korea,McMeal at McDonalds (or Equivalent Combo Meal),5.78,-20.7
South Korea,Domestic Beer (0.5 liter draught),3.61,-20.7
South Korea,Imported Beer (0.33 liter bottle),4.33,-20.7
South Korea,Cappuccino (regular),3.6,-20.7
South Korea,Coke/Pepsi (0.33 liter bottle),1.49,-20.7
South Korea,Water (0.33 liter bottle),0.78,-20.7
South Korea,"Milk (regular), (1 liter)",2.11,-20.7
South Korea,Loaf of Fresh White Bread (500g),2.99,-20.7
South Korea,"Rice (white), (1kg)",2.97,-20.7
South Korea,Eggs (regular) (12),3.05,-20.7
South Korea,Local Cheese (1kg),12.41,-20.7
South Korea,Chicken Fillets (1kg),9.05,-20.7
South Korea,Beef Round (1kg) (or Equivalent Back Leg Red Meat),30.74,-20.7
South Korea,Apples (1kg),7.26,-20.7
South Korea,Banana (1kg),3.42,-20.7
South Korea,Oranges (1kg),5.74,-20.7
South Korea,Tomato (1kg),5.4,-20.7
South Korea,Potato (1kg),3.76,-20.7
South Korea,Onion (1kg),2.93,-20.7
South Korea,Lettuce (1 head),2.4,-20.7
South Korea,Water (1.5 liter bottle),1.13,-20.7
South Korea,Bottle of Wine (Mid-Range),18.05,-20.7
South Korea,Domestic Beer (0.5 liter bottle),2.16,-20.7
South Korea,Imported Beer (0.33 liter bottle),2.68,-20.7
South Korea,Cigarettes 20 Pack (Marlboro),3.25,-20.7
South Korea,One-way Ticket (Local Transport),1.06,-20.7
South Korea,Monthly Pass (Regular Price),44.76,-20.7
South Korea,Taxi Start (Normal Tariff),3.25,-20.7
South Korea,Taxi 1km (Normal Tariff),0.58,-20.7
South Korea,Taxi 1hour Waiting (Normal Tariff),8.66,-20.7
South Korea,Gasoline (1 liter),1.2,-20.7
South Korea,Volkswagen Golf 1.4 90 KW Trendline (Or Equivalent New Car),27241.6,-20.7
South Korea,Toyota Corolla Sedan 1.6l 97kW Comfort (Or Equivalent New Car),23008.16,-20.7
South Korea,"Basic (Electricity, Heating, Cooling, Water, Garbage) for 85m2 Apartment",163.07,-20.7
South Korea,Mobile Phone Monthly Plan with Calls and 10GB+ Data,42.33,-20.7
South Korea,"Internet (60 Mbps or More, Unlimited Data, Cable/ADSL)",21.53,-20.7
South Korea,"Fitness Club, Monthly Fee for 1 Adult",49.26,-20.7
South Korea,Tennis Court Rent (1 Hour on Weekend),20.51,-20.7
South Korea,"Cinema, International Release, 1 Seat",10.83,-20.7
South Korea,"Preschool (or Kindergarten), Full Day, Private, Monthly for 1 Child",353.84,-20.7
South Korea,"International Primary School, Yearly for 1 Child",21296.46,-20.7
South Korea,1 Pair of Jeans (Levis 501 Or Similar),57.0,-20.7
South Korea,"1 Summer Dress in a Chain Store (Zara, H&M, ...)",45.51,-20.7
South Korea,1 Pair of Nike Running Shoes (Mid-Range),81.8,-20.7
South Korea,1 Pair of Men Leather Business Shoes,110.82,-20.7
South Korea,Apartment (1 bedroom) in City Centre,544.42,-20.7
South Korea,Apartment (1 bedroom) Outside of Centre,351.67,-20.7
South Korea,Apartment (3 bedrooms) in City Centre,1530.22,-20.7
South Korea,Apartment (3 bedrooms) Outside of Centre,930.37,-20.7
South Korea,Price per Square Meter to Buy Apartment in City Centre,11271.24,-20.7
South Korea,Price per Square Meter to Buy Apartment Outside of Centre,7725.51,-20.7
South Korea,Average Monthly Net Salary (After Tax),2272.56,-20.7
South Korea,"Mortgage Interest Rate in Percentages (%), Yearly, for 20 Years Fixed-Rate",4.74,-20.7
South Sudan,"Meal, Inexpensive Restaurant",5.0,
South Sudan,"Meal for 2 People, Mid-range Restaurant, Three-course",47.5,
South Sudan,McMeal at McDonalds (or Equivalent Combo Meal),7.0,
South Sudan,Domestic Beer (0.5 liter draught),,
South Sudan,Imported Beer (0.33 liter bottle),,
South Sudan,Cappuccino (regular),,
South Sudan,Coke/Pepsi (0.33 liter bottle),1.0,
South Sudan,Water (0.33 liter bottle),,
South Sudan,"Milk (regular), (1 liter)",,
South Sudan,Loaf of Fresh White Bread (500g),,
South Sudan,"Rice (white), (1kg)",,
South Sudan,Eggs (regular) (12),2.1,
South Sudan,Local Cheese (1kg),7.33,
South Sudan,Chicken Fillets (1kg),5.33,
South Sudan,Beef Round (1kg) (or Equivalent Back Leg Red Meat),11.89,
South Sudan,Apples (1kg),,
South Sudan,Banana (1kg),,
South Sudan,Oranges (1kg),,
South Sudan,Tomato (1kg),,
South Sudan,Potato (1kg),,
South Sudan,Onion (1kg),,
South Sudan,Lettuce (1 head),,
South Sudan,Water (1.5 liter bottle),0.5,
South Sudan,Bottle of Wine (Mid-Range),,
South Sudan,Domestic Beer (0.5 liter bottle),,
South Sudan,Imported Beer (0.33 liter bottle),,
South Sudan,Cigarettes 20 Pack (Marlboro),,
South Sudan,One-way Ticket (Local Transport),,
South Sudan,Monthly Pass (Regular Price),,
South Sudan,Taxi Start (Normal Tariff),7.0,
South Sudan,Taxi 1km (Normal Tariff),,
South Sudan,Taxi 1hour Waiting (Normal Tariff),,
South Sudan,Gasoline (1 liter),1.5,
South Sudan,Volkswagen Golf 1.4 90 KW Trendline (Or Equivalent New Car),,
South Sudan,Toyota Corolla Sedan 1.6l 97kW Comfort (Or Equivalent New Car),,
South Sudan,"Basic (Electricity, Heating, Cooling, Water, Garbage) for 85m2 Apartment",,
South Sudan,Mobile Phone Monthly Plan with Calls and 10GB+ Data,,
South Sudan,"Internet (60 Mbps or More, Unlimited Data, Cable/ADSL)",100.0,
South Sudan,"Fitness Club, Monthly Fee for 1 Adult",350.0,
South Sudan,Tennis Court Rent (1 Hour on Weekend),,
South Sudan,"Cinema, International Release, 1 Seat",,
South Sudan,"Preschool (or Kindergarten), Full Day, Private, Monthly for 1 Child",833.33,
South Sudan,"International Primary School, Yearly for 1 Child",,
South Sudan,1 Pair of Jeans (Levis 501 Or Similar),25.0,
South Sudan,"1 Summer Dress in a Chain Store (Zara, H&M, ...)",15.0,
South Sudan,1 Pair of Nike Running Shoes (Mid-Range),,
South Sudan,1 Pair of Men Leather Business Shoes,15.0,
South Sudan,Apartment (1 bedroom) in City Centre,3500.0,
South Sudan,Apartment (1 bedroom) Outside of Centre,2700.0,
South Sudan,Apartment (3 bedrooms) in City Centre,12101.0,
South Sudan,Apartment (3 bedrooms) Outside of Centre,1300.0,
South Sudan,Price per Square Meter to Buy Apartment in City Centre,1080.0,
South Sudan,Price per Square Meter to Buy Apartment Outside of Centre,600.0,
South Sudan,Average Monthly Net Salary (After Tax),2023.33,
South Sudan,"Mortgage Interest Rate in Percentages (%), Yearly, for 20 Years Fixed-Rate",8.85,
Spain,"Meal, Inexpensive Restaurant",14.02,9.9
Spain,"Meal for 2 People, Mid-range Restaurant, Three-course",53.94,9.9
Spain,McMeal at McDonalds (or Equivalent Combo Meal),9.71,9.9
Spain,Domestic Beer (0.5 liter draught),3.24,9.9
Spain,Imported Beer (0.33 liter bottle),3.24,9.9
Spain,Cappuccino (regular),2.07,9.9
Spain,Coke/Pepsi (0.33 liter bottle),2.23,9.9
Spain,Water (0.33 liter bottle),1.67,9.9
Spain,"Milk (regular), (1 liter)",1.12,9.9
Spain,Loaf of Fresh White Bread (500g),1.39,9.9
Spain,"Rice (white), (1kg)",1.49,9.9
Spain,Eggs (regular) (12),2.74,9.9
Spain,Local Cheese (1kg),13.06,9.9
Spain,Chicken Fillets (1kg),7.76,9.9
Spain,Beef Round (1kg) (or Equivalent Back Leg Red Meat),14.58,9.9
Spain,Apples (1kg),2.19,9.9
Spain,Banana (1kg),1.85,9.9
Spain,Oranges (1kg),1.91,9.9
Spain,Tomato (1kg),2.38,9.9
Spain,Potato (1kg),1.65,9.9
Spain,Onion (1kg),1.74,9.9
Spain,Lettuce (1 head),1.18,9.9
Spain,Water (1.5 liter bottle),0.72,9.9
Spain,Bottle of Wine (Mid-Range),5.39,9.9
Spain,Domestic Beer (0.5 liter bottle),1.17,9.9
Spain,Imported Beer (0.33 liter bottle),1.87,9.9
Spain,Cigarettes 20 Pack (Marlboro),5.83,9.9
Spain,One-way Ticket (Local Transport),1.62,9.9
Spain,Monthly Pass (Regular Price),32.36,9.9
Spain,Taxi Start (Normal Tariff),3.78,9.9
Spain,Taxi 1km (Normal Tariff),1.32,9.9
Spain,Taxi 1hour Waiting (Normal Tariff),23.73,9.9
Spain,Gasoline (1 liter),1.72,9.9
Spain,Volkswagen Golf 1.4 90 KW Trendline (Or Equivalent New Car),35993.26,9.9
Spain,Toyota Corolla Sedan 1.6l 97kW Comfort (Or Equivalent New Car),28423.68,9.9
Spain,"Basic (Electricity, Heating, Cooling, Water, Garbage) for 85m2 Apartment",144.87,9.9
Spain,Mobile Phone Monthly Plan with Calls and 10GB+ Data,19.13,9.9
Spain,"Internet (60 Mbps or More, Unlimited Data, Cable/ADSL)",33.54,9.9
Spain,"Fitness Club, Monthly Fee for 1 Adult",42.51,9.9
Spain,Tennis Court Rent (1 Hour on Weekend),14.14,9.9
Spain,"Cinema, International Release, 1 Seat",8.63,9.9
Spain,"Preschool (or Kindergarten), Full Day, Private, Monthly for 1 Child",461.99,9.9
Spain,"International Primary School, Yearly for 1 Child",8817.73,9.9
Spain,1 Pair of Jeans (Levis 501 Or Similar),80.38,9.9
Spain,"1 Summer Dress in a Chain Store (Zara, H&M, ...)",33.21,9.9
Spain,1 Pair of Nike Running Shoes (Mid-Range),84.37,9.9
Spain,1 Pair of Men Leather Business Shoes,97.64,9.9
Spain,Apartment (1 bedroom) in City Centre,1046.33,9.9
Spain,Apartment (1 bedroom) Outside of Centre,785.77,9.9
Spain,Apartment (3 bedrooms) in City Centre,1660.26,9.9
Spain,Apartment (3 bedrooms) Outside of Centre,1161.01,9.9
Spain,Price per Square Meter to Buy Apartment in City Centre,3953.56,9.9
Spain,Price per Square Meter to Buy Apartment Outside of Centre,2345.91,9.9
Spain,Average Monthly Net Salary (After Tax),1877.48,9.9
Spain,"Mortgage Interest Rate in Percentages (%), Yearly, for 20 Years Fixed-Rate",3.55,9.9
Sri Lanka,"Meal, Inexpensive Restaurant",3.06,-68.7
Sri Lanka,"Meal for 2 People, Mid-range Restaurant, Three-course",23.79,-68.7
Sri Lanka,McMeal at McDonalds (or Equivalent Combo Meal),6.8,-68.7
Sri Lanka,Domestic Beer (0.5 liter draught),2.21,-68.7
Sri Lanka,Imported Beer (0.33 liter bottle),3.06,-68.7
Sri Lanka,Cappuccino (regular),2.49,-68.7
Sri Lanka,Coke/Pepsi (0.33 liter bottle),0.73,-68.7
Sri Lanka,Water (0.33 liter bottle),0.38,-68.7
Sri Lanka,"Milk (regular), (1 liter)",1.68,-68.7
Sri Lanka,Loaf of Fresh White Bread (500g),0.62,-68.7
Sri Lanka,"Rice (white), (1kg)",0.8,-68.7
Sri Lanka,Eggs (regular) (12),2.23,-68.7
Sri Lanka,Local Cheese (1kg),12.25,-68.7
Sri Lanka,Chicken Fillets (1kg),5.25,-68.7
Sri Lanka,Beef Round (1kg) (or Equivalent Back Leg Red Meat),8.05,-68.7
Sri Lanka,Apples (1kg),6.76,-68.7
Sri Lanka,Banana (1kg),1.06,-68.7
Sri Lanka,Oranges (1kg),5.81,-68.7
Sri Lanka,Tomato (1kg),1.32,-68.7
Sri Lanka,Potato (1kg),1.11,-68.7
Sri Lanka,Onion (1kg),1.03,-68.7
Sri Lanka,Lettuce (1 head),1.18,-68.7
Sri Lanka,Water (1.5 liter bottle),0.56,-68.7
Sri Lanka,Bottle of Wine (Mid-Range),13.59,-68.7
Sri Lanka,Domestic Beer (0.5 liter bottle),1.93,-68.7
Sri Lanka,Imported Beer (0.33 liter bottle),2.73,-68.7
Sri Lanka,Cigarettes 20 Pack (Marlboro),9.18,-68.7
Sri Lanka,One-way Ticket (Local Transport),0.23,-68.7
Sri Lanka,Monthly Pass (Regular Price),6.8,-68.7
Sri Lanka,Taxi Start (Normal Tariff),0.41,-68.7
Sri Lanka,Taxi 1km (Normal Tariff),0.34,-68.7
Sri Lanka,Taxi 1hour Waiting (Normal Tariff),0.51,-68.7
Sri Lanka,Gasoline (1 liter),1.33,-68.7
Sri Lanka,Volkswagen Golf 1.4 90 KW Trendline (Or Equivalent New Car),34644.74,-68.7
Sri Lanka,Toyota Corolla Sedan 1.6l 97kW Comfort (Or Equivalent New Car),39222.49,-68.7
Sri Lanka,"Basic (Electricity, Heating, Cooling, Water, Garbage) for 85m2 Apartment",52.45,-68.7
Sri Lanka,Mobile Phone Monthly Plan with Calls and 10GB+ Data,4.86,-68.7
Sri Lanka,"Internet (60 Mbps or More, Unlimited Data, Cable/ADSL)",15.99,-68.7
Sri Lanka,"Fitness Club, Monthly Fee for 1 Adult",13.03,-68.7
Sri Lanka,Tennis Court Rent (1 Hour on Weekend),5.37,-68.7
Sri Lanka,"Cinema, International Release, 1 Seat",3.4,-68.7
Sri Lanka,"Preschool (or Kindergarten), Full Day, Private, Monthly for 1 Child",28.88,-68.7
Sri Lanka,"International Primary School, Yearly for 1 Child",493.99,-68.7
Sri Lanka,1 Pair of Jeans (Levis 501 Or Similar),29.27,-68.7
Sri Lanka,"1 Summer Dress in a Chain Store (Zara, H&M, ...)",19.46,-68.7
Sri Lanka,1 Pair of Nike Running Shoes (Mid-Range),65.22,-68.7
Sri Lanka,1 Pair of Men Leather Business Shoes,36.37,-68.7
Sri Lanka,Apartment (1 bedroom) in City Centre,210.31,-68.7
Sri Lanka,Apartment (1 bedroom) Outside of Centre,136.54,-68.7
Sri Lanka,Apartment (3 bedrooms) in City Centre,694.29,-68.7
Sri Lanka,Apartment (3 bedrooms) Outside of Centre,285.15,-68.7
Sri Lanka,Price per Square Meter to Buy Apartment in City Centre,1953.68,-68.7
Sri Lanka,Price per Square Meter to Buy Apartment Outside of Centre,1326.01,-68.7
Sri Lanka,Average Monthly Net Salary (After Tax),205.29,-68.7
Sri Lanka,"Mortgage Interest Rate in Percentages (%), Yearly, for 20 Years Fixed-Rate",17.43,-68.7
Sudan,"Meal, Inexpensive Restaurant",6.25,
Sudan,"Meal for 2 People, Mid-range Restaurant, Three-course",33.22,
Sudan,McMeal at McDonalds (or Equivalent Combo Meal),7.5,
Sudan,Domestic Non-Alcoholic Beer (0.5 liter draught),2.0,
Sudan,Imported Non-Alcoholic Beer (0.33 liter bottle),3.4,
Sudan,Cappuccino (regular),2.38,
Sudan,Coke/Pepsi (0.33 liter bottle),0.61,
Sudan,Water (0.33 liter bottle),0.41,
Sudan,"Milk (regular), (1 liter)",1.62,
Sudan,Loaf of Fresh White Bread (500g),1.14,
Sudan,"Rice (white), (1kg)",2.1,
Sudan,Eggs (regular) (12),2.85,
Sudan,Local Cheese (1kg),12.1,
Sudan,Chicken Fillets (1kg),6.2,
Sudan,Beef Round (1kg) (or Equivalent Back Leg Red Meat),6.81,
Sudan,Apples (1kg),4.45,
Sudan,Banana (1kg),1.12,
Sudan,Oranges (1kg),1.98,
Sudan,Tomato (1kg),1.76,
Sudan,Potato (1kg),1.32,
Sudan,Onion (1kg),0.94,
Sudan,Lettuce (1 head),1.0,
Sudan,Water (1.5 liter bottle),0.63,
Sudan,Bottle of Non-Alcoholic Wine (Mid-Range),,
Sudan,Domestic Non-Alcoholic Beer (0.5 liter bottle),1.0,
Sudan,Imported Non-Alcoholic Beer (0.33 liter bottle),4.0,
Sudan,Cigarettes 20 Pack (Marlboro),1.8,
Sudan,One-way Ticket (Local Transport),0.7,
Sudan,Monthly Pass (Regular Price),25.0,
Sudan,Taxi Start (Normal Tariff),2.74,
Sudan,Taxi 1km (Normal Tariff),1.0,
Sudan,Taxi 1hour Waiting (Normal Tariff),10.0,
Sudan,Gasoline (1 liter),1.38,
Sudan,Volkswagen Golf 1.4 90 KW Trendline (Or Equivalent New Car),,
Sudan,Toyota Corolla Sedan 1.6l 97kW Comfort (Or Equivalent New Car),17833.88,
Sudan,"Basic (Electricity, Heating, Cooling, Water, Garbage) for 85m2 Apartment",51.59,
Sudan,Mobile Phone Monthly Plan with Calls and 10GB+ Data,9.59,
Sudan,"Internet (60 Mbps or More, Unlimited Data, Cable/ADSL)",70.15,
Sudan,"Fitness Club, Monthly Fee for 1 Adult",33.33,
Sudan,Tennis Court Rent (1 Hour on Weekend),0.0,
Sudan,"Cinema, International Release, 1 Seat",4.0,
Sudan,"Preschool (or Kindergarten), Full Day, Private, Monthly for 1 Child",63.07,
Sudan,"International Primary School, Yearly for 1 Child",2057.46,
Sudan,1 Pair of Jeans (Levis 501 Or Similar),18.17,
Sudan,"1 Summer Dress in a Chain Store (Zara, H&M, ...)",20.0,
Sudan,1 Pair of Nike Running Shoes (Mid-Range),55.0,
Sudan,1 Pair of Men Leather Business Shoes,40.0,
Sudan,Apartment (1 bedroom) in City Centre,675.25,
Sudan,Apartment (1 bedroom) Outside of Centre,318.45,
Sudan,Apartment (3 bedrooms) in City Centre,1323.96,
Sudan,Apartment (3 bedrooms) Outside of Centre,539.68,
Sudan,Price per Square Meter to Buy Apartment in City Centre,1140.43,
Sudan,Price per Square Meter to Buy Apartment Outside of Centre,805.56,
Sudan,Average Monthly Net Salary (After Tax),197.42,
Sudan,"Mortgage Interest Rate in Percentages (%), Yearly, for 20 Years Fixed-Rate",21.33,
Suriname,"Meal, Inexpensive Restaurant",6.94,-42.2
Suriname,"Meal for 2 People, Mid-range Restaurant, Three-course",57.59,-42.2
Suriname,McMeal at McDonalds (or Equivalent Combo Meal),9.16,-42.2
Suriname,Domestic Beer (0.5 liter draught),2.0,-42.2
Suriname,Imported Beer (0.33 liter bottle),3.0,-42.2
Suriname,Cappuccino (regular),2.25,-42.2
Suriname,Coke/Pepsi (0.33 liter bottle),1.2,-42.2
Suriname,Water (0.33 liter bottle),0.56,-42.2
Suriname,"Milk (regular), (1 liter)",1.42,-42.2
Suriname,Loaf of Fresh White Bread (500g),1.19,-42.2
Suriname,"Rice (white), (1kg)",1.36,-42.2
Suriname,Eggs (regular) (12),3.2,-42.2
Suriname,Local Cheese (1kg),12.47,-42.2
Suriname,Chicken Fillets (1kg),4.97,-42.2
Suriname,Beef Round (1kg) (or Equivalent Back Leg Red Meat),9.49,-42.2
Suriname,Apples (1kg),4.5,-42.2
Suriname,Banana (1kg),1.75,-42.2
Suriname,Oranges (1kg),2.6,-42.2
Suriname,Tomato (1kg),4.11,-42.2
Suriname,Potato (1kg),1.33,-42.2
Suriname,Onion (1kg),1.54,-42.2
Suriname,Lettuce (1 head),2.02,-42.2
Suriname,Water (1.5 liter bottle),1.42,-42.2
Suriname,Bottle of Wine (Mid-Range),10.0,-42.2
Suriname,Domestic Beer (0.5 liter bottle),2.04,-42.2
Suriname,Imported Beer (0.33 liter bottle),2.89,-42.2
Suriname,Cigarettes 20 Pack (Marlboro),6.04,-42.2
Suriname,One-way Ticket (Local Transport),0.47,-42.2
Suriname,Monthly Pass (Regular Price),90.0,-42.2
Suriname,Taxi Start (Normal Tariff),3.0,-42.2
Suriname,Taxi 1km (Normal Tariff),2.5,-42.2
Suriname,Taxi 1hour Waiting (Normal Tariff),10.0,-42.2
Suriname,Gasoline (1 liter),1.06,-42.2
Suriname,Volkswagen Golf 1.4 90 KW Trendline (Or Equivalent New Car),25000.0,-42.2
Suriname,Toyota Corolla Sedan 1.6l 97kW Comfort (Or Equivalent New Car),25000.0,-42.2
Suriname,"Basic (Electricity, Heating, Cooling, Water, Garbage) for 85m2 Apartment",53.31,-42.2
Suriname,Mobile Phone Monthly Plan with Calls and 10GB+ Data,25.58,-42.2
Suriname,"Internet (60 Mbps or More, Unlimited Data, Cable/ADSL)",31.02,-42.2
Suriname,"Fitness Club, Monthly Fee for 1 Adult",12.63,-42.2
Suriname,Tennis Court Rent (1 Hour on Weekend),20.0,-42.2
Suriname,"Cinema, International Release, 1 Seat",5.0,-42.2
Suriname,"Preschool (or Kindergarten), Full Day, Private, Monthly for 1 Child",63.03,-42.2
Suriname,"International Primary School, Yearly for 1 Child",380.51,-42.2
Suriname,1 Pair of Jeans (Levis 501 Or Similar),36.3,-42.2
Suriname,"1 Summer Dress in a Chain Store (Zara, H&M, ...)",28.44,-42.2
Suriname,1 Pair of Nike Running Shoes (Mid-Range),75.41,-42.2
Suriname,1 Pair of Men Leather Business Shoes,110.56,-42.2
Suriname,Apartment (1 bedroom) in City Centre,516.42,-42.2
Suriname,Apartment (1 bedroom) Outside of Centre,194.83,-42.2
Suriname,Apartment (3 bedrooms) in City Centre,1195.4,-42.2
Suriname,Apartment (3 bedrooms) Outside of Centre,542.4,-42.2
Suriname,Price per Square Meter to Buy Apartment in City Centre,186.67,-42.2
Suriname,Price per Square Meter to Buy Apartment Outside of Centre,175.0,-42.2
Suriname,Average Monthly Net Salary (After Tax),284.67,-42.2
Suriname,"Mortgage Interest Rate in Percentages (%), Yearly, for 20 Years Fixed-Rate",16.67,-42.2
Sweden,"Meal, Inexpensive Restaurant",12.23,
Sweden,"Meal for 2 People, Mid-range Restaurant, Three-course",75.24,
Sweden,McMeal at McDonalds (or Equivalent Combo Meal),9.87,
Sweden,Domestic Beer (0.5 liter draught),7.05,
Sweden,Imported Beer (0.33 liter bottle),6.58,
Sweden,Cappuccino (regular),4.12,
Sweden,Coke/Pepsi (0.33 liter bottle),2.34,
Sweden,Water (0.33 liter bottle),2.04,
Sweden,"Milk (regular), (1 liter)",1.49,
Sweden,Loaf of Fresh White Bread (500g),2.65,
Sweden,"Rice (white), (1kg)",3.4,
Sweden,Eggs (regular) (12),3.87,
Sweden,Local Cheese (1kg),10.76,
Sweden,Chicken Fillets (1kg),11.23,
Sweden,Beef Round (1kg) (or Equivalent Back Leg Red Meat),16.44,
Sweden,Apples (1kg),2.82,
Sweden,Banana (1kg),2.45,
Sweden,Oranges (1kg),2.83,
Sweden,Tomato (1kg),4.06,
Sweden,Potato (1kg),1.54,
Sweden,Onion (1kg),1.63,
Sweden,Lettuce (1 head),2.11,
Sweden,Water (1.5 liter bottle),1.36,
Sweden,Bottle of Wine (Mid-Range),9.4,
Sweden,Domestic Beer (0.5 liter bottle),1.89,
Sweden,Imported Beer (0.33 liter bottle),2.0,
Sweden,Cigarettes 20 Pack (Marlboro),6.58,
Sweden,One-way Ticket (Local Transport),3.39,
Sweden,Monthly Pass (Regular Price),78.53,
Sweden,Taxi Start (Normal Tariff),5.74,
Sweden,Taxi 1km (Normal Tariff),1.88,
Sweden,Taxi 1hour Waiting (Normal Tariff),55.49,
Sweden,Gasoline (1 liter),1.81,
Sweden,Volkswagen Golf 1.4 90 KW Trendline (Or Equivalent New Car),29060.02,
Sweden,Toyota Corolla Sedan 1.6l 97kW Comfort (Or Equivalent New Car),29783.68,
Sweden,"Basic (Electricity, Heating, Cooling, Water, Garbage) for 85m2 Apartment",113.14,
Sweden,Mobile Phone Monthly Plan with Calls and 10GB+ Data,26.72,
Sweden,"Internet (60 Mbps or More, Unlimited Data, Cable/ADSL)",32.04,
Sweden,"Fitness Club, Monthly Fee for 1 Adult",37.46,
Sweden,Tennis Court Rent (1 Hour on Weekend),24.88,
Sweden,"Cinema, International Release, 1 Seat",14.95,
Sweden,"Preschool (or Kindergarten), Full Day, Private, Monthly for 1 Child",135.44,
Sweden,"International Primary School, Yearly for 1 Child",2443.34,
Sweden,1 Pair of Jeans (Levis 501 Or Similar),83.48,
Sweden,"1 Summer Dress in a Chain Store (Zara, H&M, ...)",36.53,
Sweden,1 Pair of Nike Running Shoes (Mid-Range),91.4,
Sweden,1 Pair of Men Leather Business Shoes,128.25,
Sweden,Apartment (1 bedroom) in City Centre,943.92,
Sweden,Apartment (1 bedroom) Outside of Centre,686.55,
Sweden,Apartment (3 bedrooms) in City Centre,1484.61,
Sweden,Apartment (3 bedrooms) Outside of Centre,1120.28,
Sweden,Price per Square Meter to Buy Apartment in City Centre,5116.15,
Sweden,Price per Square Meter to Buy Apartment Outside of Centre,3279.0,
Sweden,Average Monthly Net Salary (After Tax),2868.83,
Sweden,"Mortgage Interest Rate in Percentages (%), Yearly, for 20 Years Fixed-Rate",4.67,
Switzerland,"Meal, Inexpensive Restaurant",28.75,131.9
Switzerland,"Meal for 2 People, Mid-range Restaurant, Three-course",126.48,131.9
Switzerland,McMeal at McDonalds (or Equivalent Combo Meal),17.25,131.9
Switzerland,Domestic Beer (0.5 liter draught),8.05,131.9
Switzerland,Imported Beer (0.33 liter bottle),6.9,131.9
Switzerland,Cappuccino (regular),5.62,131.9
Switzerland,Coke/Pepsi (0.33 liter bottle),5.02,131.9
Switzerland,Water (0.33 liter bottle),4.55,131.9
Switzerland,"Milk (regular), (1 liter)",2.0,131.9
Switzerland,Loaf of Fresh White Bread (500g),3.75,131.9
Switzerland,"Rice (white), (1kg)",4.11,131.9
Switzerland,Eggs (regular) (12),7.02,131.9
Switzerland,Local Cheese (1kg),26.48,131.9
Switzerland,Chicken Fillets (1kg),29.07,131.9
Switzerland,Beef Round (1kg) (or Equivalent Back Leg Red Meat),46.73,131.9
Switzerland,Apples (1kg),3.53,131.9
Switzerland,Banana (1kg),2.41,131.9
Switzerland,Oranges (1kg),2.98,131.9
Switzerland,Tomato (1kg),6.03,131.9
Switzerland,Potato (1kg),2.54,131.9
Switzerland,Onion (1kg),2.36,131.9
Switzerland,Lettuce (1 head),2.43,131.9
Switzerland,Water (1.5 liter bottle),1.16,131.9
Switzerland,Bottle of Wine (Mid-Range),13.8,131.9
Switzerland,Domestic Beer (0.5 liter bottle),2.36,131.9
Switzerland,Imported Beer (0.33 liter bottle),2.76,131.9
Switzerland,Cigarettes 20 Pack (Marlboro),10.35,131.9
Switzerland,One-way Ticket (Local Transport),4.02,131.9
Switzerland,Monthly Pass (Regular Price),91.99,131.9
Switzerland,Taxi Start (Normal Tariff),7.47,131.9
Switzerland,Taxi 1km (Normal Tariff),4.48,131.9
Switzerland,Taxi 1hour Waiting (Normal Tariff),74.74,131.9
Switzerland,Gasoline (1 liter),2.12,131.9
Switzerland,Volkswagen Golf 1.4 90 KW Trendline (Or Equivalent New Car),37714.76,131.9
Switzerland,Toyota Corolla Sedan 1.6l 97kW Comfort (Or Equivalent New Car),38451.01,131.9
Switzerland,"Basic (Electricity, Heating, Cooling, Water, Garbage) for 85m2 Apartment",249.77,131.9
Switzerland,Mobile Phone Monthly Plan with Calls and 10GB+ Data,53.14,131.9
Switzerland,"Internet (60 Mbps or More, Unlimited Data, Cable/ADSL)",55.99,131.9
Switzerland,"Fitness Club, Monthly Fee for 1 Adult",84.76,131.9
Switzerland,Tennis Court Rent (1 Hour on Weekend),43.04,131.9
Switzerland,"Cinema, International Release, 1 Seat",22.42,131.9
Switzerland,"Preschool (or Kindergarten), Full Day, Private, Monthly for 1 Child",2901.46,131.9
Switzerland,"International Primary School, Yearly for 1 Child",33246.85,131.9
Switzerland,1 Pair of Jeans (Levis 501 Or Similar),124.32,131.9
Switzerland,"1 Summer Dress in a Chain Store (Zara, H&M, ...)",62.08,131.9
Switzerland,1 Pair of Nike Running Shoes (Mid-Range),135.22,131.9
Switzerland,1 Pair of Men Leather Business Shoes,181.98,131.9
Switzerland,Apartment (1 bedroom) in City Centre,1927.55,131.9
Switzerland,Apartment (1 bedroom) Outside of Centre,1593.11,131.9
Switzerland,Apartment (3 bedrooms) in City Centre,3457.35,131.9
Switzerland,Apartment (3 bedrooms) Outside of Centre,2844.66,131.9
Switzerland,Price per Square Meter to Buy Apartment in City Centre,16788.44,131.9
Switzerland,Price per Square Meter to Buy Apartment Outside of Centre,13142.57,131.9
Switzerland,Average Monthly Net Salary (After Tax),6860.84,131.9
Switzerland,"Mortgage Interest Rate in Percentages (%), Yearly, for 20 Years Fixed-Rate",2.5,131.9
Syria,"Meal, Inexpensive Restaurant",4.39,-82.2
Syria,"Meal for 2 People, Mid-range Restaurant, Three-course",20.0,-82.2
Syria,McMeal at McDonalds (or Equivalent Combo Meal),5.0,-82.2
Syria,Domestic Beer (0.5 liter draught),1.8,-82.2
Syria,Imported Beer (0.33 liter bottle),2.5,-82.2
Syria,Cappuccino (regular),0.91,-82.2
Syria,Coke/Pepsi (0.33 liter bottle),0.86,-82.2
Syria,Water (0.33 liter bottle),0.44,-82.2
Syria,"Milk (regular), (1 liter)",0.84,-82.2
Syria,Loaf of Fresh White Bread (500g),0.68,-82.2
Syria,"Rice (white), (1kg)",1.4,-82.2
Syria,Eggs (regular) (12),1.71,-82.2
Syria,Local Cheese (1kg),3.96,-82.2
Syria,Chicken Fillets (1kg),5.18,-82.2
Syria,Beef Round (1kg) (or Equivalent Back Leg Red Meat),9.05,-82.2
Syria,Apples (1kg),0.96,-82.2
Syria,Banana (1kg),1.96,-82.2
Syria,Oranges (1kg),0.9,-82.2
Syria,Tomato (1kg),0.66,-82.2
Syria,Potato (1kg),0.57,-82.2
Syria,Onion (1kg),0.56,-82.2
Syria,Lettuce (1 head),0.32,-82.2
Syria,Water (1.5 liter bottle),0.57,-82.2
Syria,Bottle of Wine (Mid-Range),5.0,-82.2
Syria,Domestic Beer (0.5 liter bottle),1.01,-82.2
Syria,Imported Beer (0.33 liter bottle),1.95,-82.2
Syria,Cigarettes 20 Pack (Marlboro),3.0,-82.2
Syria,One-way Ticket (Local Transport),0.1,-82.2
Syria,Monthly Pass (Regular Price),9.0,-82.2
Syria,Taxi Start (Normal Tariff),1.0,-82.2
Syria,Taxi 1km (Normal Tariff),1.0,-82.2
Syria,Taxi 1hour Waiting (Normal Tariff),5.0,-82.2
Syria,Gasoline (1 liter),2.1,-82.2
Syria,Volkswagen Golf 1.4 90 KW Trendline (Or Equivalent New Car),22000.0,-82.2
Syria,Toyota Corolla Sedan 1.6l 97kW Comfort (Or Equivalent New Car),30942.68,-82.2
Syria,"Basic (Electricity, Heating, Cooling, Water, Garbage) for 85m2 Apartment",66.52,-82.2
Syria,Mobile Phone Monthly Plan with Calls and 10GB+ Data,9.81,-82.2
Syria,"Internet (60 Mbps or More, Unlimited Data, Cable/ADSL)",38.37,-82.2
Syria,"Fitness Club, Monthly Fee for 1 Adult",12.25,-82.2
Syria,Tennis Court Rent (1 Hour on Weekend),7.12,-82.2
Syria,"Cinema, International Release, 1 Seat",3.0,-82.2
Syria,"Preschool (or Kindergarten), Full Day, Private, Monthly for 1 Child",54.47,-82.2
Syria,"International Primary School, Yearly for 1 Child",1660.67,-82.2
Syria,1 Pair of Jeans (Levis 501 Or Similar),21.65,-82.2
Syria,"1 Summer Dress in a Chain Store (Zara, H&M, ...)",26.99,-82.2
Syria,1 Pair of Nike Running Shoes (Mid-Range),53.75,-82.2
Syria,1 Pair of Men Leather Business Shoes,49.05,-82.2
Syria,Apartment (1 bedroom) in City Centre,138.75,-82.2
Syria,Apartment (1 bedroom) Outside of Centre,91.75,-82.2
Syria,Apartment (3 bedrooms) in City Centre,323.31,-82.2
Syria,Apartment (3 bedrooms) Outside of Centre,200.45,-82.2
Syria,Price per Square Meter to Buy Apartment in City Centre,1388.89,-82.2
Syria,Price per Square Meter to Buy Apartment Outside of Centre,555.56,-82.2
Syria,Average Monthly Net Salary (After Tax),40.97,-82.2
Syria,"Mortgage Interest Rate in Percentages (%), Yearly, for 20 Years Fixed-Rate",14.0,-82.2
Taiwan,"Meal, Inexpensive Restaurant",4.67,-36.6
Taiwan,"Meal for 2 People, Mid-range Restaurant, Three-course",31.16,-36.6
Taiwan,McMeal at McDonalds (or Equivalent Combo Meal),4.99,-36.6
Taiwan,Domestic Beer (0.5 liter draught),1.87,-36.6
Taiwan,Imported Beer (0.33 liter bottle),2.69,-36.6
Taiwan,Cappuccino (regular),2.86,-36.6
Taiwan,Coke/Pepsi (0.33 liter bottle),0.99,-36.6
Taiwan,Water (0.33 liter bottle),0.65,-36.6
Taiwan,"Milk (regular), (1 liter)",3.01,-36.6
Taiwan,Loaf of Fresh White Bread (500g),1.92,-36.6
Taiwan,"Rice (white), (1kg)",3.03,-36.6
Taiwan,Eggs (regular) (12),2.83,-36.6
Taiwan,Local Cheese (1kg),14.68,-36.6
Taiwan,Chicken Fillets (1kg),8.58,-36.6
Taiwan,Beef Round (1kg) (or Equivalent Back Leg Red Meat),18.39,-36.6
Taiwan,Apples (1kg),4.16,-36.6
Taiwan,Banana (1kg),2.04,-36.6
Taiwan,Oranges (1kg),2.61,-36.6
Taiwan,Tomato (1kg),3.17,-36.6
Taiwan,Potato (1kg),2.78,-36.6
Taiwan,Onion (1kg),2.19,-36.6
Taiwan,Lettuce (1 head),1.87,-36.6
Taiwan,Water (1.5 liter bottle),1.14,-36.6
Taiwan,Bottle of Wine (Mid-Range),12.46,-36.6
Taiwan,Domestic Beer (0.5 liter bottle),1.58,-36.6
Taiwan,Imported Beer (0.33 liter bottle),2.15,-36.6
Taiwan,Cigarettes 20 Pack (Marlboro),3.74,-36.6
Taiwan,One-way Ticket (Local Transport),0.78,-36.6
Taiwan,Monthly Pass (Regular Price),37.39,-36.6
Taiwan,Taxi Start (Normal Tariff),2.65,-36.6
Taiwan,Taxi 1km (Normal Tariff),0.78,-36.6
Taiwan,Taxi 1hour Waiting (Normal Tariff),9.35,-36.6
Taiwan,Gasoline (1 liter),0.96,-36.6
Taiwan,Volkswagen Golf 1.4 90 KW Trendline (Or Equivalent New Car),34273.25,-36.6
Taiwan,Toyota Corolla Sedan 1.6l 97kW Comfort (Or Equivalent New Car),24513.38,-36.6
Taiwan,"Basic (Electricity, Heating, Cooling, Water, Garbage) for 85m2 Apartment",80.93,-36.6
Taiwan,Mobile Phone Monthly Plan with Calls and 10GB+ Data,23.07,-36.6
Taiwan,"Internet (60 Mbps or More, Unlimited Data, Cable/ADSL)",22.19,-36.6
Taiwan,"Fitness Club, Monthly Fee for 1 Adult",35.59,-36.6
Taiwan,Tennis Court Rent (1 Hour on Weekend),11.4,-36.6
Taiwan,"Cinema, International Release, 1 Seat",9.35,-36.6
Taiwan,"Preschool (or Kindergarten), Full Day, Private, Monthly for 1 Child",525.07,-36.6
Taiwan,"International Primary School, Yearly for 1 Child",14693.88,-36.6
Taiwan,1 Pair of Jeans (Levis 501 Or Similar),61.59,-36.6
Taiwan,"1 Summer Dress in a Chain Store (Zara, H&M, ...)",30.77,-36.6
Taiwan,1 Pair of Nike Running Shoes (Mid-Range),81.52,-36.6
Taiwan,1 Pair of Men Leather Business Shoes,104.76,-36.6
Taiwan,Apartment (1 bedroom) in City Centre,454.64,-36.6
Taiwan,Apartment (1 bedroom) Outside of Centre,324.99,-36.6
Taiwan,Apartment (3 bedrooms) in City Centre,1106.47,-36.6
Taiwan,Apartment (3 bedrooms) Outside of Centre,799.56,-36.6
Taiwan,Price per Square Meter to Buy Apartment in City Centre,8425.73,-36.6
Taiwan,Price per Square Meter to Buy Apartment Outside of Centre,5253.01,-36.6
Taiwan,Average Monthly Net Salary (After Tax),1667.95,-36.6
Taiwan,"Mortgage Interest Rate in Percentages (%), Yearly, for 20 Years Fixed-Rate",1.95,-36.6
Tajikistan,"Meal, Inexpensive Restaurant",5.63,-61.4
Tajikistan,"Meal for 2 People, Mid-range Restaurant, Three-course",15.0,-61.4
Tajikistan,McMeal at McDonalds (or Equivalent Combo Meal),8.91,-61.4
Tajikistan,Domestic Beer (0.5 liter draught),0.84,-61.4
Tajikistan,Imported Beer (0.33 liter bottle),1.5,-61.4
Tajikistan,Cappuccino (regular),1.69,-61.4
Tajikistan,Coke/Pepsi (0.33 liter bottle),0.61,-61.4
Tajikistan,Water (0.33 liter bottle),0.3,-61.4
Tajikistan,"Milk (regular), (1 liter)",0.83,-61.4
Tajikistan,Loaf of Fresh White Bread (500g),0.55,-61.4
Tajikistan,"Rice (white), (1kg)",1.7,-61.4
Tajikistan,Eggs (regular) (12),1.69,-61.4
Tajikistan,Local Cheese (1kg),9.6,-61.4
Tajikistan,Chicken Fillets (1kg),4.09,-61.4
Tajikistan,Beef Round (1kg) (or Equivalent Back Leg Red Meat),7.27,-61.4
Tajikistan,Apples (1kg),1.34,-61.4
Tajikistan,Banana (1kg),2.29,-61.4
Tajikistan,Oranges (1kg),2.4,-61.4
Tajikistan,Tomato (1kg),0.84,-61.4
Tajikistan,Potato (1kg),0.72,-61.4
Tajikistan,Onion (1kg),0.53,-61.4
Tajikistan,Lettuce (1 head),0.72,-61.4
Tajikistan,Water (1.5 liter bottle),0.61,-61.4
Tajikistan,Bottle of Wine (Mid-Range),7.5,-61.4
Tajikistan,Domestic Beer (0.5 liter bottle),1.13,-61.4
Tajikistan,Imported Beer (0.33 liter bottle),1.61,-61.4
Tajikistan,Cigarettes 20 Pack (Marlboro),1.88,-61.4
Tajikistan,One-way Ticket (Local Transport),0.23,-61.4
Tajikistan,Monthly Pass (Regular Price),4.69,-61.4
Tajikistan,Taxi Start (Normal Tariff),0.94,-61.4
Tajikistan,Taxi 1km (Normal Tariff),0.28,-61.4
Tajikistan,Taxi 1hour Waiting (Normal Tariff),5.63,-61.4
Tajikistan,Gasoline (1 liter),0.92,-61.4
Tajikistan,Volkswagen Golf 1.4 90 KW Trendline (Or Equivalent New Car),17815.11,-61.4
Tajikistan,Toyota Corolla Sedan 1.6l 97kW Comfort (Or Equivalent New Car),19104.36,-61.4
Tajikistan,"Basic (Electricity, Heating, Cooling, Water, Garbage) for 85m2 Apartment",39.5,-61.4
Tajikistan,Mobile Phone Monthly Plan with Calls and 10GB+ Data,13.96,-61.4
Tajikistan,"Internet (60 Mbps or More, Unlimited Data, Cable/ADSL)",27.73,-61.4
Tajikistan,"Fitness Club, Monthly Fee for 1 Adult",33.53,-61.4
Tajikistan,Tennis Court Rent (1 Hour on Weekend),8.44,-61.4
Tajikistan,"Cinema, International Release, 1 Seat",4.69,-61.4
Tajikistan,"Preschool (or Kindergarten), Full Day, Private, Monthly for 1 Child",106.73,-61.4
Tajikistan,"International Primary School, Yearly for 1 Child",7909.44,-61.4
Tajikistan,1 Pair of Jeans (Levis 501 Or Similar),31.21,-61.4
Tajikistan,"1 Summer Dress in a Chain Store (Zara, H&M, ...)",38.21,-61.4
Tajikistan,1 Pair of Nike Running Shoes (Mid-Range),80.95,-61.4
Tajikistan,1 Pair of Men Leather Business Shoes,59.07,-61.4
Tajikistan,Apartment (1 bedroom) in City Centre,377.83,-61.4
Tajikistan,Apartment (1 bedroom) Outside of Centre,207.06,-61.4
Tajikistan,Apartment (3 bedrooms) in City Centre,605.35,-61.4
Tajikistan,Apartment (3 bedrooms) Outside of Centre,445.99,-61.4
Tajikistan,Price per Square Meter to Buy Apartment in City Centre,856.72,-61.4
Tajikistan,Price per Square Meter to Buy Apartment Outside of Centre,549.41,-61.4
Tajikistan,Average Monthly Net Salary (After Tax),218.22,-61.4
Tajikistan,"Mortgage Interest Rate in Percentages (%), Yearly, for 20 Years Fixed-Rate",21.29,-61.4
Tanzania,"Meal, Inexpensive Restaurant",2.93,-62.2
Tanzania,"Meal for 2 People, Mid-range Restaurant, Three-course",21.98,-62.2
Tanzania,McMeal at McDonalds (or Equivalent Combo Meal),5.68,-62.2
Tanzania,Domestic Beer (0.5 liter draught),1.09,-62.2
Tanzania,Imported Beer (0.33 liter bottle),2.2,-62.2
Tanzania,Cappuccino (regular),1.91,-62.2
Tanzania,Coke/Pepsi (0.33 liter bottle),0.51,-62.2
Tanzania,Water (0.33 liter bottle),0.25,-62.2
Tanzania,"Milk (regular), (1 liter)",1.14,-62.2
Tanzania,Loaf of Fresh White Bread (500g),0.73,-62.2
Tanzania,"Rice (white), (1kg)",1.05,-62.2
Tanzania,Eggs (regular) (12),1.69,-62.2
Tanzania,Local Cheese (1kg),7.45,-62.2
Tanzania,Chicken Fillets (1kg),4.59,-62.2
Tanzania,Beef Round (1kg) (or Equivalent Back Leg Red Meat),3.68,-62.2
Tanzania,Apples (1kg),2.63,-62.2
Tanzania,Banana (1kg),0.84,-62.2
Tanzania,Oranges (1kg),0.78,-62.2
Tanzania,Tomato (1kg),0.8,-62.2
Tanzania,Potato (1kg),0.79,-62.2
Tanzania,Onion (1kg),1.12,-62.2
Tanzania,Lettuce (1 head),0.51,-62.2
Tanzania,Water (1.5 liter bottle),0.38,-62.2
Tanzania,Bottle of Wine (Mid-Range),5.5,-62.2
Tanzania,Domestic Beer (0.5 liter bottle),0.92,-62.2
Tanzania,Imported Beer (0.33 liter bottle),1.48,-62.2
Tanzania,Cigarettes 20 Pack (Marlboro),1.83,-62.2
Tanzania,One-way Ticket (Local Transport),0.24,-62.2
Tanzania,Monthly Pass (Regular Price),12.82,-62.2
Tanzania,Taxi Start (Normal Tariff),1.47,-62.2
Tanzania,Taxi 1km (Normal Tariff),1.1,-62.2
Tanzania,Taxi 1hour Waiting (Normal Tariff),3.66,-62.2
Tanzania,Gasoline (1 liter),1.14,-62.2
Tanzania,Volkswagen Golf 1.4 90 KW Trendline (Or Equivalent New Car),14287.71,-62.2
Tanzania,Toyota Corolla Sedan 1.6l 97kW Comfort (Or Equivalent New Car),6777.5,-62.2
Tanzania,"Basic (Electricity, Heating, Cooling, Water, Garbage) for 85m2 Apartment",50.47,-62.2
Tanzania,Mobile Phone Monthly Plan with Calls and 10GB+ Data,10.99,-62.2
Tanzania,"Internet (60 Mbps or More, Unlimited Data, Cable/ADSL)",45.48,-62.2
Tanzania,"Fitness Club, Monthly Fee for 1 Adult",38.01,-62.2
Tanzania,Tennis Court Rent (1 Hour on Weekend),6.8,-62.2
Tanzania,"Cinema, International Release, 1 Seat",4.03,-62.2
Tanzania,"Preschool (or Kindergarten), Full Day, Private, Monthly for 1 Child",225.97,-62.2
Tanzania,"International Primary School, Yearly for 1 Child",4875.27,-62.2
Tanzania,1 Pair of Jeans (Levis 501 Or Similar),11.41,-62.2
Tanzania,"1 Summer Dress in a Chain Store (Zara, H&M, ...)",19.95,-62.2
Tanzania,1 Pair of Nike Running Shoes (Mid-Range),41.32,-62.2
Tanzania,1 Pair of Men Leather Business Shoes,38.92,-62.2
Tanzania,Apartment (1 bedroom) in City Centre,335.0,-62.2
Tanzania,Apartment (1 bedroom) Outside of Centre,203.1,-62.2
Tanzania,Apartment (3 bedrooms) in City Centre,678.17,-62.2
Tanzania,Apartment (3 bedrooms) Outside of Centre,386.09,-62.2
Tanzania,Price per Square Meter to Buy Apartment in City Centre,4437.79,-62.2
Tanzania,Price per Square Meter to Buy Apartment Outside of Centre,7207.11,-62.2
Tanzania,Average Monthly Net Salary (After Tax),219.35,-62.2
Tanzania,"Mortgage Interest Rate in Percentages (%), Yearly, for 20 Years Fixed-Rate",15.86,-62.2
Thailand,"Meal, Inexpensive Restaurant",2.96,-41.1
Thailand,"Meal for 2 People, Mid-range Restaurant, Three-course",25.16,-41.1
Thailand,McMeal at McDonalds (or Equivalent Combo Meal),5.92,-41.1
Thailand,Domestic Beer (0.5 liter draught),2.07,-41.1
Thailand,Imported Beer (0.33 liter bottle),3.55,-41.1
Thailand,Cappuccino (regular),2.05,-41.1
Thailand,Coke/Pepsi (0.33 liter bottle),0.67,-41.1
Thailand,Water (0.33 liter bottle),0.35,-41.1
Thailand,"Milk (regular), (1 liter)",1.76,-41.1
Thailand,Loaf of Fresh White Bread (500g),1.38,-41.1
Thailand,"Rice (white), (1kg)",1.29,-41.1
Thailand,Eggs (regular) (12),2.12,-41.1
Thailand,Local Cheese (1kg),18.59,-41.1
Thailand,Chicken Fillets (1kg),2.76,-41.1
Thailand,Beef Round (1kg) (or Equivalent Back Leg Red Meat),10.2,-41.1
Thailand,Apples (1kg),2.89,-41.1
Thailand,Banana (1kg),1.26,-41.1
Thailand,Oranges (1kg),1.97,-41.1
Thailand,Tomato (1kg),1.54,-41.1
Thailand,Potato (1kg),1.49,-41.1
Thailand,Onion (1kg),1.22,-41.1
Thailand,Lettuce (1 head),1.12,-41.1
Thailand,Water (1.5 liter bottle),0.5,-41.1
Thailand,Bottle of Wine (Mid-Range),17.76,-41.1
Thailand,Domestic Beer (0.5 liter bottle),1.74,-41.1
Thailand,Imported Beer (0.33 liter bottle),2.96,-41.1
Thailand,Cigarettes 20 Pack (Marlboro),4.25,-41.1
Thailand,One-way Ticket (Local Transport),0.89,-41.1
Thailand,Monthly Pass (Regular Price),35.52,-41.1
Thailand,Taxi Start (Normal Tariff),1.04,-41.1
Thailand,Taxi 1km (Normal Tariff),1.18,-41.1
Thailand,Taxi 1hour Waiting (Normal Tariff),5.92,-41.1
Thailand,Gasoline (1 liter),1.22,-41.1
Thailand,Volkswagen Golf 1.4 90 KW Trendline (Or Equivalent New Car),27601.01,-41.1
Thailand,Toyota Corolla Sedan 1.6l 97kW Comfort (Or Equivalent New Car),27103.83,-41.1
Thailand,"Basic (Electricity, Heating, Cooling, Water, Garbage) for 85m2 Apartment",77.67,-41.1
Thailand,Mobile Phone Monthly Plan with Calls and 10GB+ Data,13.87,-41.1
Thailand,"Internet (60 Mbps or More, Unlimited Data, Cable/ADSL)",17.29,-41.1
Thailand,"Fitness Club, Monthly Fee for 1 Adult",48.97,-41.1
Thailand,Tennis Court Rent (1 Hour on Weekend),9.14,-41.1
Thailand,"Cinema, International Release, 1 Seat",6.51,-41.1
Thailand,"Preschool (or Kindergarten), Full Day, Private, Monthly for 1 Child",407.79,-41.1
Thailand,"International Primary School, Yearly for 1 Child",12069.42,-41.1
Thailand,1 Pair of Jeans (Levis 501 Or Similar),46.02,-41.1
Thailand,"1 Summer Dress in a Chain Store (Zara, H&M, ...)",32.32,-41.1
Thailand,1 Pair of Nike Running Shoes (Mid-Range),91.86,-41.1
Thailand,1 Pair of Men Leather Business Shoes,73.07,-41.1
Thailand,Apartment (1 bedroom) in City Centre,459.88,-41.1
Thailand,Apartment (1 bedroom) Outside of Centre,252.97,-41.1
Thailand,Apartment (3 bedrooms) in City Centre,1129.39,-41.1
Thailand,Apartment (3 bedrooms) Outside of Centre,652.63,-41.1
Thailand,Price per Square Meter to Buy Apartment in City Centre,3852.51,-41.1
Thailand,Price per Square Meter to Buy Apartment Outside of Centre,2103.34,-41.1
Thailand,Average Monthly Net Salary (After Tax),590.49,-41.1
Thailand,"Mortgage Interest Rate in Percentages (%), Yearly, for 20 Years Fixed-Rate",5.74,-41.1
Timor-Leste,"Meal, Inexpensive Restaurant",5.0,35.2
Timor-Leste,"Meal for 2 People, Mid-range Restaurant, Three-course",50.0,35.2
Timor-Leste,McMeal at McDonalds (or Equivalent Combo Meal),8.0,35.2
Timor-Leste,Domestic Beer (0.5 liter draught),2.5,35.2
Timor-Leste,Imported Beer (0.33 liter bottle),4.0,35.2
Timor-Leste,Cappuccino (regular),3.75,35.2
Timor-Leste,Coke/Pepsi (0.33 liter bottle),2.0,35.2
Timor-Leste,Water (0.33 liter bottle),1.56,35.2
Timor-Leste,"Milk (regular), (1 liter)",2.45,35.2
Timor-Leste,Loaf of Fresh White Bread (500g),1.98,35.2
Timor-Leste,"Rice (white), (1kg)",2.06,35.2
Timor-Leste,Eggs (regular) (12),2.7,35.2
Timor-Leste,Local Cheese (1kg),4.0,35.2
Timor-Leste,Chicken Fillets (1kg),8.0,35.2
Timor-Leste,Beef Round (1kg) (or Equivalent Back Leg Red Meat),16.0,35.2
Timor-Leste,Apples (1kg),4.0,35.2
Timor-Leste,Banana (1kg),1.83,35.2
Timor-Leste,Oranges (1kg),2.62,35.2
Timor-Leste,Tomato (1kg),2.25,35.2
Timor-Leste,Potato (1kg),1.33,35.2
Timor-Leste,Onion (1kg),2.0,35.2
Timor-Leste,Lettuce (1 head),1.17,35.2
Timor-Leste,Water (1.5 liter bottle),1.0,35.2
Timor-Leste,Bottle of Wine (Mid-Range),16.0,35.2
Timor-Leste,Domestic Beer (0.5 liter bottle),2.25,35.2
Timor-Leste,Imported Beer (0.33 liter bottle),2.83,35.2
Timor-Leste,Cigarettes 20 Pack (Marlboro),2.75,35.2
Timor-Leste,One-way Ticket (Local Transport),0.25,35.2
Timor-Leste,Monthly Pass (Regular Price),56.27,35.2
Timor-Leste,Taxi Start (Normal Tariff),5.0,35.2
Timor-Leste,Taxi 1km (Normal Tariff),4.0,35.2
Timor-Leste,Taxi 1hour Waiting (Normal Tariff),17.5,35.2
Timor-Leste,Gasoline (1 liter),1.52,35.2
Timor-Leste,Volkswagen Golf 1.4 90 KW Trendline (Or Equivalent New Car),21573.0,35.2
Timor-Leste,Toyota Corolla Sedan 1.6l 97kW Comfort (Or Equivalent New Car),19459.0,35.2
Timor-Leste,"Basic (Electricity, Heating, Cooling, Water, Garbage) for 85m2 Apartment",133.33,35.2
Timor-Leste,Mobile Phone Monthly Plan with Calls and 10GB+ Data,30.0,35.2
Timor-Leste,"Internet (60 Mbps or More, Unlimited Data, Cable/ADSL)",76.67,35.2
Timor-Leste,"Fitness Club, Monthly Fee for 1 Adult",56.25,35.2
Timor-Leste,Tennis Court Rent (1 Hour on Weekend),13.33,35.2
Timor-Leste,"Cinema, International Release, 1 Seat",6.5,35.2
Timor-Leste,"Preschool (or Kindergarten), Full Day, Private, Monthly for 1 Child",375.0,35.2
Timor-Leste,"International Primary School, Yearly for 1 Child",11000.0,35.2
Timor-Leste,1 Pair of Jeans (Levis 501 Or Similar),65.0,35.2
Timor-Leste,"1 Summer Dress in a Chain Store (Zara, H&M, ...)",40.0,35.2
Timor-Leste,1 Pair of Nike Running Shoes (Mid-Range),83.33,35.2
Timor-Leste,1 Pair of Men Leather Business Shoes,55.0,35.2
Timor-Leste,Apartment (1 bedroom) in City Centre,980.0,35.2
Timor-Leste,Apartment (1 bedroom) Outside of Centre,875.0,35.2
Timor-Leste,Apartment (3 bedrooms) in City Centre,2320.0,35.2
Timor-Leste,Apartment (3 bedrooms) Outside of Centre,1550.0,35.2
Timor-Leste,Price per Square Meter to Buy Apartment in City Centre,4500.0,35.2
Timor-Leste,Price per Square Meter to Buy Apartment Outside of Centre,4000.0,35.2
Timor-Leste,Average Monthly Net Salary (After Tax),5142.0,35.2
Timor-Leste,"Mortgage Interest Rate in Percentages (%), Yearly, for 20 Years Fixed-Rate",5.37,35.2
Togo,"Meal, Inexpensive Restaurant",2.3,-75.1
Togo,"Meal for 2 People, Mid-range Restaurant, Three-course",29.6,-75.1
Togo,McMeal at McDonalds (or Equivalent Combo Meal),5.75,-75.1
Togo,Domestic Beer (0.5 liter draught),0.82,-75.1
Togo,Imported Beer (0.33 liter bottle),2.06,-75.1
Togo,Cappuccino (regular),3.84,-75.1
Togo,Coke/Pepsi (0.33 liter bottle),2.22,-75.1
Togo,Water (0.33 liter bottle),0.96,-75.1
Togo,"Milk (regular), (1 liter)",2.01,-75.1
Togo,Loaf of Fresh White Bread (500g),0.95,-75.1
Togo,"Rice (white), (1kg)",1.56,-75.1
Togo,Eggs (regular) (12),1.72,-75.1
Togo,Local Cheese (1kg),7.35,-75.1
Togo,Chicken Fillets (1kg),6.58,-75.1
Togo,Beef Round (1kg) (or Equivalent Back Leg Red Meat),6.18,-75.1
Togo,Apples (1kg),2.74,-75.1
Togo,Banana (1kg),2.06,-75.1
Togo,Oranges (1kg),3.02,-75.1
Togo,Tomato (1kg),3.43,-75.1
Togo,Potato (1kg),2.74,-75.1
Togo,Onion (1kg),3.84,-75.1
Togo,Lettuce (1 head),0.6,-75.1
Togo,Water (1.5 liter bottle),0.79,-75.1
Togo,Bottle of Wine (Mid-Range),4.6,-75.1
Togo,Domestic Beer (0.5 liter bottle),1.09,-75.1
Togo,Imported Beer (0.33 liter bottle),2.05,-75.1
Togo,Cigarettes 20 Pack (Marlboro),1.89,-75.1
Togo,One-way Ticket (Local Transport),0.58,-75.1
Togo,Monthly Pass (Regular Price),49.34,-75.1
Togo,Taxi Start (Normal Tariff),0.58,-75.1
Togo,Taxi 1km (Normal Tariff),0.33,-75.1
Togo,Taxi 1hour Waiting (Normal Tariff),4.6,-75.1
Togo,Gasoline (1 liter),1.07,-75.1
Togo,Volkswagen Golf 1.4 90 KW Trendline (Or Equivalent New Car),13156.63,-75.1
Togo,Toyota Corolla Sedan 1.6l 97kW Comfort (Or Equivalent New Car),24120.48,-75.1
Togo,"Basic (Electricity, Heating, Cooling, Water, Garbage) for 85m2 Apartment",141.11,-75.1
Togo,Mobile Phone Monthly Plan with Calls and 10GB+ Data,20.01,-75.1
Togo,"Internet (60 Mbps or More, Unlimited Data, Cable/ADSL)",53.78,-75.1
Togo,"Fitness Club, Monthly Fee for 1 Adult",32.07,-75.1
Togo,Tennis Court Rent (1 Hour on Weekend),8.22,-75.1
Togo,"Cinema, International Release, 1 Seat",8.22,-75.1
Togo,"Preschool (or Kindergarten), Full Day, Private, Monthly for 1 Child",106.9,-75.1
Togo,"International Primary School, Yearly for 1 Child",4824.1,-75.1
Togo,1 Pair of Jeans (Levis 501 Or Similar),20.83,-75.1
Togo,"1 Summer Dress in a Chain Store (Zara, H&M, ...)",22.48,-75.1
Togo,1 Pair of Nike Running Shoes (Mid-Range),31.25,-75.1
Togo,1 Pair of Men Leather Business Shoes,78.39,-75.1
Togo,Apartment (1 bedroom) in City Centre,203.52,-75.1
Togo,Apartment (1 bedroom) Outside of Centre,103.61,-75.1
Togo,Apartment (3 bedrooms) in City Centre,454.93,-75.1
Togo,Apartment (3 bedrooms) Outside of Centre,291.84,-75.1
Togo,Price per Square Meter to Buy Apartment in City Centre,1192.32,-75.1
Togo,Price per Square Meter to Buy Apartment Outside of Centre,435.81,-75.1
Togo,Average Monthly Net Salary (After Tax),548.19,-75.1
Togo,"Mortgage Interest Rate in Percentages (%), Yearly, for 20 Years Fixed-Rate",8.0,-75.1
Tonga,"Meal, Inexpensive Restaurant",9.47,
Tonga,"Meal for 2 People, Mid-range Restaurant, Three-course",63.1,
Tonga,McMeal at McDonalds (or Equivalent Combo Meal),10.52,
Tonga,Domestic Beer (0.5 liter draught),3.37,
Tonga,Imported Beer (0.33 liter bottle),4.21,
Tonga,Cappuccino (regular),2.94,
Tonga,Coke/Pepsi (0.33 liter bottle),1.76,
Tonga,Water (0.33 liter bottle),2.29,
Tonga,"Milk (regular), (1 liter)",1.55,
Tonga,Loaf of Fresh White Bread (500g),0.92,
Tonga,"Rice (white), (1kg)",2.09,
Tonga,Eggs (regular) (12),4.46,
Tonga,Local Cheese (1kg),9.11,
Tonga,Chicken Fillets (1kg),5.1,
Tonga,Beef Round (1kg) (or Equivalent Back Leg Red Meat),6.87,
Tonga,Apples (1kg),2.73,
Tonga,Banana (1kg),2.8,
Tonga,Oranges (1kg),2.84,
Tonga,Tomato (1kg),3.26,
Tonga,Potato (1kg),3.26,
Tonga,Onion (1kg),2.66,
Tonga,Lettuce (1 head),2.21,
Tonga,Water (1.5 liter bottle),1.4,
Tonga,Bottle of Wine (Mid-Range),16.83,
Tonga,Domestic Beer (0.5 liter bottle),3.23,
Tonga,Imported Beer (0.33 liter bottle),3.37,
Tonga,Cigarettes 20 Pack (Marlboro),10.31,
Tonga,One-way Ticket (Local Transport),2.1,
Tonga,Monthly Pass (Regular Price),42.07,
Tonga,Taxi Start (Normal Tariff),2.1,
Tonga,Taxi 1km (Normal Tariff),8.41,
Tonga,Taxi 1hour Waiting (Normal Tariff),42.07,
Tonga,Gasoline (1 liter),1.47,
Tonga,Volkswagen Golf 1.4 90 KW Trendline (Or Equivalent New Car),5889.68,
Tonga,Toyota Corolla Sedan 1.6l 97kW Comfort (Or Equivalent New Car),8413.83,
Tonga,"Basic (Electricity, Heating, Cooling, Water, Garbage) for 85m2 Apartment",189.31,
Tonga,Mobile Phone Monthly Plan with Calls and 10GB+ Data,22.44,
Tonga,"Internet (60 Mbps or More, Unlimited Data, Cable/ADSL)",126.21,
Tonga,"Fitness Club, Monthly Fee for 1 Adult",32.25,
Tonga,Tennis Court Rent (1 Hour on Weekend),42.07,
Tonga,"Cinema, International Release, 1 Seat",42.07,
Tonga,"Preschool (or Kindergarten), Full Day, Private, Monthly for 1 Child",159.86,
Tonga,"International Primary School, Yearly for 1 Child",252.41,
Tonga,1 Pair of Jeans (Levis 501 Or Similar),4.21,
Tonga,"1 Summer Dress in a Chain Store (Zara, H&M, ...)",17.88,
Tonga,1 Pair of Nike Running Shoes (Mid-Range),21.03,
Tonga,1 Pair of Men Leather Business Shoes,29.45,
Tonga,Apartment (1 bedroom) in City Centre,631.04,
Tonga,Apartment (1 bedroom) Outside of Centre,,
Tonga,Apartment (3 bedrooms) in City Centre,420.69,
Tonga,Apartment (3 bedrooms) Outside of Centre,420.69,
Tonga,Price per Square Meter to Buy Apartment in City Centre,420.69,
Tonga,Price per Square Meter to Buy Apartment Outside of Centre,252.41,
Tonga,Average Monthly Net Salary (After Tax),690.34,
Tonga,"Mortgage Interest Rate in Percentages (%), Yearly, for 20 Years Fixed-Rate",,
Trinidad And Tobago,"Meal, Inexpensive Restaurant",8.81,-34.3
Trinidad And Tobago,"Meal for 2 People, Mid-range Restaurant, Three-course",73.44,-34.3
Trinidad And Tobago,McMeal at McDonalds (or Equivalent Combo Meal),7.34,-34.3
Trinidad And Tobago,Domestic Beer (0.5 liter draught),1.76,-34.3
Trinidad And Tobago,Imported Beer (0.33 liter bottle),2.94,-34.3
Trinidad And Tobago,Cappuccino (regular),3.64,-34.3
Trinidad And Tobago,Coke/Pepsi (0.33 liter bottle),1.01,-34.3
Trinidad And Tobago,Water (0.33 liter bottle),0.8,-34.3
Trinidad And Tobago,"Milk (regular), (1 liter)",2.3,-34.3
Trinidad And Tobago,Loaf of Fresh White Bread (500g),2.35,-34.3
Trinidad And Tobago,"Rice (white), (1kg)",2.71,-34.3
Trinidad And Tobago,Eggs (regular) (12),4.04,-34.3
Trinidad And Tobago,Local Cheese (1kg),7.46,-34.3
Trinidad And Tobago,Chicken Fillets (1kg),8.5,-34.3
Trinidad And Tobago,Beef Round (1kg) (or Equivalent Back Leg Red Meat),9.19,-34.3
Trinidad And Tobago,Apples (1kg),4.59,-34.3
Trinidad And Tobago,Banana (1kg),2.36,-34.3
Trinidad And Tobago,Oranges (1kg),3.62,-34.3
Trinidad And Tobago,Tomato (1kg),4.41,-34.3
Trinidad And Tobago,Potato (1kg),1.29,-34.3
Trinidad And Tobago,Onion (1kg),1.43,-34.3
Trinidad And Tobago,Lettuce (1 head),1.55,-34.3
Trinidad And Tobago,Water (1.5 liter bottle),1.22,-34.3
Trinidad And Tobago,Bottle of Wine (Mid-Range),17.63,-34.3
Trinidad And Tobago,Domestic Beer (0.5 liter bottle),2.06,-34.3
Trinidad And Tobago,Imported Beer (0.33 liter bottle),2.79,-34.3
Trinidad And Tobago,Cigarettes 20 Pack (Marlboro),5.58,-34.3
Trinidad And Tobago,One-way Ticket (Local Transport),1.03,-34.3
Trinidad And Tobago,Monthly Pass (Regular Price),73.44,-34.3
Trinidad And Tobago,Taxi Start (Normal Tariff),1.03,-34.3
Trinidad And Tobago,Taxi 1km (Normal Tariff),0.88,-34.3
Trinidad And Tobago,Taxi 1hour Waiting (Normal Tariff),14.69,-34.3
Trinidad And Tobago,Gasoline (1 liter),1.05,-34.3
Trinidad And Tobago,Volkswagen Golf 1.4 90 KW Trendline (Or Equivalent New Car),35251.18,-34.3
Trinidad And Tobago,Toyota Corolla Sedan 1.6l 97kW Comfort (Or Equivalent New Car),34473.58,-34.3
Trinidad And Tobago,"Basic (Electricity, Heating, Cooling, Water, Garbage) for 85m2 Apartment",81.7,-34.3
Trinidad And Tobago,Mobile Phone Monthly Plan with Calls and 10GB+ Data,44.12,-34.3
Trinidad And Tobago,"Internet (60 Mbps or More, Unlimited Data, Cable/ADSL)",54.92,-34.3
Trinidad And Tobago,"Fitness Club, Monthly Fee for 1 Adult",49.68,-34.3
Trinidad And Tobago,Tennis Court Rent (1 Hour on Weekend),14.85,-34.3
Trinidad And Tobago,"Cinema, International Release, 1 Seat",8.81,-34.3
Trinidad And Tobago,"Preschool (or Kindergarten), Full Day, Private, Monthly for 1 Child",215.77,-34.3
Trinidad And Tobago,"International Primary School, Yearly for 1 Child",5478.62,-34.3
Trinidad And Tobago,1 Pair of Jeans (Levis 501 Or Similar),57.0,-34.3
Trinidad And Tobago,"1 Summer Dress in a Chain Store (Zara, H&M, ...)",44.41,-34.3
Trinidad And Tobago,1 Pair of Nike Running Shoes (Mid-Range),108.18,-34.3
Trinidad And Tobago,1 Pair of Men Leather Business Shoes,94.96,-34.3
Trinidad And Tobago,Apartment (1 bedroom) in City Centre,547.48,-34.3
Trinidad And Tobago,Apartment (1 bedroom) Outside of Centre,396.59,-34.3
Trinidad And Tobago,Apartment (3 bedrooms) in City Centre,1060.29,-34.3
Trinidad And Tobago,Apartment (3 bedrooms) Outside of Centre,776.34,-34.3
Trinidad And Tobago,Price per Square Meter to Buy Apartment in City Centre,2845.8,-34.3
Trinidad And Tobago,Price per Square Meter to Buy Apartment Outside of Centre,1660.05,-34.3
Trinidad And Tobago,Average Monthly Net Salary (After Tax),812.36,-34.3
Trinidad And Tobago,"Mortgage Interest Rate in Percentages (%), Yearly, for 20 Years Fixed-Rate",6.02,-34.3
Tunisia,"Meal, Inexpensive Restaurant",3.22,-77.0
Tunisia,"Meal for 2 People, Mid-range Restaurant, Three-course",19.3,-77.0
Tunisia,McMeal at McDonalds (or Equivalent Combo Meal),4.83,-77.0
Tunisia,Domestic Beer (0.5 liter draught),1.61,-77.0
Tunisia,Imported Beer (0.33 liter bottle),2.17,-77.0
Tunisia,Cappuccino (regular),0.88,-77.0
Tunisia,Coke/Pepsi (0.33 liter bottle),0.6,-77.0
Tunisia,Water (0.33 liter bottle),0.28,-77.0
Tunisia,"Milk (regular), (1 liter)",0.47,-77.0
Tunisia,Loaf of Fresh White Bread (500g),0.16,-77.0
Tunisia,"Rice (white), (1kg)",1.31,-77.0
Tunisia,Eggs (regular) (12),1.52,-77.0
Tunisia,Local Cheese (1kg),10.12,-77.0
Tunisia,Chicken Fillets (1kg),5.75,-77.0
Tunisia,Beef Round (1kg) (or Equivalent Back Leg Red Meat),12.36,-77.0
Tunisia,Apples (1kg),1.81,-77.0
Tunisia,Banana (1kg),3.11,-77.0
Tunisia,Oranges (1kg),1.09,-77.0
Tunisia,Tomato (1kg),0.71,-77.0
Tunisia,Potato (1kg),0.62,-77.0
Tunisia,Onion (1kg),0.55,-77.0
Tunisia,Lettuce (1 head),0.42,-77.0
Tunisia,Water (1.5 liter bottle),0.29,-77.0
Tunisia,Bottle of Wine (Mid-Range),6.43,-77.0
Tunisia,Domestic Beer (0.5 liter bottle),1.21,-77.0
Tunisia,Imported Beer (0.33 liter bottle),1.25,-77.0
Tunisia,Cigarettes 20 Pack (Marlboro),3.22,-77.0
Tunisia,One-way Ticket (Local Transport),0.26,-77.0
Tunisia,Monthly Pass (Regular Price),9.65,-77.0
Tunisia,Taxi Start (Normal Tariff),0.29,-77.0
Tunisia,Taxi 1km (Normal Tariff),0.32,-77.0
Tunisia,Taxi 1hour Waiting (Normal Tariff),4.02,-77.0
Tunisia,Gasoline (1 liter),0.81,-77.0
Tunisia,Volkswagen Golf 1.4 90 KW Trendline (Or Equivalent New Car),38600.55,-77.0
Tunisia,Toyota Corolla Sedan 1.6l 97kW Comfort (Or Equivalent New Car),33558.89,-77.0
Tunisia,"Basic (Electricity, Heating, Cooling, Water, Garbage) for 85m2 Apartment",50.9,-77.0
Tunisia,Mobile Phone Monthly Plan with Calls and 10GB+ Data,9.62,-77.0
Tunisia,"Internet (60 Mbps or More, Unlimited Data, Cable/ADSL)",20.14,-77.0
Tunisia,"Fitness Club, Monthly Fee for 1 Adult",26.29,-77.0
Tunisia,Tennis Court Rent (1 Hour on Weekend),10.48,-77.0
Tunisia,"Cinema, International Release, 1 Seat",4.83,-77.0
Tunisia,"Preschool (or Kindergarten), Full Day, Private, Monthly for 1 Child",84.86,-77.0
Tunisia,"International Primary School, Yearly for 1 Child",2561.09,-77.0
Tunisia,1 Pair of Jeans (Levis 501 Or Similar),40.76,-77.0
Tunisia,"1 Summer Dress in a Chain Store (Zara, H&M, ...)",50.98,-77.0
Tunisia,1 Pair of Nike Running Shoes (Mid-Range),93.84,-77.0
Tunisia,1 Pair of Men Leather Business Shoes,69.87,-77.0
Tunisia,Apartment (1 bedroom) in City Centre,213.57,-77.0
Tunisia,Apartment (1 bedroom) Outside of Centre,141.11,-77.0
Tunisia,Apartment (3 bedrooms) in City Centre,367.64,-77.0
Tunisia,Apartment (3 bedrooms) Outside of Centre,252.0,-77.0
Tunisia,Price per Square Meter to Buy Apartment in City Centre,970.93,-77.0
Tunisia,Price per Square Meter to Buy Apartment Outside of Centre,575.3,-77.0
Tunisia,Average Monthly Net Salary (After Tax),293.44,-77.0
Tunisia,"Mortgage Interest Rate in Percentages (%), Yearly, for 20 Years Fixed-Rate",11.59,-77.0
Turkey,"Meal, Inexpensive Restaurant",8.75,-37.6
Turkey,"Meal for 2 People, Mid-range Restaurant, Three-course",34.99,-37.6
Turkey,McMeal at McDonalds (or Equivalent Combo Meal),7.29,-37.6
Turkey,Domestic Beer (0.5 liter draught),2.92,-37.6
Turkey,Imported Beer (0.33 liter bottle),4.08,-37.6
Turkey,Cappuccino (regular),2.87,-37.6
Turkey,Coke/Pepsi (0.33 liter bottle),1.25,-37.6
Turkey,Water (0.33 liter bottle),0.47,-37.6
Turkey,"Milk (regular), (1 liter)",0.93,-37.6
Turkey,Loaf of Fresh White Bread (500g),1.0,-37.6
Turkey,"Rice (white), (1kg)",1.72,-37.6
Turkey,Eggs (regular) (12),1.56,-37.6
Turkey,Local Cheese (1kg),9.97,-37.6
Turkey,Chicken Fillets (1kg),5.59,-37.6
Turkey,Beef Round (1kg) (or Equivalent Back Leg Red Meat),18.47,-37.6
Turkey,Apples (1kg),0.92,-37.6
Turkey,Banana (1kg),2.0,-37.6
Turkey,Oranges (1kg),0.96,-37.6
Turkey,Tomato (1kg),1.15,-37.6
Turkey,Potato (1kg),0.56,-37.6
Turkey,Onion (1kg),0.5,-37.6
Turkey,Lettuce (1 head),1.01,-37.6
Turkey,Water (1.5 liter bottle),0.33,-37.6
Turkey,Bottle of Wine (Mid-Range),9.33,-37.6
Turkey,Domestic Beer (0.5 liter bottle),1.97,-37.6
Turkey,Imported Beer (0.33 liter bottle),2.61,-37.6
Turkey,Cigarettes 20 Pack (Marlboro),2.04,-37.6
Turkey,One-way Ticket (Local Transport),0.58,-37.6
Turkey,Monthly Pass (Regular Price),40.47,-37.6
Turkey,Taxi Start (Normal Tariff),0.93,-37.6
Turkey,Taxi 1km (Normal Tariff),0.67,-37.6
Turkey,Taxi 1hour Waiting (Normal Tariff),7.42,-37.6
Turkey,Gasoline (1 liter),1.2,-37.6
Turkey,Volkswagen Golf 1.4 90 KW Trendline (Or Equivalent New Car),44100.58,-37.6
Turkey,Toyota Corolla Sedan 1.6l 97kW Comfort (Or Equivalent New Car),42677.16,-37.6
Turkey,"Basic (Electricity, Heating, Cooling, Water, Garbage) for 85m2 Apartment",59.53,-37.6
Turkey,Mobile Phone Monthly Plan with Calls and 10GB+ Data,9.17,-37.6
Turkey,"Internet (60 Mbps or More, Unlimited Data, Cable/ADSL)",11.99,-37.6
Turkey,"Fitness Club, Monthly Fee for 1 Adult",39.76,-37.6
Turkey,Tennis Court Rent (1 Hour on Weekend),13.72,-37.6
Turkey,"Cinema, International Release, 1 Seat",5.83,-37.6
Turkey,"Preschool (or Kindergarten), Full Day, Private, Monthly for 1 Child",465.46,-37.6
Turkey,"International Primary School, Yearly for 1 Child",9734.11,-37.6
Turkey,1 Pair of Jeans (Levis 501 Or Similar),51.68,-37.6
Turkey,"1 Summer Dress in a Chain Store (Zara, H&M, ...)",39.26,-37.6
Turkey,1 Pair of Nike Running Shoes (Mid-Range),96.14,-37.6
Turkey,1 Pair of Men Leather Business Shoes,82.71,-37.6
Turkey,Apartment (1 bedroom) in City Centre,582.05,-37.6
Turkey,Apartment (1 bedroom) Outside of Centre,405.43,-37.6
Turkey,Apartment (3 bedrooms) in City Centre,981.81,-37.6
Turkey,Apartment (3 bedrooms) Outside of Centre,674.17,-37.6
Turkey,Price per Square Meter to Buy Apartment in City Centre,1949.13,-37.6
Turkey,Price per Square Meter to Buy Apartment Outside of Centre,1158.13,-37.6
Turkey,Average Monthly Net Salary (After Tax),698.74,-37.6
Turkey,"Mortgage Interest Rate in Percentages (%), Yearly, for 20 Years Fixed-Rate",37.92,-37.6
Turkmenistan,"Meal, Inexpensive Restaurant",34.29,
Turkmenistan,"Meal for 2 People, Mid-range Restaurant, Three-course",85.71,
Turkmenistan,McMeal at McDonalds (or Equivalent Combo Meal),10.0,
Turkmenistan,Domestic Beer (0.5 liter draught),5.14,
Turkmenistan,Imported Beer (0.33 liter bottle),14.29,
Turkmenistan,Cappuccino (regular),7.29,
Turkmenistan,Coke/Pepsi (0.33 liter bottle),3.25,
Turkmenistan,Water (0.33 liter bottle),0.8,
Turkmenistan,"Milk (regular), (1 liter)",4.04,
Turkmenistan,Loaf of Fresh White Bread (500g),2.39,
Turkmenistan,"Rice (white), (1kg)",5.14,
Turkmenistan,Eggs (regular) (12),6.86,
Turkmenistan,Local Cheese (1kg),35.9,
Turkmenistan,Chicken Fillets (1kg),11.9,
Turkmenistan,Beef Round (1kg) (or Equivalent Back Leg Red Meat),25.36,
Turkmenistan,Apples (1kg),4.93,
Turkmenistan,Banana (1kg),8.0,
Turkmenistan,Oranges (1kg),7.0,
Turkmenistan,Tomato (1kg),3.43,
Turkmenistan,Potato (1kg),1.79,
Turkmenistan,Onion (1kg),1.43,
Turkmenistan,Lettuce (1 head),1.52,
Turkmenistan,Water (1.5 liter bottle),1.17,
Turkmenistan,Bottle of Wine (Mid-Range),31.43,
Turkmenistan,Domestic Beer (0.5 liter bottle),3.9,
Turkmenistan,Imported Beer (0.33 liter bottle),,
Turkmenistan,Cigarettes 20 Pack (Marlboro),28.57,
Turkmenistan,One-way Ticket (Local Transport),0.14,
Turkmenistan,Monthly Pass (Regular Price),8.57,
Turkmenistan,Taxi Start (Normal Tariff),2.86,
Turkmenistan,Taxi 1km (Normal Tariff),0.86,
Turkmenistan,Taxi 1hour Waiting (Normal Tariff),8.57,
Turkmenistan,Gasoline (1 liter),0.42,
Turkmenistan,Volkswagen Golf 1.4 90 KW Trendline (Or Equivalent New Car),43928.57,
Turkmenistan,Toyota Corolla Sedan 1.6l 97kW Comfort (Or Equivalent New Car),57142.86,
Turkmenistan,"Basic (Electricity, Heating, Cooling, Water, Garbage) for 85m2 Apartment",571.43,
Turkmenistan,Mobile Phone Monthly Plan with Calls and 10GB+ Data,44.76,
Turkmenistan,"Internet (60 Mbps or More, Unlimited Data, Cable/ADSL)",219.05,
Turkmenistan,"Fitness Club, Monthly Fee for 1 Adult",132.14,
Turkmenistan,Tennis Court Rent (1 Hour on Weekend),44.76,
Turkmenistan,"Cinema, International Release, 1 Seat",15.71,
Turkmenistan,"Preschool (or Kindergarten), Full Day, Private, Monthly for 1 Child",34.29,
Turkmenistan,"International Primary School, Yearly for 1 Child",,
Turkmenistan,1 Pair of Jeans (Levis 501 Or Similar),85.71,
Turkmenistan,"1 Summer Dress in a Chain Store (Zara, H&M, ...)",100.0,
Turkmenistan,1 Pair of Nike Running Shoes (Mid-Range),252.38,
Turkmenistan,1 Pair of Men Leather Business Shoes,276.19,
Turkmenistan,Apartment (1 bedroom) in City Centre,1045.71,
Turkmenistan,Apartment (1 bedroom) Outside of Centre,657.14,
Turkmenistan,Apartment (3 bedrooms) in City Centre,1657.14,
Turkmenistan,Apartment (3 bedrooms) Outside of Centre,1400.0,
Turkmenistan,Price per Square Meter to Buy Apartment in City Centre,3904.76,
Turkmenistan,Price per Square Meter to Buy Apartment Outside of Centre,3000.0,
Turkmenistan,Average Monthly Net Salary (After Tax),664.29,
Turkmenistan,"Mortgage Interest Rate in Percentages (%), Yearly, for 20 Years Fixed-Rate",9.0,
Turks And Caicos Islands,"Meal, Inexpensive Restaurant",20.0,
Turks And Caicos Islands,"Meal for 2 People, Mid-range Restaurant, Three-course",120.0,
Turks And Caicos Islands,McMeal at McDonalds (or Equivalent Combo Meal),10.0,
Turks And Caicos Islands,Domestic Beer (0.5 liter draught),5.0,
Turks And Caicos Islands,Imported Beer (0.33 liter bottle),6.5,
Turks And Caicos Islands,Cappuccino (regular),5.5,
Turks And Caicos Islands,Coke/Pepsi (0.33 liter bottle),2.67,
Turks And Caicos Islands,Water (0.33 liter bottle),2.67,
Turks And Caicos Islands,"Milk (regular), (1 liter)",5.53,
Turks And Caicos Islands,Loaf of Fresh White Bread (500g),3.92,
Turks And Caicos Islands,"Rice (white), (1kg)",,
Turks And Caicos Islands,Eggs (regular) (12),4.0,
Turks And Caicos Islands,Local Cheese (1kg),26.46,
Turks And Caicos Islands,Chicken Fillets (1kg),15.0,
Turks And Caicos Islands,Beef Round (1kg) (or Equivalent Back Leg Red Meat),17.61,
Turks And Caicos Islands,Apples (1kg),,
Turks And Caicos Islands,Banana (1kg),,
Turks And Caicos Islands,Oranges (1kg),,
Turks And Caicos Islands,Tomato (1kg),6.61,
Turks And Caicos Islands,Potato (1kg),,
Turks And Caicos Islands,Onion (1kg),,
Turks And Caicos Islands,Lettuce (1 head),6.25,
Turks And Caicos Islands,Water (1.5 liter bottle),2.06,
Turks And Caicos Islands,Bottle of Wine (Mid-Range),20.0,
Turks And Caicos Islands,Domestic Beer (0.5 liter bottle),,
Turks And Caicos Islands,Imported Beer (0.33 liter bottle),,
Turks And Caicos Islands,Cigarettes 20 Pack (Marlboro),7.0,
Turks And Caicos Islands,One-way Ticket (Local Transport),,
Turks And Caicos Islands,Monthly Pass (Regular Price),,
Turks And Caicos Islands,Taxi Start (Normal Tariff),,
Turks And Caicos Islands,Taxi 1km (Normal Tariff),,
Turks And Caicos Islands,Taxi 1hour Waiting (Normal Tariff),,
Turks And Caicos Islands,Gasoline (1 liter),2.12,
Turks And Caicos Islands,Volkswagen Golf 1.4 90 KW Trendline (Or Equivalent New Car),,
Turks And Caicos Islands,Toyota Corolla Sedan 1.6l 97kW Comfort (Or Equivalent New Car),,
Turks And Caicos Islands,"Basic (Electricity, Heating, Cooling, Water, Garbage) for 85m2 Apartment",333.33,
Turks And Caicos Islands,Mobile Phone Monthly Plan with Calls and 10GB+ Data,,
Turks And Caicos Islands,"Internet (60 Mbps or More, Unlimited Data, Cable/ADSL)",112.67,
Turks And Caicos Islands,"Fitness Club, Monthly Fee for 1 Adult",100.0,
Turks And Caicos Islands,Tennis Court Rent (1 Hour on Weekend),,
Turks And Caicos Islands,"Cinema, International Release, 1 Seat",,
Turks And Caicos Islands,"Preschool (or Kindergarten), Full Day, Private, Monthly for 1 Child",500.0,
Turks And Caicos Islands,"International Primary School, Yearly for 1 Child",8000.0,
Turks And Caicos Islands,1 Pair of Jeans (Levis 501 Or Similar),80.0,
Turks And Caicos Islands,"1 Summer Dress in a Chain Store (Zara, H&M, ...)",60.0,
Turks And Caicos Islands,1 Pair of Nike Running Shoes (Mid-Range),150.0,
Turks And Caicos Islands,1 Pair of Men Leather Business Shoes,100.0,
Turks And Caicos Islands,Apartment (1 bedroom) in City Centre,1500.0,
Turks And Caicos Islands,Apartment (1 bedroom) Outside of Centre,1250.0,
Turks And Caicos Islands,Apartment (3 bedrooms) in City Centre,3000.0,
Turks And Caicos Islands,Apartment (3 bedrooms) Outside of Centre,2566.67,
Turks And Caicos Islands,Price per Square Meter to Buy Apartment in City Centre,,
Turks And Caicos Islands,Price per Square Meter to Buy Apartment Outside of Centre,2163.55,
Turks And Caicos Islands,Average Monthly Net Salary (After Tax),5472.22,
Turks And Caicos Islands,"Mortgage Interest Rate in Percentages (%), Yearly, for 20 Years Fixed-Rate",7.0,
Tuvalu,"Meal, Inexpensive Restaurant",3.64,
Tuvalu,"Meal for 2 People, Mid-range Restaurant, Three-course",10.79,
Tuvalu,McMeal at McDonalds (or Equivalent Combo Meal),,
Tuvalu,Domestic Beer (0.5 liter draught),4.1,
Tuvalu,Imported Beer (0.33 liter bottle),3.67,
Tuvalu,Cappuccino (regular),1.07,
Tuvalu,Coke/Pepsi (0.33 liter bottle),1.83,
Tuvalu,Water (0.33 liter bottle),1.38,
Tuvalu,"Milk (regular), (1 liter)",1.42,
Tuvalu,Loaf of Fresh White Bread (500g),1.18,
Tuvalu,"Rice (white), (1kg)",0.85,
Tuvalu,Eggs (regular) (12),3.56,
Tuvalu,Local Cheese (1kg),6.23,
Tuvalu,Chicken Fillets (1kg),8.13,
Tuvalu,Beef Round (1kg) (or Equivalent Back Leg Red Meat),4.45,
Tuvalu,Apples (1kg),0.89,
Tuvalu,Banana (1kg),0.99,
Tuvalu,Oranges (1kg),1.1,
Tuvalu,Tomato (1kg),1.66,
Tuvalu,Potato (1kg),0.57,
Tuvalu,Onion (1kg),0.52,
Tuvalu,Lettuce (1 head),,
Tuvalu,Water (1.5 liter bottle),,
Tuvalu,Bottle of Wine (Mid-Range),,
Tuvalu,Domestic Beer (0.5 liter bottle),,
Tuvalu,Imported Beer (0.33 liter bottle),,
Tuvalu,Cigarettes 20 Pack (Marlboro),,
Tuvalu,One-way Ticket (Local Transport),,
Tuvalu,Monthly Pass (Regular Price),,
Tuvalu,Taxi Start (Normal Tariff),,
Tuvalu,Taxi 1km (Normal Tariff),,
Tuvalu,Taxi 1hour Waiting (Normal Tariff),,
Tuvalu,Gasoline (1 liter),,
Tuvalu,Volkswagen Golf 1.4 90 KW Trendline (Or Equivalent New Car),,
Tuvalu,Toyota Corolla Sedan 1.6l 97kW Comfort (Or Equivalent New Car),,
Tuvalu,"Basic (Electricity, Heating, Cooling, Water, Garbage) for 85m2 Apartment",,
Tuvalu,Mobile Phone Monthly Plan with Calls and 10GB+ Data,,
Tuvalu,"Internet (60 Mbps or More, Unlimited Data, Cable/ADSL)",,
Tuvalu,"Fitness Club, Monthly Fee for 1 Adult",,
Tuvalu,Tennis Court Rent (1 Hour on Weekend),,
Tuvalu,"Cinema, International Release, 1 Seat",,
Tuvalu,"Preschool (or Kindergarten), Full Day, Private, Monthly for 1 Child",,
Tuvalu,"International Primary School, Yearly for 1 Child",,
Tuvalu,1 Pair of Jeans (Levis 501 Or Similar),,
Tuvalu,"1 Summer Dress in a Chain Store (Zara, H&M, ...)",,
Tuvalu,1 Pair of Nike Running Shoes (Mid-Range),,
Tuvalu,1 Pair of Men Leather Business Shoes,,
Tuvalu,Apartment (1 bedroom) in City Centre,220.72,
Tuvalu,Apartment (1 bedroom) Outside of Centre,155.61,
Tuvalu,Apartment (3 bedrooms) in City Centre,155.88,
Tuvalu,Apartment (3 bedrooms) Outside of Centre,216.56,
Tuvalu,Price per Square Meter to Buy Apartment in City Centre,817.12,
Tuvalu,Price per Square Meter to Buy Apartment Outside of Centre,347.73,
Tuvalu,Average Monthly Net Salary (After Tax),5274.99,
Tuvalu,"Mortgage Interest Rate in Percentages (%), Yearly, for 20 Years Fixed-Rate",5.0,
Uganda,"Meal, Inexpensive Restaurant",2.72,-61.2
Uganda,"Meal for 2 People, Mid-range Restaurant, Three-course",23.13,-61.2
Uganda,McMeal at McDonalds (or Equivalent Combo Meal),8.16,-61.2
Uganda,Domestic Beer (0.5 liter draught),1.09,-61.2
Uganda,Imported Beer (0.33 liter bottle),2.72,-61.2
Uganda,Cappuccino (regular),2.61,-61.2
Uganda,Coke/Pepsi (0.33 liter bottle),0.4,-61.2
Uganda,Water (0.33 liter bottle),0.27,-61.2
Uganda,"Milk (regular), (1 liter)",0.68,-61.2
Uganda,Loaf of Fresh White Bread (500g),1.17,-61.2
Uganda,"Rice (white), (1kg)",1.36,-61.2
Uganda,Eggs (regular) (12),1.83,-61.2
Uganda,Local Cheese (1kg),4.47,-61.2
Uganda,Chicken Fillets (1kg),4.67,-61.2
Uganda,Beef Round (1kg) (or Equivalent Back Leg Red Meat),4.07,-61.2
Uganda,Apples (1kg),2.85,-61.2
Uganda,Banana (1kg),1.55,-61.2
Uganda,Oranges (1kg),1.84,-61.2
Uganda,Tomato (1kg),1.46,-61.2
Uganda,Potato (1kg),1.45,-61.2
Uganda,Onion (1kg),1.72,-61.2
Uganda,Lettuce (1 head),0.82,-61.2
Uganda,Water (1.5 liter bottle),0.56,-61.2
Uganda,Bottle of Wine (Mid-Range),10.88,-61.2
Uganda,Domestic Beer (0.5 liter bottle),1.17,-61.2
Uganda,Imported Beer (0.33 liter bottle),2.06,-61.2
Uganda,Cigarettes 20 Pack (Marlboro),2.72,-61.2
Uganda,One-way Ticket (Local Transport),0.82,-61.2
Uganda,Monthly Pass (Regular Price),42.17,-61.2
Uganda,Taxi Start (Normal Tariff),0.68,-61.2
Uganda,Taxi 1km (Normal Tariff),0.27,-61.2
Uganda,Taxi 1hour Waiting (Normal Tariff),4.08,-61.2
Uganda,Gasoline (1 liter),1.54,-61.2
Uganda,Volkswagen Golf 1.4 90 KW Trendline (Or Equivalent New Car),9522.64,-61.2
Uganda,Toyota Corolla Sedan 1.6l 97kW Comfort (Or Equivalent New Car),9046.51,-61.2
Uganda,"Basic (Electricity, Heating, Cooling, Water, Garbage) for 85m2 Apartment",44.84,-61.2
Uganda,Mobile Phone Monthly Plan with Calls and 10GB+ Data,14.69,-61.2
Uganda,"Internet (60 Mbps or More, Unlimited Data, Cable/ADSL)",75.93,-61.2
Uganda,"Fitness Club, Monthly Fee for 1 Adult",40.81,-61.2
Uganda,Tennis Court Rent (1 Hour on Weekend),10.48,-61.2
Uganda,"Cinema, International Release, 1 Seat",6.26,-61.2
Uganda,"Preschool (or Kindergarten), Full Day, Private, Monthly for 1 Child",124.61,-61.2
Uganda,"International Primary School, Yearly for 1 Child",3720.63,-61.2
Uganda,1 Pair of Jeans (Levis 501 Or Similar),16.74,-61.2
Uganda,"1 Summer Dress in a Chain Store (Zara, H&M, ...)",13.0,-61.2
Uganda,1 Pair of Nike Running Shoes (Mid-Range),33.74,-61.2
Uganda,1 Pair of Men Leather Business Shoes,51.49,-61.2
Uganda,Apartment (1 bedroom) in City Centre,253.24,-61.2
Uganda,Apartment (1 bedroom) Outside of Centre,191.3,-61.2
Uganda,Apartment (3 bedrooms) in City Centre,798.91,-61.2
Uganda,Apartment (3 bedrooms) Outside of Centre,400.86,-61.2
Uganda,Price per Square Meter to Buy Apartment in City Centre,1154.61,-61.2
Uganda,Price per Square Meter to Buy Apartment Outside of Centre,24707.89,-61.2
Uganda,Average Monthly Net Salary (After Tax),164.95,-61.2
Uganda,"Mortgage Interest Rate in Percentages (%), Yearly, for 20 Years Fixed-Rate",22.0,-61.2
Ukraine,"Meal, Inexpensive Restaurant",6.03,-62.4
Ukraine,"Meal for 2 People, Mid-range Restaurant, Three-course",24.13,-62.4
Ukraine,McMeal at McDonalds (or Equivalent Combo Meal),5.07,-62.4
Ukraine,Domestic Beer (0.5 liter draught),0.98,-62.4
Ukraine,Imported Beer (0.33 liter bottle),1.57,-62.4
Ukraine,Cappuccino (regular),1.22,-62.4
Ukraine,Coke/Pepsi (0.33 liter bottle),0.63,-62.4
Ukraine,Water (0.33 liter bottle),0.43,-62.4
Ukraine,"Milk (regular), (1 liter)",0.98,-62.4
Ukraine,Loaf of Fresh White Bread (500g),0.61,-62.4
Ukraine,"Rice (white), (1kg)",1.38,-62.4
Ukraine,Eggs (regular) (12),1.66,-62.4
Ukraine,Local Cheese (1kg),7.75,-62.4
Ukraine,Chicken Fillets (1kg),3.82,-62.4
Ukraine,Beef Round (1kg) (or Equivalent Back Leg Red Meat),5.89,-62.4
Ukraine,Apples (1kg),0.69,-62.4
Ukraine,Banana (1kg),1.51,-62.4
Ukraine,Oranges (1kg),1.51,-62.4
Ukraine,Tomato (1kg),1.92,-62.4
Ukraine,Potato (1kg),0.48,-62.4
Ukraine,Onion (1kg),0.69,-62.4
Ukraine,Lettuce (1 head),1.04,-62.4
Ukraine,Water (1.5 liter bottle),0.5,-62.4
Ukraine,Bottle of Wine (Mid-Range),4.34,-62.4
Ukraine,Domestic Beer (0.5 liter bottle),0.78,-62.4
Ukraine,Imported Beer (0.33 liter bottle),1.29,-62.4
Ukraine,Cigarettes 20 Pack (Marlboro),2.29,-62.4
Ukraine,One-way Ticket (Local Transport),0.34,-62.4
Ukraine,Monthly Pass (Regular Price),9.41,-62.4
Ukraine,Taxi Start (Normal Tariff),1.69,-62.4
Ukraine,Taxi 1km (Normal Tariff),0.29,-62.4
Ukraine,Taxi 1hour Waiting (Normal Tariff),3.62,-62.4
Ukraine,Gasoline (1 liter),1.32,-62.4
Ukraine,Volkswagen Golf 1.4 90 KW Trendline (Or Equivalent New Car),29561.01,-62.4
Ukraine,Toyota Corolla Sedan 1.6l 97kW Comfort (Or Equivalent New Car),22941.15,-62.4
Ukraine,"Basic (Electricity, Heating, Cooling, Water, Garbage) for 85m2 Apartment",81.02,-62.4
Ukraine,Mobile Phone Monthly Plan with Calls and 10GB+ Data,5.17,-62.4
Ukraine,"Internet (60 Mbps or More, Unlimited Data, Cable/ADSL)",5.71,-62.4
Ukraine,"Fitness Club, Monthly Fee for 1 Adult",20.81,-62.4
Ukraine,Tennis Court Rent (1 Hour on Weekend),10.86,-62.4
Ukraine,"Cinema, International Release, 1 Seat",4.1,-62.4
Ukraine,"Preschool (or Kindergarten), Full Day, Private, Monthly for 1 Child",282.94,-62.4
Ukraine,"International Primary School, Yearly for 1 Child",4890.14,-62.4
Ukraine,1 Pair of Jeans (Levis 501 Or Similar),55.28,-62.4
Ukraine,"1 Summer Dress in a Chain Store (Zara, H&M, ...)",34.11,-62.4
Ukraine,1 Pair of Nike Running Shoes (Mid-Range),79.02,-62.4
Ukraine,1 Pair of Men Leather Business Shoes,84.92,-62.4
Ukraine,Apartment (1 bedroom) in City Centre,351.17,-62.4
Ukraine,Apartment (1 bedroom) Outside of Centre,237.12,-62.4
Ukraine,Apartment (3 bedrooms) in City Centre,609.57,-62.4
Ukraine,Apartment (3 bedrooms) Outside of Centre,395.17,-62.4
Ukraine,Price per Square Meter to Buy Apartment in City Centre,1429.25,-62.4
Ukraine,Price per Square Meter to Buy Apartment Outside of Centre,918.73,-62.4
Ukraine,Average Monthly Net Salary (After Tax),423.93,-62.4
Ukraine,"Mortgage Interest Rate in Percentages (%), Yearly, for 20 Years Fixed-Rate",17.78,-62.4
United Arab Emirates,"Meal, Inexpensive Restaurant",9.53,93.2
United Arab Emirates,"Meal for 2 People, Mid-range Restaurant, Three-course",68.06,93.2
United Arab Emirates,McMeal at McDonalds (or Equivalent Combo Meal),9.53,93.2
United Arab Emirates,Domestic Beer (0.5 liter draught),10.89,93.2
United Arab Emirates,Imported Beer (0.33 liter bottle),13.61,93.2
United Arab Emirates,Cappuccino (regular),5.82,93.2
United Arab Emirates,Coke/Pepsi (0.33 liter bottle),1.13,93.2
United Arab Emirates,Water (0.33 liter bottle),0.59,93.2
United Arab Emirates,"Milk (regular), (1 liter)",1.8,93.2
United Arab Emirates,Loaf of Fresh White Bread (500g),1.4,93.2
United Arab Emirates,"Rice (white), (1kg)",2.2,93.2
United Arab Emirates,Eggs (regular) (12),2.89,93.2
United Arab Emirates,Local Cheese (1kg),9.08,93.2
United Arab Emirates,Chicken Fillets (1kg),7.92,93.2
United Arab Emirates,Beef Round (1kg) (or Equivalent Back Leg Red Meat),10.13,93.2
United Arab Emirates,Apples (1kg),2.21,93.2
United Arab Emirates,Banana (1kg),1.75,93.2
United Arab Emirates,Oranges (1kg),1.75,93.2
United Arab Emirates,Tomato (1kg),1.37,93.2
United Arab Emirates,Potato (1kg),1.05,93.2
United Arab Emirates,Onion (1kg),1.26,93.2
United Arab Emirates,Lettuce (1 head),1.54,93.2
United Arab Emirates,Water (1.5 liter bottle),0.58,93.2
United Arab Emirates,Bottle of Wine (Mid-Range),13.61,93.2
United Arab Emirates,Domestic Beer (0.5 liter bottle),2.43,93.2
United Arab Emirates,Imported Beer (0.33 liter bottle),3.41,93.2
United Arab Emirates,Cigarettes 20 Pack (Marlboro),6.26,93.2
United Arab Emirates,One-way Ticket (Local Transport),1.36,93.2
United Arab Emirates,Monthly Pass (Regular Price),54.45,93.2
United Arab Emirates,Taxi Start (Normal Tariff),3.27,93.2
United Arab Emirates,Taxi 1km (Normal Tariff),0.68,93.2
United Arab Emirates,Taxi 1hour Waiting (Normal Tariff),8.17,93.2
United Arab Emirates,Gasoline (1 liter),0.81,93.2
United Arab Emirates,Volkswagen Golf 1.4 90 KW Trendline (Or Equivalent New Car),44633.0,93.2
United Arab Emirates,Toyota Corolla Sedan 1.6l 97kW Comfort (Or Equivalent New Car),22242.26,93.2
United Arab Emirates,"Basic (Electricity, Heating, Cooling, Water, Garbage) for 85m2 Apartment",182.24,93.2
United Arab Emirates,Mobile Phone Monthly Plan with Calls and 10GB+ Data,56.92,93.2
United Arab Emirates,"Internet (60 Mbps or More, Unlimited Data, Cable/ADSL)",101.05,93.2
United Arab Emirates,"Fitness Club, Monthly Fee for 1 Adult",67.61,93.2
United Arab Emirates,Tennis Court Rent (1 Hour on Weekend),35.45,93.2
United Arab Emirates,"Cinema, International Release, 1 Seat",13.61,93.2
United Arab Emirates,"Preschool (or Kindergarten), Full Day, Private, Monthly for 1 Child",630.08,93.2
United Arab Emirates,"International Primary School, Yearly for 1 Child",11266.87,93.2
United Arab Emirates,1 Pair of Jeans (Levis 501 Or Similar),60.03,93.2
United Arab Emirates,"1 Summer Dress in a Chain Store (Zara, H&M, ...)",60.94,93.2
United Arab Emirates,1 Pair of Nike Running Shoes (Mid-Range),96.31,93.2
United Arab Emirates,1 Pair of Men Leather Business Shoes,94.86,93.2
United Arab Emirates,Apartment (1 bedroom) in City Centre,1615.73,93.2
United Arab Emirates,Apartment (1 bedroom) Outside of Centre,1135.78,93.2
United Arab Emirates,Apartment (3 bedrooms) in City Centre,3180.34,93.2
United Arab Emirates,Apartment (3 bedrooms) Outside of Centre,2252.73,93.2
United Arab Emirates,Price per Square Meter to Buy Apartment in City Centre,5523.63,93.2
United Arab Emirates,Price per Square Meter to Buy Apartment Outside of Centre,3464.04,93.2
United Arab Emirates,Average Monthly Net Salary (After Tax),3246.86,93.2
United Arab Emirates,"Mortgage Interest Rate in Percentages (%), Yearly, for 20 Years Fixed-Rate",4.77,93.2
United Kingdom,"Meal, Inexpensive Restaurant",19.42,53.1
United Kingdom,"Meal for 2 People, Mid-range Restaurant, Three-course",77.68,53.1
United Kingdom,McMeal at McDonalds (or Equivalent Combo Meal),9.06,53.1
United Kingdom,Domestic Beer (0.5 liter draught),6.21,53.1
United Kingdom,Imported Beer (0.33 liter bottle),5.83,53.1
United Kingdom,Cappuccino (regular),4.24,53.1
United Kingdom,Coke/Pepsi (0.33 liter bottle),2.26,53.1
United Kingdom,Water (0.33 liter bottle),1.61,53.1
United Kingdom,"Milk (regular), (1 liter)",1.61,53.1
United Kingdom,Loaf of Fresh White Bread (500g),1.59,53.1
United Kingdom,"Rice (white), (1kg)",2.09,53.1
United Kingdom,Eggs (regular) (12),3.81,53.1
United Kingdom,Local Cheese (1kg),9.2,53.1
United Kingdom,Chicken Fillets (1kg),8.54,53.1
United Kingdom,Beef Round (1kg) (or Equivalent Back Leg Red Meat),13.53,53.1
United Kingdom,Apples (1kg),2.78,53.1
United Kingdom,Banana (1kg),1.52,53.1
United Kingdom,Oranges (1kg),2.78,53.1
United Kingdom,Tomato (1kg),3.41,53.1
United Kingdom,Potato (1kg),1.49,53.1
United Kingdom,Onion (1kg),1.41,53.1
United Kingdom,Lettuce (1 head),1.04,53.1
United Kingdom,Water (1.5 liter bottle),1.42,53.1
United Kingdom,Bottle of Wine (Mid-Range),10.36,53.1
United Kingdom,Domestic Beer (0.5 liter bottle),2.59,53.1
United Kingdom,Imported Beer (0.33 liter bottle),3.15,53.1
United Kingdom,Cigarettes 20 Pack (Marlboro),18.13,53.1
United Kingdom,One-way Ticket (Local Transport),2.78,53.1
United Kingdom,Monthly Pass (Regular Price),90.63,53.1
United Kingdom,Taxi Start (Normal Tariff),3.88,53.1
United Kingdom,Taxi 1km (Normal Tariff),1.61,53.1
United Kingdom,Taxi 1hour Waiting (Normal Tariff),22.53,53.1
United Kingdom,Gasoline (1 liter),1.9,53.1
United Kingdom,Volkswagen Golf 1.4 90 KW Trendline (Or Equivalent New Car),36619.15,53.1
United Kingdom,Toyota Corolla Sedan 1.6l 97kW Comfort (Or Equivalent New Car),33415.01,53.1
United Kingdom,"Basic (Electricity, Heating, Cooling, Water, Garbage) for 85m2 Apartment",318.77,53.1
United Kingdom,Mobile Phone Monthly Plan with Calls and 10GB+ Data,16.29,53.1
United Kingdom,"Internet (60 Mbps or More, Unlimited Data, Cable/ADSL)",39.99,53.1
United Kingdom,"Fitness Club, Monthly Fee for 1 Adult",42.91,53.1
United Kingdom,Tennis Court Rent (1 Hour on Weekend),14.61,53.1
United Kingdom,"Cinema, International Release, 1 Seat",12.95,53.1
United Kingdom,"Preschool (or Kindergarten), Full Day, Private, Monthly for 1 Child",1627.01,53.1
United Kingdom,"International Primary School, Yearly for 1 Child",19526.14,53.1
United Kingdom,1 Pair of Jeans (Levis 501 Or Similar),82.93,53.1
United Kingdom,"1 Summer Dress in a Chain Store (Zara, H&M, ...)",41.4,53.1
United Kingdom,1 Pair of Nike Running Shoes (Mid-Range),96.25,53.1
United Kingdom,1 Pair of Men Leather Business Shoes,97.07,53.1
United Kingdom,Apartment (1 bedroom) in City Centre,1374.5,53.1
United Kingdom,Apartment (1 bedroom) Outside of Centre,1095.82,53.1
United Kingdom,Apartment (3 bedrooms) in City Centre,2275.19,53.1
United Kingdom,Apartment (3 bedrooms) Outside of Centre,1736.77,53.1
United Kingdom,Price per Square Meter to Buy Apartment in City Centre,6403.44,53.1
United Kingdom,Price per Square Meter to Buy Apartment Outside of Centre,4844.02,53.1
United Kingdom,Average Monthly Net Salary (After Tax),3145.4,53.1
United Kingdom,"Mortgage Interest Rate in Percentages (%), Yearly, for 20 Years Fixed-Rate",5.83,53.1
United States,"Meal, Inexpensive Restaurant",20.0,101.6
United States,"Meal for 2 People, Mid-range Restaurant, Three-course",75.0,101.6
United States,McMeal at McDonalds (or Equivalent Combo Meal),11.0,101.6
United States,Domestic Beer (0.5 liter draught),6.0,101.6
United States,Imported Beer (0.33 liter bottle),7.0,101.6
United States,Cappuccino (regular),5.16,101.6
United States,Coke/Pepsi (0.33 liter bottle),2.53,101.6
United States,Water (0.33 liter bottle),2.05,101.6
United States,"Milk (regular), (1 liter)",1.05,101.6
United States,Loaf of Fresh White Bread (500g),3.59,101.6
United States,"Rice (white), (1kg)",4.58,101.6
United States,Eggs (regular) (12),3.71,101.6
United States,Local Cheese (1kg),12.89,101.6
United States,Chicken Fillets (1kg),12.06,101.6
United States,Beef Round (1kg) (or Equivalent Back Leg Red Meat),16.02,101.6
United States,Apples (1kg),5.27,101.6
United States,Banana (1kg),1.67,101.6
United States,Oranges (1kg),4.51,101.6
United States,Tomato (1kg),4.92,101.6
United States,Potato (1kg),2.98,101.6
United States,Onion (1kg),3.08,101.6
United States,Lettuce (1 head),2.18,101.6
United States,Water (1.5 liter bottle),2.2,101.6
United States,Bottle of Wine (Mid-Range),15.0,101.6
United States,Domestic Beer (0.5 liter bottle),1.85,101.6
United States,Imported Beer (0.33 liter bottle),3.54,101.6
United States,Cigarettes 20 Pack (Marlboro),10.0,101.6
United States,One-way Ticket (Local Transport),2.5,101.6
United States,Monthly Pass (Regular Price),65.41,101.6
United States,Taxi Start (Normal Tariff),3.67,101.6
United States,Taxi 1km (Normal Tariff),1.71,101.6
United States,Taxi 1hour Waiting (Normal Tariff),30.0,101.6
United States,Gasoline (1 liter),0.96,101.6
United States,Volkswagen Golf 1.4 90 KW Trendline (Or Equivalent New Car),33680.68,101.6
United States,Toyota Corolla Sedan 1.6l 97kW Comfort (Or Equivalent New Car),26149.56,101.6
United States,"Basic (Electricity, Heating, Cooling, Water, Garbage) for 85m2 Apartment",207.47,101.6
United States,Mobile Phone Monthly Plan with Calls and 10GB+ Data,55.18,101.6
United States,"Internet (60 Mbps or More, Unlimited Data, Cable/ADSL)",70.93,101.6
United States,"Fitness Club, Monthly Fee for 1 Adult",46.57,101.6
United States,Tennis Court Rent (1 Hour on Weekend),21.04,101.6
United States,"Cinema, International Release, 1 Seat",14.0,101.6
United States,"Preschool (or Kindergarten), Full Day, Private, Monthly for 1 Child",1372.93,101.6
United States,"International Primary School, Yearly for 1 Child",22552.56,101.6
United States,1 Pair of Jeans (Levis 501 Or Similar),52.24,101.6
United States,"1 Summer Dress in a Chain Store (Zara, H&M, ...)",42.8,101.6
United States,1 Pair of Nike Running Shoes (Mid-Range),88.9,101.6
United States,1 Pair of Men Leather Business Shoes,113.78,101.6
United States,Apartment (1 bedroom) in City Centre,1759.05,101.6
United States,Apartment (1 bedroom) Outside of Centre,1446.16,101.6
United States,Apartment (3 bedrooms) in City Centre,2936.36,101.6
United States,Apartment (3 bedrooms) Outside of Centre,2397.01,101.6
United States,Price per Square Meter to Buy Apartment in City Centre,3455.34,101.6
United States,Price per Square Meter to Buy Apartment Outside of Centre,2768.26,101.6
United States,Average Monthly Net Salary (After Tax),4433.96,101.6
United States,"Mortgage Interest Rate in Percentages (%), Yearly, for 20 Years Fixed-Rate",6.56,101.6
Uruguay,"Meal, Inexpensive Restaurant",15.24,-37.0
Uruguay,"Meal for 2 People, Mid-range Restaurant, Three-course",47.99,-37.0
Uruguay,McMeal at McDonalds (or Equivalent Combo Meal),10.8,-37.0
Uruguay,Domestic Beer (0.5 liter draught),3.36,-37.0
Uruguay,Imported Beer (0.33 liter bottle),3.6,-37.0
Uruguay,Cappuccino (regular),3.8,-37.0
Uruguay,Coke/Pepsi (0.33 liter bottle),2.13,-37.0
Uruguay,Water (0.33 liter bottle),1.68,-37.0
Uruguay,"Milk (regular), (1 liter)",1.1,-37.0
Uruguay,Loaf of Fresh White Bread (500g),2.62,-37.0
Uruguay,"Rice (white), (1kg)",1.53,-37.0
Uruguay,Eggs (regular) (12),4.11,-37.0
Uruguay,Local Cheese (1kg),12.74,-37.0
Uruguay,Chicken Fillets (1kg),9.6,-37.0
Uruguay,Beef Round (1kg) (or Equivalent Back Leg Red Meat),10.24,-37.0
Uruguay,Apples (1kg),2.65,-37.0
Uruguay,Banana (1kg),2.31,-37.0
Uruguay,Oranges (1kg),1.52,-37.0
Uruguay,Tomato (1kg),3.29,-37.0
Uruguay,Potato (1kg),1.8,-37.0
Uruguay,Onion (1kg),1.88,-37.0
Uruguay,Lettuce (1 head),1.22,-37.0
Uruguay,Water (1.5 liter bottle),1.64,-37.0
Uruguay,Bottle of Wine (Mid-Range),7.2,-37.0
Uruguay,Domestic Beer (0.5 liter bottle),2.15,-37.0
Uruguay,Imported Beer (0.33 liter bottle),2.89,-37.0
Uruguay,Cigarettes 20 Pack (Marlboro),5.04,-37.0
Uruguay,One-way Ticket (Local Transport),1.2,-37.0
Uruguay,Monthly Pass (Regular Price),43.19,-37.0
Uruguay,Taxi Start (Normal Tariff),1.44,-37.0
Uruguay,Taxi 1km (Normal Tariff),1.56,-37.0
Uruguay,Taxi 1hour Waiting (Normal Tariff),10.8,-37.0
Uruguay,Gasoline (1 liter),1.87,-37.0
Uruguay,Volkswagen Golf 1.4 90 KW Trendline (Or Equivalent New Car),38394.33,-37.0
Uruguay,Toyota Corolla Sedan 1.6l 97kW Comfort (Or Equivalent New Car),37413.85,-37.0
Uruguay,"Basic (Electricity, Heating, Cooling, Water, Garbage) for 85m2 Apartment",124.34,-37.0
Uruguay,Mobile Phone Monthly Plan with Calls and 10GB+ Data,16.46,-37.0
Uruguay,"Internet (60 Mbps or More, Unlimited Data, Cable/ADSL)",40.65,-37.0
Uruguay,"Fitness Club, Monthly Fee for 1 Adult",53.26,-37.0
Uruguay,Tennis Court Rent (1 Hour on Weekend),19.56,-37.0
Uruguay,"Cinema, International Release, 1 Seat",9.72,-37.0
Uruguay,"Preschool (or Kindergarten), Full Day, Private, Monthly for 1 Child",350.51,-37.0
Uruguay,"International Primary School, Yearly for 1 Child",7883.57,-37.0
Uruguay,1 Pair of Jeans (Levis 501 Or Similar),89.52,-37.0
Uruguay,"1 Summer Dress in a Chain Store (Zara, H&M, ...)",44.21,-37.0
Uruguay,1 Pair of Nike Running Shoes (Mid-Range),111.5,-37.0
Uruguay,1 Pair of Men Leather Business Shoes,110.96,-37.0
Uruguay,Apartment (1 bedroom) in City Centre,567.59,-37.0
Uruguay,Apartment (1 bedroom) Outside of Centre,415.67,-37.0
Uruguay,Apartment (3 bedrooms) in City Centre,941.1,-37.0
Uruguay,Apartment (3 bedrooms) Outside of Centre,745.91,-37.0
Uruguay,Price per Square Meter to Buy Apartment in City Centre,2647.98,-37.0
Uruguay,Price per Square Meter to Buy Apartment Outside of Centre,2171.04,-37.0
Uruguay,Average Monthly Net Salary (After Tax),1028.6,-37.0
Uruguay,"Mortgage Interest Rate in Percentages (%), Yearly, for 20 Years Fixed-Rate",6.15,-37.0
Us Virgin Islands,"Meal, Inexpensive Restaurant",25.0,127.6
Us Virgin Islands,"Meal for 2 People, Mid-range Restaurant, Three-course",127.5,127.6
Us Virgin Islands,McMeal at McDonalds (or Equivalent Combo Meal),10.0,127.6
Us Virgin Islands,Domestic Beer (0.5 liter draught),5.0,127.6
Us Virgin Islands,Imported Beer (0.33 liter bottle),7.0,127.6
Us Virgin Islands,Cappuccino (regular),6.14,127.6
Us Virgin Islands,Coke/Pepsi (0.33 liter bottle),2.81,127.6
Us Virgin Islands,Water (0.33 liter bottle),1.77,127.6
Us Virgin Islands,"Milk (regular), (1 liter)",2.54,127.6
Us Virgin Islands,Loaf of Fresh White Bread (500g),5.7,127.6
Us Virgin Islands,"Rice (white), (1kg)",7.13,127.6
Us Virgin Islands,Eggs (regular) (12),6.32,127.6
Us Virgin Islands,Local Cheese (1kg),17.03,127.6
Us Virgin Islands,Chicken Fillets (1kg),22.71,127.6
Us Virgin Islands,Beef Round (1kg) (or Equivalent Back Leg Red Meat),18.28,127.6
Us Virgin Islands,Apples (1kg),9.11,127.6
Us Virgin Islands,Banana (1kg),4.44,127.6
Us Virgin Islands,Oranges (1kg),6.78,127.6
Us Virgin Islands,Tomato (1kg),6.93,127.6
Us Virgin Islands,Potato (1kg),4.06,127.6
Us Virgin Islands,Onion (1kg),4.4,127.6
Us Virgin Islands,Lettuce (1 head),4.22,127.6
Us Virgin Islands,Water (1.5 liter bottle),2.89,127.6
Us Virgin Islands,Bottle of Wine (Mid-Range),18.0,127.6
Us Virgin Islands,Domestic Beer (0.5 liter bottle),2.84,127.6
Us Virgin Islands,Imported Beer (0.33 liter bottle),4.83,127.6
Us Virgin Islands,Cigarettes 20 Pack (Marlboro),5.0,127.6
Us Virgin Islands,One-way Ticket (Local Transport),2.0,127.6
Us Virgin Islands,Monthly Pass (Regular Price),140.0,127.6
Us Virgin Islands,Taxi Start (Normal Tariff),20.0,127.6
Us Virgin Islands,Taxi 1km (Normal Tariff),3.11,127.6
Us Virgin Islands,Taxi 1hour Waiting (Normal Tariff),15.0,127.6
Us Virgin Islands,Gasoline (1 liter),1.31,127.6
Us Virgin Islands,Volkswagen Golf 1.4 90 KW Trendline (Or Equivalent New Car),40000.0,127.6
Us Virgin Islands,Toyota Corolla Sedan 1.6l 97kW Comfort (Or Equivalent New Car),38000.0,127.6
Us Virgin Islands,"Basic (Electricity, Heating, Cooling, Water, Garbage) for 85m2 Apartment",341.79,127.6
Us Virgin Islands,Mobile Phone Monthly Plan with Calls and 10GB+ Data,110.0,127.6
Us Virgin Islands,"Internet (60 Mbps or More, Unlimited Data, Cable/ADSL)",91.75,127.6
Us Virgin Islands,"Fitness Club, Monthly Fee for 1 Adult",111.29,127.6
Us Virgin Islands,Tennis Court Rent (1 Hour on Weekend),37.5,127.6
Us Virgin Islands,"Cinema, International Release, 1 Seat",14.0,127.6
Us Virgin Islands,"Preschool (or Kindergarten), Full Day, Private, Monthly for 1 Child",1287.5,127.6
Us Virgin Islands,"International Primary School, Yearly for 1 Child",15125.0,127.6
Us Virgin Islands,1 Pair of Jeans (Levis 501 Or Similar),73.33,127.6
Us Virgin Islands,"1 Summer Dress in a Chain Store (Zara, H&M, ...)",54.83,127.6
Us Virgin Islands,1 Pair of Nike Running Shoes (Mid-Range),106.67,127.6
Us Virgin Islands,1 Pair of Men Leather Business Shoes,96.67,127.6
Us Virgin Islands,Apartment (1 bedroom) in City Centre,1631.25,127.6
Us Virgin Islands,Apartment (1 bedroom) Outside of Centre,1436.27,127.6
Us Virgin Islands,Apartment (3 bedrooms) in City Centre,3162.5,127.6
Us Virgin Islands,Apartment (3 bedrooms) Outside of Centre,3411.11,127.6
Us Virgin Islands,Price per Square Meter to Buy Apartment in City Centre,5920.15,127.6
Us Virgin Islands,Price per Square Meter to Buy Apartment Outside of Centre,8072.93,127.6
Us Virgin Islands,Average Monthly Net Salary (After Tax),2969.26,127.6
Us Virgin Islands,"Mortgage Interest Rate in Percentages (%), Yearly, for 20 Years Fixed-Rate",6.79,127.6
Uzbekistan,"Meal, Inexpensive Restaurant",4.28,-42.0
Uzbekistan,"Meal for 2 People, Mid-range Restaurant, Three-course",23.36,-42.0
Uzbekistan,McMeal at McDonalds (or Equivalent Combo Meal),3.75,-42.0
Uzbekistan,Domestic Beer (0.5 liter draught),1.09,-42.0
Uzbekistan,Imported Beer (0.33 liter bottle),3.11,-42.0
Uzbekistan,Cappuccino (regular),1.69,-42.0
Uzbekistan,Coke/Pepsi (0.33 liter bottle),0.54,-42.0
Uzbekistan,Water (0.33 liter bottle),0.26,-42.0
Uzbekistan,"Milk (regular), (1 liter)",1.06,-42.0
Uzbekistan,Loaf of Fresh White Bread (500g),0.47,-42.0
Uzbekistan,"Rice (white), (1kg)",1.69,-42.0
Uzbekistan,Eggs (regular) (12),1.64,-42.0
Uzbekistan,Local Cheese (1kg),6.81,-42.0
Uzbekistan,Chicken Fillets (1kg),3.82,-42.0
Uzbekistan,Beef Round (1kg) (or Equivalent Back Leg Red Meat),7.93,-42.0
Uzbekistan,Apples (1kg),1.3,-42.0
Uzbekistan,Banana (1kg),1.76,-42.0
Uzbekistan,Oranges (1kg),2.16,-42.0
Uzbekistan,Tomato (1kg),1.51,-42.0
Uzbekistan,Potato (1kg),0.47,-42.0
Uzbekistan,Onion (1kg),0.4,-42.0
Uzbekistan,Lettuce (1 head),0.5,-42.0
Uzbekistan,Water (1.5 liter bottle),0.37,-42.0
Uzbekistan,Bottle of Wine (Mid-Range),5.23,-42.0
Uzbekistan,Domestic Beer (0.5 liter bottle),1.15,-42.0
Uzbekistan,Imported Beer (0.33 liter bottle),3.03,-42.0
Uzbekistan,Cigarettes 20 Pack (Marlboro),2.0,-42.0
Uzbekistan,One-way Ticket (Local Transport),0.15,-42.0
Uzbekistan,Monthly Pass (Regular Price),10.43,-42.0
Uzbekistan,Taxi Start (Normal Tariff),0.5,-42.0
Uzbekistan,Taxi 1km (Normal Tariff),0.3,-42.0
Uzbekistan,Taxi 1hour Waiting (Normal Tariff),4.0,-42.0
Uzbekistan,Gasoline (1 liter),0.98,-42.0
Uzbekistan,Volkswagen Golf 1.4 90 KW Trendline (Or Equivalent New Car),18998.88,-42.0
Uzbekistan,Toyota Corolla Sedan 1.6l 97kW Comfort (Or Equivalent New Car),25443.89,-42.0
Uzbekistan,"Basic (Electricity, Heating, Cooling, Water, Garbage) for 85m2 Apartment",40.98,-42.0
Uzbekistan,Mobile Phone Monthly Plan with Calls and 10GB+ Data,3.85,-42.0
Uzbekistan,"Internet (60 Mbps or More, Unlimited Data, Cable/ADSL)",12.94,-42.0
Uzbekistan,"Fitness Club, Monthly Fee for 1 Adult",41.05,-42.0
Uzbekistan,Tennis Court Rent (1 Hour on Weekend),11.15,-42.0
Uzbekistan,"Cinema, International Release, 1 Seat",4.67,-42.0
Uzbekistan,"Preschool (or Kindergarten), Full Day, Private, Monthly for 1 Child",270.69,-42.0
Uzbekistan,"International Primary School, Yearly for 1 Child",7413.9,-42.0
Uzbekistan,1 Pair of Jeans (Levis 501 Or Similar),46.5,-42.0
Uzbekistan,"1 Summer Dress in a Chain Store (Zara, H&M, ...)",45.73,-42.0
Uzbekistan,1 Pair of Nike Running Shoes (Mid-Range),98.58,-42.0
Uzbekistan,1 Pair of Men Leather Business Shoes,120.16,-42.0
Uzbekistan,Apartment (1 bedroom) in City Centre,549.96,-42.0
Uzbekistan,Apartment (1 bedroom) Outside of Centre,356.09,-42.0
Uzbekistan,Apartment (3 bedrooms) in City Centre,959.61,-42.0
Uzbekistan,Apartment (3 bedrooms) Outside of Centre,590.91,-42.0
Uzbekistan,Price per Square Meter to Buy Apartment in City Centre,1476.68,-42.0
Uzbekistan,Price per Square Meter to Buy Apartment Outside of Centre,804.12,-42.0
Uzbekistan,Average Monthly Net Salary (After Tax),452.4,-42.0
Uzbekistan,"Mortgage Interest Rate in Percentages (%), Yearly, for 20 Years Fixed-Rate",22.2,-42.0
Vanuatu,"Meal, Inexpensive Restaurant",11.26,92.2
Vanuatu,"Meal for 2 People, Mid-range Restaurant, Three-course",63.17,92.2
Vanuatu,McMeal at McDonalds (or Equivalent Combo Meal),9.61,92.2
Vanuatu,Domestic Beer (0.5 liter draught),4.61,92.2
Vanuatu,Imported Beer (0.33 liter bottle),4.21,92.2
Vanuatu,Cappuccino (regular),5.1,92.2
Vanuatu,Coke/Pepsi (0.33 liter bottle),2.17,92.2
Vanuatu,Water (0.33 liter bottle),1.74,92.2
Vanuatu,"Milk (regular), (1 liter)",2.41,92.2
Vanuatu,Loaf of Fresh White Bread (500g),2.81,92.2
Vanuatu,"Rice (white), (1kg)",3.75,92.2
Vanuatu,Eggs (regular) (12),5.29,92.2
Vanuatu,Local Cheese (1kg),20.22,92.2
Vanuatu,Chicken Fillets (1kg),16.85,92.2
Vanuatu,Beef Round (1kg) (or Equivalent Back Leg Red Meat),17.01,92.2
Vanuatu,Apples (1kg),4.74,92.2
Vanuatu,Banana (1kg),2.87,92.2
Vanuatu,Oranges (1kg),5.24,92.2
Vanuatu,Tomato (1kg),4.72,92.2
Vanuatu,Potato (1kg),5.14,92.2
Vanuatu,Onion (1kg),2.89,92.2
Vanuatu,Lettuce (1 head),2.53,92.2
Vanuatu,Water (1.5 liter bottle),1.36,92.2
Vanuatu,Bottle of Wine (Mid-Range),14.74,92.2
Vanuatu,Domestic Beer (0.5 liter bottle),3.2,92.2
Vanuatu,Imported Beer (0.33 liter bottle),2.95,92.2
Vanuatu,Cigarettes 20 Pack (Marlboro),9.43,92.2
Vanuatu,One-way Ticket (Local Transport),1.68,92.2
Vanuatu,Monthly Pass (Regular Price),67.38,92.2
Vanuatu,Taxi Start (Normal Tariff),2.11,92.2
Vanuatu,Taxi 1km (Normal Tariff),0.77,92.2
Vanuatu,Taxi 1hour Waiting (Normal Tariff),5.05,92.2
Vanuatu,Gasoline (1 liter),1.9,92.2
Vanuatu,Volkswagen Golf 1.4 90 KW Trendline (Or Equivalent New Car),23163.36,92.2
Vanuatu,Toyota Corolla Sedan 1.6l 97kW Comfort (Or Equivalent New Car),37903.67,92.2
Vanuatu,"Basic (Electricity, Heating, Cooling, Water, Garbage) for 85m2 Apartment",454.84,92.2
Vanuatu,Mobile Phone Monthly Plan with Calls and 10GB+ Data,25.27,92.2
Vanuatu,"Internet (60 Mbps or More, Unlimited Data, Cable/ADSL)",228.83,92.2
Vanuatu,"Fitness Club, Monthly Fee for 1 Adult",63.17,92.2
Vanuatu,Tennis Court Rent (1 Hour on Weekend),16.85,92.2
Vanuatu,"Cinema, International Release, 1 Seat",12.63,92.2
Vanuatu,"Preschool (or Kindergarten), Full Day, Private, Monthly for 1 Child",447.82,92.2
Vanuatu,"International Primary School, Yearly for 1 Child",6356.59,92.2
Vanuatu,1 Pair of Jeans (Levis 501 Or Similar),46.33,92.2
Vanuatu,"1 Summer Dress in a Chain Store (Zara, H&M, ...)",67.38,92.2
Vanuatu,1 Pair of Nike Running Shoes (Mid-Range),101.08,92.2
Vanuatu,1 Pair of Men Leather Business Shoes,50.54,92.2
Vanuatu,Apartment (1 bedroom) in City Centre,2074.56,92.2
Vanuatu,Apartment (1 bedroom) Outside of Centre,1604.35,92.2
Vanuatu,Apartment (3 bedrooms) in City Centre,2302.14,92.2
Vanuatu,Apartment (3 bedrooms) Outside of Centre,2157.27,92.2
Vanuatu,Price per Square Meter to Buy Apartment in City Centre,3326.14,92.2
Vanuatu,Price per Square Meter to Buy Apartment Outside of Centre,2015.21,92.2
Vanuatu,Average Monthly Net Salary (After Tax),442.46,92.2
Vanuatu,"Mortgage Interest Rate in Percentages (%), Yearly, for 20 Years Fixed-Rate",8.0,92.2
Venezuela,"Meal, Inexpensive Restaurant",10.0,-72.9
Venezuela,"Meal for 2 People, Mid-range Restaurant, Three-course",50.0,-72.9
Venezuela,McMeal at McDonalds (or Equivalent Combo Meal),10.0,-72.9
Venezuela,Domestic Beer (0.5 liter draught),1.5,-72.9
Venezuela,Imported Beer (0.33 liter bottle),2.7,-72.9
Venezuela,Cappuccino (regular),2.21,-72.9
Venezuela,Coke/Pepsi (0.33 liter bottle),1.28,-72.9
Venezuela,Water (0.33 liter bottle),0.97,-72.9
Venezuela,"Milk (regular), (1 liter)",1.87,-72.9
Venezuela,Loaf of Fresh White Bread (500g),1.75,-72.9
Venezuela,"Rice (white), (1kg)",1.27,-72.9
Venezuela,Eggs (regular) (12),2.52,-72.9
Venezuela,Local Cheese (1kg),5.83,-72.9
Venezuela,Chicken Fillets (1kg),6.51,-72.9
Venezuela,Beef Round (1kg) (or Equivalent Back Leg Red Meat),6.86,-72.9
Venezuela,Apples (1kg),4.77,-72.9
Venezuela,Banana (1kg),1.37,-72.9
Venezuela,Oranges (1kg),1.67,-72.9
Venezuela,Tomato (1kg),1.86,-72.9
Venezuela,Potato (1kg),1.8,-72.9
Venezuela,Onion (1kg),1.9,-72.9
Venezuela,Lettuce (1 head),1.19,-72.9
Venezuela,Water (1.5 liter bottle),1.48,-72.9
Venezuela,Bottle of Wine (Mid-Range),8.0,-72.9
Venezuela,Domestic Beer (0.5 liter bottle),1.22,-72.9
Venezuela,Imported Beer (0.33 liter bottle),1.97,-72.9
Venezuela,Cigarettes 20 Pack (Marlboro),3.69,-72.9
Venezuela,One-way Ticket (Local Transport),0.5,-72.9
Venezuela,Monthly Pass (Regular Price),30.0,-72.9
Venezuela,Taxi Start (Normal Tariff),4.0,-72.9
Venezuela,Taxi 1km (Normal Tariff),3.0,-72.9
Venezuela,Taxi 1hour Waiting (Normal Tariff),10.0,-72.9
Venezuela,Gasoline (1 liter),0.5,-72.9
Venezuela,Volkswagen Golf 1.4 90 KW Trendline (Or Equivalent New Car),30000.0,-72.9
Venezuela,Toyota Corolla Sedan 1.6l 97kW Comfort (Or Equivalent New Car),37714.29,-72.9
Venezuela,"Basic (Electricity, Heating, Cooling, Water, Garbage) for 85m2 Apartment",18.35,-72.9
Venezuela,Mobile Phone Monthly Plan with Calls and 10GB+ Data,13.16,-72.9
Venezuela,"Internet (60 Mbps or More, Unlimited Data, Cable/ADSL)",37.44,-72.9
Venezuela,"Fitness Club, Monthly Fee for 1 Adult",37.0,-72.9
Venezuela,Tennis Court Rent (1 Hour on Weekend),13.39,-72.9
Venezuela,"Cinema, International Release, 1 Seat",5.0,-72.9
Venezuela,"Preschool (or Kindergarten), Full Day, Private, Monthly for 1 Child",63.12,-72.9
Venezuela,"International Primary School, Yearly for 1 Child",6542.86,-72.9
Venezuela,1 Pair of Jeans (Levis 501 Or Similar),47.15,-72.9
Venezuela,"1 Summer Dress in a Chain Store (Zara, H&M, ...)",39.0,-72.9
Venezuela,1 Pair of Nike Running Shoes (Mid-Range),81.72,-72.9
Venezuela,1 Pair of Men Leather Business Shoes,71.88,-72.9
Venezuela,Apartment (1 bedroom) in City Centre,224.67,-72.9
Venezuela,Apartment (1 bedroom) Outside of Centre,195.85,-72.9
Venezuela,Apartment (3 bedrooms) in City Centre,402.17,-72.9
Venezuela,Apartment (3 bedrooms) Outside of Centre,325.19,-72.9
Venezuela,Price per Square Meter to Buy Apartment in City Centre,559.17,-72.9
Venezuela,Price per Square Meter to Buy Apartment Outside of Centre,684.18,-72.9
Venezuela,Average Monthly Net Salary (After Tax),186.74,-72.9
Venezuela,"Mortgage Interest Rate in Percentages (%), Yearly, for 20 Years Fixed-Rate",23.89,-72.9
Vietnam,"Meal, Inexpensive Restaurant",1.97,-55.6
Vietnam,"Meal for 2 People, Mid-range Restaurant, Three-course",23.63,-55.6
Vietnam,McMeal at McDonalds (or Equivalent Combo Meal),4.73,-55.6
Vietnam,Domestic Beer (0.5 liter draught),0.98,-55.6
Vietnam,Imported Beer (0.33 liter bottle),1.69,-55.6
Vietnam,Cappuccino (regular),1.71,-55.6
Vietnam,Coke/Pepsi (0.33 liter bottle),0.5,-55.6
Vietnam,Water (0.33 liter bottle),0.3,-55.6
Vietnam,"Milk (regular), (1 liter)",1.45,-55.6
Vietnam,Loaf of Fresh White Bread (500g),0.99,-55.6
Vietnam,"Rice (white), (1kg)",0.91,-55.6
Vietnam,Eggs (regular) (12),1.53,-55.6
Vietnam,Local Cheese (1kg),11.6,-55.6
Vietnam,Chicken Fillets (1kg),3.69,-55.6
Vietnam,Beef Round (1kg) (or Equivalent Back Leg Red Meat),10.3,-55.6
Vietnam,Apples (1kg),3.06,-55.6
Vietnam,Banana (1kg),1.0,-55.6
Vietnam,Oranges (1kg),1.4,-55.6
Vietnam,Tomato (1kg),1.1,-55.6
Vietnam,Potato (1kg),1.18,-55.6
Vietnam,Onion (1kg),1.17,-55.6
Vietnam,Lettuce (1 head),0.77,-55.6
Vietnam,Water (1.5 liter bottle),0.49,-55.6
Vietnam,Bottle of Wine (Mid-Range),9.85,-55.6
Vietnam,Domestic Beer (0.5 liter bottle),0.8,-55.6
Vietnam,Imported Beer (0.33 liter bottle),1.38,-55.6
Vietnam,Cigarettes 20 Pack (Marlboro),1.3,-55.6
Vietnam,One-way Ticket (Local Transport),0.28,-55.6
Vietnam,Monthly Pass (Regular Price),7.88,-55.6
Vietnam,Taxi Start (Normal Tariff),0.61,-55.6
Vietnam,Taxi 1km (Normal Tariff),0.63,-55.6
Vietnam,Taxi 1hour Waiting (Normal Tariff),3.94,-55.6
Vietnam,Gasoline (1 liter),0.94,-55.6
Vietnam,Volkswagen Golf 1.4 90 KW Trendline (Or Equivalent New Car),36628.04,-55.6
Vietnam,Toyota Corolla Sedan 1.6l 97kW Comfort (Or Equivalent New Car),32385.49,-55.6
Vietnam,"Basic (Electricity, Heating, Cooling, Water, Garbage) for 85m2 Apartment",64.86,-55.6
Vietnam,Mobile Phone Monthly Plan with Calls and 10GB+ Data,5.74,-55.6
Vietnam,"Internet (60 Mbps or More, Unlimited Data, Cable/ADSL)",9.23,-55.6
Vietnam,"Fitness Club, Monthly Fee for 1 Adult",23.65,-55.6
Vietnam,Tennis Court Rent (1 Hour on Weekend),8.42,-55.6
Vietnam,"Cinema, International Release, 1 Seat",3.94,-55.6
Vietnam,"Preschool (or Kindergarten), Full Day, Private, Monthly for 1 Child",233.02,-55.6
Vietnam,"International Primary School, Yearly for 1 Child",13094.47,-55.6
Vietnam,1 Pair of Jeans (Levis 501 Or Similar),30.13,-55.6
Vietnam,"1 Summer Dress in a Chain Store (Zara, H&M, ...)",25.3,-55.6
Vietnam,1 Pair of Nike Running Shoes (Mid-Range),89.35,-55.6
Vietnam,1 Pair of Men Leather Business Shoes,81.5,-55.6
Vietnam,Apartment (1 bedroom) in City Centre,350.86,-55.6
Vietnam,Apartment (1 bedroom) Outside of Centre,232.83,-55.6
Vietnam,Apartment (3 bedrooms) in City Centre,794.92,-55.6
Vietnam,Apartment (3 bedrooms) Outside of Centre,502.33,-55.6
Vietnam,Price per Square Meter to Buy Apartment in City Centre,2798.87,-55.6
Vietnam,Price per Square Meter to Buy Apartment Outside of Centre,1547.83,-55.6
Vietnam,Average Monthly Net Salary (After Tax),451.98,-55.6
Vietnam,"Mortgage Interest Rate in Percentages (%), Yearly, for 20 Years Fixed-Rate",9.9,-55.6
Wallis And Futuna,"Meal, Inexpensive Restaurant",10.79,
Wallis And Futuna,"Meal for 2 People, Mid-range Restaurant, Three-course",107.88,
Wallis And Futuna,McMeal at McDonalds (or Equivalent Combo Meal),,
Wallis And Futuna,Domestic Beer (0.5 liter draught),,
Wallis And Futuna,Imported Beer (0.33 liter bottle),5.39,
Wallis And Futuna,Cappuccino (regular),7.55,
Wallis And Futuna,Coke/Pepsi (0.33 liter bottle),5.39,
Wallis And Futuna,Water (0.33 liter bottle),3.24,
Wallis And Futuna,"Milk (regular), (1 liter)",,
Wallis And Futuna,Loaf of Fresh White Bread (500g),,
Wallis And Futuna,"Rice (white), (1kg)",,
Wallis And Futuna,Eggs (regular) (12),,
Wallis And Futuna,Local Cheese (1kg),,
Wallis And Futuna,Chicken Fillets (1kg),,
Wallis And Futuna,Beef Round (1kg) (or Equivalent Back Leg Red Meat),,
Wallis And Futuna,Apples (1kg),,
Wallis And Futuna,Banana (1kg),,
Wallis And Futuna,Oranges (1kg),,
Wallis And Futuna,Tomato (1kg),,
Wallis And Futuna,Potato (1kg),,
Wallis And Futuna,Onion (1kg),,
Wallis And Futuna,Lettuce (1 head),10.79,
Wallis And Futuna,Water (1.5 liter bottle),4.32,
Wallis And Futuna,Bottle of Wine (Mid-Range),16.18,
Wallis And Futuna,Domestic Beer (0.5 liter bottle),,
Wallis And Futuna,Imported Beer (0.33 liter bottle),,
Wallis And Futuna,Cigarettes 20 Pack (Marlboro),16.18,
Wallis And Futuna,One-way Ticket (Local Transport),,
Wallis And Futuna,Monthly Pass (Regular Price),,
Wallis And Futuna,Taxi Start (Normal Tariff),,
Wallis And Futuna,Taxi 1km (Normal Tariff),,
Wallis And Futuna,Taxi 1hour Waiting (Normal Tariff),,
Wallis And Futuna,Gasoline (1 liter),,
Wallis And Futuna,Volkswagen Golf 1.4 90 KW Trendline (Or Equivalent New Car),,
Wallis And Futuna,Toyota Corolla Sedan 1.6l 97kW Comfort (Or Equivalent New Car),,
Wallis And Futuna,"Basic (Electricity, Heating, Cooling, Water, Garbage) for 85m2 Apartment",140.24,
Wallis And Futuna,Mobile Phone Monthly Plan with Calls and 10GB+ Data,107.88,
Wallis And Futuna,"Internet (60 Mbps or More, Unlimited Data, Cable/ADSL)",3236.32,
Wallis And Futuna,"Fitness Club, Monthly Fee for 1 Adult",,
Wallis And Futuna,Tennis Court Rent (1 Hour on Weekend),,
Wallis And Futuna,"Cinema, International Release, 1 Seat",,
Wallis And Futuna,"Preschool (or Kindergarten), Full Day, Private, Monthly for 1 Child",0.0,
Wallis And Futuna,"International Primary School, Yearly for 1 Child",0.0,
Wallis And Futuna,1 Pair of Jeans (Levis 501 Or Similar),215.75,
Wallis And Futuna,"1 Summer Dress in a Chain Store (Zara, H&M, ...)",86.3,
Wallis And Futuna,1 Pair of Nike Running Shoes (Mid-Range),215.75,
Wallis And Futuna,1 Pair of Men Leather Business Shoes,269.69,
Wallis And Futuna,Apartment (1 bedroom) in City Centre,863.02,
Wallis And Futuna,Apartment (1 bedroom) Outside of Centre,863.02,
Wallis And Futuna,Apartment (3 bedrooms) in City Centre,2157.55,
Wallis And Futuna,Apartment (3 bedrooms) Outside of Centre,2157.55,
Wallis And Futuna,Price per Square Meter to Buy Apartment in City Centre,,
Wallis And Futuna,Price per Square Meter to Buy Apartment Outside of Centre,,
Wallis And Futuna,Average Monthly Net Salary (After Tax),3236.32,
Wallis And Futuna,"Mortgage Interest Rate in Percentages (%), Yearly, for 20 Years Fixed-Rate",,
Western Sahara,"Meal, Inexpensive Restaurant",3.6,
Western Sahara,"Meal for 2 People, Mid-range Restaurant, Three-course",26.97,
Western Sahara,McMeal at McDonalds (or Equivalent Combo Meal),4.33,
Western Sahara,Domestic Beer (0.5 liter draught),3.24,
Western Sahara,Imported Beer (0.33 liter bottle),4.32,
Western Sahara,Cappuccino (regular),1.53,
Western Sahara,Coke/Pepsi (0.33 liter bottle),0.47,
Western Sahara,Water (0.33 liter bottle),0.31,
Western Sahara,"Milk (regular), (1 liter)",0.76,
Western Sahara,Loaf of Fresh White Bread (500g),0.54,
Western Sahara,"Rice (white), (1kg)",1.73,
Western Sahara,Eggs (regular) (12),1.29,
Western Sahara,Local Cheese (1kg),10.79,
Western Sahara,Chicken Fillets (1kg),3.24,
Western Sahara,Beef Round (1kg) (or Equivalent Back Leg Red Meat),8.63,
Western Sahara,Apples (1kg),1.4,
Western Sahara,Banana (1kg),1.08,
Western Sahara,Oranges (1kg),0.65,
Western Sahara,Tomato (1kg),0.54,
Western Sahara,Potato (1kg),0.43,
Western Sahara,Onion (1kg),0.32,
Western Sahara,Lettuce (1 head),0.86,
Western Sahara,Water (1.5 liter bottle),0.54,
Western Sahara,Bottle of Wine (Mid-Range),,
Western Sahara,Domestic Beer (0.5 liter bottle),,
Western Sahara,Imported Beer (0.33 liter bottle),3.24,
Western Sahara,Cigarettes 20 Pack (Marlboro),,
Western Sahara,One-way Ticket (Local Transport),0.54,
Western Sahara,Monthly Pass (Regular Price),10.79,
Western Sahara,Taxi Start (Normal Tariff),0.69,
Western Sahara,Taxi 1km (Normal Tariff),0.69,
Western Sahara,Taxi 1hour Waiting (Normal Tariff),,
Western Sahara,Gasoline (1 liter),1.18,
Western Sahara,Volkswagen Golf 1.4 90 KW Trendline (Or Equivalent New Car),36786.16,
Western Sahara,Toyota Corolla Sedan 1.6l 97kW Comfort (Or Equivalent New Car),24811.78,
Western Sahara,"Basic (Electricity, Heating, Cooling, Water, Garbage) for 85m2 Apartment",30.57,
Western Sahara,Mobile Phone Monthly Plan with Calls and 10GB+ Data,,
Western Sahara,"Internet (60 Mbps or More, Unlimited Data, Cable/ADSL)",20.82,
Western Sahara,"Fitness Club, Monthly Fee for 1 Adult",21.58,
Western Sahara,Tennis Court Rent (1 Hour on Weekend),32.36,
Western Sahara,"Cinema, International Release, 1 Seat",3.24,
Western Sahara,"Preschool (or Kindergarten), Full Day, Private, Monthly for 1 Child",269.69,
Western Sahara,"International Primary School, Yearly for 1 Child",3236.32,
Western Sahara,1 Pair of Jeans (Levis 501 Or Similar),32.36,
Western Sahara,"1 Summer Dress in a Chain Store (Zara, H&M, ...)",53.94,
Western Sahara,1 Pair of Nike Running Shoes (Mid-Range),70.12,
Western Sahara,1 Pair of Men Leather Business Shoes,75.51,
Western Sahara,Apartment (1 bedroom) in City Centre,323.63,
Western Sahara,Apartment (1 bedroom) Outside of Centre,161.82,
Western Sahara,Apartment (3 bedrooms) in City Centre,647.26,
Western Sahara,Apartment (3 bedrooms) Outside of Centre,269.69,
Western Sahara,Price per Square Meter to Buy Apartment in City Centre,604.11,
Western Sahara,Price per Square Meter to Buy Apartment Outside of Centre,496.24,
Western Sahara,Average Monthly Net Salary (After Tax),215.75,
Western Sahara,"Mortgage Interest Rate in Percentages (%), Yearly, for 20 Years Fixed-Rate",,
Yemen,"Meal, Inexpensive Restaurant",7.39,-70.4
Yemen,"Meal for 2 People, Mid-range Restaurant, Three-course",23.97,-70.4
Yemen,McMeal at McDonalds (or Equivalent Combo Meal),9.99,-70.4
Yemen,Domestic Non-Alcoholic Beer (0.5 liter draught),3.0,-70.4
Yemen,Imported Non-Alcoholic Beer (0.33 liter bottle),3.6,-70.4
Yemen,Cappuccino (regular),3.97,-70.4
Yemen,Coke/Pepsi (0.33 liter bottle),1.53,-70.4
Yemen,Water (0.33 liter bottle),0.68,-70.4
Yemen,"Milk (regular), (1 liter)",2.37,-70.4
Yemen,Loaf of Fresh White Bread (500g),1.34,-70.4
Yemen,"Rice (white), (1kg)",3.89,-70.4
Yemen,Eggs (regular) (12),4.42,-70.4
Yemen,Local Cheese (1kg),8.13,-70.4
Yemen,Chicken Fillets (1kg),10.38,-70.4
Yemen,Beef Round (1kg) (or Equivalent Back Leg Red Meat),24.29,-70.4
Yemen,Apples (1kg),5.48,-70.4
Yemen,Banana (1kg),1.73,-70.4
Yemen,Oranges (1kg),4.35,-70.4
Yemen,Tomato (1kg),2.57,-70.4
Yemen,Potato (1kg),2.17,-70.4
Yemen,Onion (1kg),1.91,-70.4
Yemen,Lettuce (1 head),0.65,-70.4
Yemen,Water (1.5 liter bottle),1.02,-70.4
Yemen,Bottle of Non-Alcoholic Wine (Mid-Range),2.0,-70.4
Yemen,Domestic Non-Alcoholic Beer (0.5 liter bottle),1.5,-70.4
Yemen,Imported Non-Alcoholic Beer (0.33 liter bottle),4.0,-70.4
Yemen,Cigarettes 20 Pack (Marlboro),4.4,-70.4
Yemen,One-way Ticket (Local Transport),0.6,-70.4
Yemen,Monthly Pass (Regular Price),63.93,-70.4
Yemen,Taxi Start (Normal Tariff),3.0,-70.4
Yemen,Taxi 1km (Normal Tariff),4.0,-70.4
Yemen,Taxi 1hour Waiting (Normal Tariff),6.0,-70.4
Yemen,Gasoline (1 liter),2.74,-70.4
Yemen,Volkswagen Golf 1.4 90 KW Trendline (Or Equivalent New Car),15983.19,-70.4
Yemen,Toyota Corolla Sedan 1.6l 97kW Comfort (Or Equivalent New Car),41570.58,-70.4
Yemen,"Basic (Electricity, Heating, Cooling, Water, Garbage) for 85m2 Apartment",85.62,-70.4
Yemen,Mobile Phone Monthly Plan with Calls and 10GB+ Data,13.67,-70.4
Yemen,"Internet (60 Mbps or More, Unlimited Data, Cable/ADSL)",59.55,-70.4
Yemen,"Fitness Club, Monthly Fee for 1 Adult",61.95,-70.4
Yemen,Tennis Court Rent (1 Hour on Weekend),15.82,-70.4
Yemen,"Cinema, International Release, 1 Seat",5.59,-70.4
Yemen,"Preschool (or Kindergarten), Full Day, Private, Monthly for 1 Child",67.72,-70.4
Yemen,"International Primary School, Yearly for 1 Child",2136.88,-70.4
Yemen,1 Pair of Jeans (Levis 501 Or Similar),62.28,-70.4
Yemen,"1 Summer Dress in a Chain Store (Zara, H&M, ...)",81.91,-70.4
Yemen,1 Pair of Nike Running Shoes (Mid-Range),73.69,-70.4
Yemen,1 Pair of Men Leather Business Shoes,100.19,-70.4
Yemen,Apartment (1 bedroom) in City Centre,218.15,-70.4
Yemen,Apartment (1 bedroom) Outside of Centre,141.71,-70.4
Yemen,Apartment (3 bedrooms) in City Centre,531.57,-70.4
Yemen,Apartment (3 bedrooms) Outside of Centre,363.02,-70.4
Yemen,Price per Square Meter to Buy Apartment in City Centre,1296.14,-70.4
Yemen,Price per Square Meter to Buy Apartment Outside of Centre,782.77,-70.4
Yemen,Average Monthly Net Salary (After Tax),335.56,-70.4
Yemen,"Mortgage Interest Rate in Percentages (%), Yearly, for 20 Years Fixed-Rate",12.67,-70.4
Zambia,"Meal, Inexpensive Restaurant",6.94,-54.5
Zambia,"Meal for 2 People, Mid-range Restaurant, Three-course",26.75,-54.5
Zambia,McMeal at McDonalds (or Equivalent Combo Meal),3.84,-54.5
Zambia,Domestic Beer (0.5 liter draught),0.9,-54.5
Zambia,Imported Beer (0.33 liter bottle),1.43,-54.5
Zambia,Cappuccino (regular),2.15,-54.5
Zambia,Coke/Pepsi (0.33 liter bottle),0.69,-54.5
Zambia,Water (0.33 liter bottle),0.34,-54.5
Zambia,"Milk (regular), (1 liter)",1.33,-54.5
Zambia,Loaf of Fresh White Bread (500g),0.84,-54.5
Zambia,"Rice (white), (1kg)",2.25,-54.5
Zambia,Eggs (regular) (12),1.63,-54.5
Zambia,Local Cheese (1kg),7.09,-54.5
Zambia,Chicken Fillets (1kg),4.22,-54.5
Zambia,Beef Round (1kg) (or Equivalent Back Leg Red Meat),5.14,-54.5
Zambia,Apples (1kg),2.43,-54.5
Zambia,Banana (1kg),1.51,-54.5
Zambia,Oranges (1kg),2.53,-54.5
Zambia,Tomato (1kg),1.39,-54.5
Zambia,Potato (1kg),2.38,-54.5
Zambia,Onion (1kg),1.66,-54.5
Zambia,Lettuce (1 head),0.97,-54.5
Zambia,Water (1.5 liter bottle),0.65,-54.5
Zambia,Bottle of Wine (Mid-Range),6.47,-54.5
Zambia,Domestic Beer (0.5 liter bottle),0.93,-54.5
Zambia,Imported Beer (0.33 liter bottle),1.37,-54.5
Zambia,Cigarettes 20 Pack (Marlboro),2.27,-54.5
Zambia,One-way Ticket (Local Transport),1.45,-54.5
Zambia,Monthly Pass (Regular Price),38.52,-54.5
Zambia,Taxi Start (Normal Tariff),2.87,-54.5
Zambia,Taxi 1km (Normal Tariff),1.05,-54.5
Zambia,Taxi 1hour Waiting (Normal Tariff),9.2,-54.5
Zambia,Gasoline (1 liter),1.29,-54.5
Zambia,Volkswagen Golf 1.4 90 KW Trendline (Or Equivalent New Car),8004.53,-54.5
Zambia,Toyota Corolla Sedan 1.6l 97kW Comfort (Or Equivalent New Car),28559.57,-54.5
Zambia,"Basic (Electricity, Heating, Cooling, Water, Garbage) for 85m2 Apartment",100.16,-54.5
Zambia,Mobile Phone Monthly Plan with Calls and 10GB+ Data,87.12,-54.5
Zambia,"Internet (60 Mbps or More, Unlimited Data, Cable/ADSL)",134.15,-54.5
Zambia,"Fitness Club, Monthly Fee for 1 Adult",43.9,-54.5
Zambia,Tennis Court Rent (1 Hour on Weekend),13.82,-54.5
Zambia,"Cinema, International Release, 1 Seat",3.5,-54.5
Zambia,"Preschool (or Kindergarten), Full Day, Private, Monthly for 1 Child",176.79,-54.5
Zambia,"International Primary School, Yearly for 1 Child",6570.42,-54.5
Zambia,1 Pair of Jeans (Levis 501 Or Similar),18.43,-54.5
Zambia,"1 Summer Dress in a Chain Store (Zara, H&M, ...)",17.57,-54.5
Zambia,1 Pair of Nike Running Shoes (Mid-Range),86.25,-54.5
Zambia,1 Pair of Men Leather Business Shoes,84.93,-54.5
Zambia,Apartment (1 bedroom) in City Centre,240.91,-54.5
Zambia,Apartment (1 bedroom) Outside of Centre,114.96,-54.5
Zambia,Apartment (3 bedrooms) in City Centre,891.3,-54.5
Zambia,Apartment (3 bedrooms) Outside of Centre,679.8,-54.5
Zambia,Price per Square Meter to Buy Apartment in City Centre,2000.0,-54.5
Zambia,Price per Square Meter to Buy Apartment Outside of Centre,6333.11,-54.5
Zambia,Average Monthly Net Salary (After Tax),287.66,-54.5
Zambia,"Mortgage Interest Rate in Percentages (%), Yearly, for 20 Years Fixed-Rate",21.25,-54.5
Zimbabwe,"Meal, Inexpensive Restaurant",6.0,-59.2
Zimbabwe,"Meal for 2 People, Mid-range Restaurant, Three-course",50.0,-59.2
Zimbabwe,McMeal at McDonalds (or Equivalent Combo Meal),5.0,-59.2
Zimbabwe,Domestic Beer (0.5 liter draught),1.5,-59.2
Zimbabwe,Imported Beer (0.33 liter bottle),2.0,-59.2
Zimbabwe,Cappuccino (regular),2.86,-59.2
Zimbabwe,Coke/Pepsi (0.33 liter bottle),0.78,-59.2
Zimbabwe,Water (0.33 liter bottle),0.52,-59.2
Zimbabwe,"Milk (regular), (1 liter)",1.56,-59.2
Zimbabwe,Loaf of Fresh White Bread (500g),1.01,-59.2
Zimbabwe,"Rice (white), (1kg)",1.6,-59.2
Zimbabwe,Eggs (regular) (12),2.14,-59.2
Zimbabwe,Local Cheese (1kg),8.58,-59.2
Zimbabwe,Chicken Fillets (1kg),5.52,-59.2
Zimbabwe,Beef Round (1kg) (or Equivalent Back Leg Red Meat),5.73,-59.2
Zimbabwe,Apples (1kg),2.76,-59.2
Zimbabwe,Banana (1kg),1.76,-59.2
Zimbabwe,Oranges (1kg),2.17,-59.2
Zimbabwe,Tomato (1kg),1.72,-59.2
Zimbabwe,Potato (1kg),1.38,-59.2
Zimbabwe,Onion (1kg),1.88,-59.2
Zimbabwe,Lettuce (1 head),0.82,-59.2
Zimbabwe,Water (1.5 liter bottle),1.08,-59.2
Zimbabwe,Bottle of Wine (Mid-Range),7.0,-59.2
Zimbabwe,Domestic Beer (0.5 liter bottle),1.2,-59.2
Zimbabwe,Imported Beer (0.33 liter bottle),1.82,-59.2
Zimbabwe,Cigarettes 20 Pack (Marlboro),1.8,-59.2
Zimbabwe,One-way Ticket (Local Transport),1.0,-59.2
Zimbabwe,Monthly Pass (Regular Price),30.0,-59.2
Zimbabwe,Taxi Start (Normal Tariff),5.0,-59.2
Zimbabwe,Taxi 1km (Normal Tariff),2.0,-59.2
Zimbabwe,Taxi 1hour Waiting (Normal Tariff),5.0,-59.2
Zimbabwe,Gasoline (1 liter),1.61,-59.2
Zimbabwe,Volkswagen Golf 1.4 90 KW Trendline (Or Equivalent New Car),25000.0,-59.2
Zimbabwe,Toyota Corolla Sedan 1.6l 97kW Comfort (Or Equivalent New Car),27000.0,-59.2
Zimbabwe,"Basic (Electricity, Heating, Cooling, Water, Garbage) for 85m2 Apartment",54.68,-59.2
Zimbabwe,Mobile Phone Monthly Plan with Calls and 10GB+ Data,17.79,-59.2
Zimbabwe,"Internet (60 Mbps or More, Unlimited Data, Cable/ADSL)",107.58,-59.2
Zimbabwe,"Fitness Club, Monthly Fee for 1 Adult",53.33,-59.2
Zimbabwe,Tennis Court Rent (1 Hour on Weekend),11.0,-59.2
Zimbabwe,"Cinema, International Release, 1 Seat",10.0,-59.2
Zimbabwe,"Preschool (or Kindergarten), Full Day, Private, Monthly for 1 Child",231.11,-59.2
Zimbabwe,"International Primary School, Yearly for 1 Child",7700.0,-59.2
Zimbabwe,1 Pair of Jeans (Levis 501 Or Similar),20.36,-59.2
Zimbabwe,"1 Summer Dress in a Chain Store (Zara, H&M, ...)",20.0,-59.2
Zimbabwe,1 Pair of Nike Running Shoes (Mid-Range),39.62,-59.2
Zimbabwe,1 Pair of Men Leather Business Shoes,46.67,-59.2
Zimbabwe,Apartment (1 bedroom) in City Centre,299.47,-59.2
Zimbabwe,Apartment (1 bedroom) Outside of Centre,217.69,-59.2
Zimbabwe,Apartment (3 bedrooms) in City Centre,713.89,-59.2
Zimbabwe,Apartment (3 bedrooms) Outside of Centre,495.79,-59.2
Zimbabwe,Price per Square Meter to Buy Apartment in City Centre,1050.0,-59.2
Zimbabwe,Price per Square Meter to Buy Apartment Outside of Centre,1424.13,-59.2
Zimbabwe,Average Monthly Net Salary (After Tax),343.64,-59.2
Zimbabwe,"Mortgage Interest Rate in Percentages (%), Yearly, for 20 Years Fixed-Rate",14.64,-59.2
